-- MySQL dump 10.13  Distrib 8.0.44, for Linux (x86_64)
--
-- Host: 194.5.156.145    Database: u331630961_consultech
-- ------------------------------------------------------
-- Server version	11.8.3-MariaDB-log

/*!40101 SET @OLD_CHARACTER_SET_CLIENT=@@CHARACTER_SET_CLIENT */;
/*!40101 SET @OLD_CHARACTER_SET_RESULTS=@@CHARACTER_SET_RESULTS */;
/*!40101 SET @OLD_COLLATION_CONNECTION=@@COLLATION_CONNECTION */;
/*!50503 SET NAMES utf8mb4 */;
/*!40103 SET @OLD_TIME_ZONE=@@TIME_ZONE */;
/*!40103 SET TIME_ZONE='+00:00' */;
/*!40014 SET @OLD_UNIQUE_CHECKS=@@UNIQUE_CHECKS, UNIQUE_CHECKS=0 */;
/*!40014 SET @OLD_FOREIGN_KEY_CHECKS=@@FOREIGN_KEY_CHECKS, FOREIGN_KEY_CHECKS=0 */;
/*!40101 SET @OLD_SQL_MODE=@@SQL_MODE, SQL_MODE='NO_AUTO_VALUE_ON_ZERO' */;
/*!40111 SET @OLD_SQL_NOTES=@@SQL_NOTES, SQL_NOTES=0 */;

--
-- Table structure for table `agendamentos`
--

DROP TABLE IF EXISTS `agendamentos`;
/*!40101 SET @saved_cs_client     = @@character_set_client */;
/*!50503 SET character_set_client = utf8mb4 */;
CREATE TABLE `agendamentos` (
  `id` int(11) NOT NULL AUTO_INCREMENT,
  `cliente_id` int(11) NOT NULL,
  `usuario_id` int(11) NOT NULL,
  `data_auditoria` date NOT NULL,
  `observacoes` text DEFAULT NULL,
  `data_criacao` timestamp NULL DEFAULT current_timestamp(),
  PRIMARY KEY (`id`),
  KEY `cliente_id` (`cliente_id`),
  KEY `usuario_id` (`usuario_id`),
  CONSTRAINT `agendamentos_ibfk_1` FOREIGN KEY (`cliente_id`) REFERENCES `clientes` (`id`) ON DELETE CASCADE,
  CONSTRAINT `agendamentos_ibfk_2` FOREIGN KEY (`usuario_id`) REFERENCES `usuarios` (`id`) ON DELETE CASCADE
) ENGINE=InnoDB AUTO_INCREMENT=18 DEFAULT CHARSET=utf8mb4 COLLATE=utf8mb4_0900_ai_ci;
/*!40101 SET character_set_client = @saved_cs_client */;

--
-- Dumping data for table `agendamentos`
--

LOCK TABLES `agendamentos` WRITE;
/*!40000 ALTER TABLE `agendamentos` DISABLE KEYS */;
/*!40000 ALTER TABLE `agendamentos` ENABLE KEYS */;
UNLOCK TABLES;

--
-- Table structure for table `arquivos`
--

DROP TABLE IF EXISTS `arquivos`;
/*!40101 SET @saved_cs_client     = @@character_set_client */;
/*!50503 SET character_set_client = utf8mb4 */;
CREATE TABLE `arquivos` (
  `id` int(11) NOT NULL AUTO_INCREMENT,
  `id_resposta` int(11) NOT NULL,
  `tipo` enum('Foto','Video','Arquivo') NOT NULL,
  `caminho` text NOT NULL,
  `dt_registro` datetime DEFAULT current_timestamp(),
  PRIMARY KEY (`id`),
  KEY `id_resposta` (`id_resposta`),
  CONSTRAINT `arquivos_ibfk_1` FOREIGN KEY (`id_resposta`) REFERENCES `respostas` (`id`) ON DELETE CASCADE
) ENGINE=InnoDB AUTO_INCREMENT=1620 DEFAULT CHARSET=utf8mb4 COLLATE=utf8mb4_0900_ai_ci;
/*!40101 SET character_set_client = @saved_cs_client */;

--
-- Dumping data for table `arquivos`
--

LOCK TABLES `arquivos` WRITE;
/*!40000 ALTER TABLE `arquivos` DISABLE KEYS */;
INSERT INTO `arquivos` VALUES (180,1150,'Foto','/uploads_img/1760898858132-397714439.webp','2025-10-19 18:42:55'),(281,1352,'Foto','/uploads_img/1761072153304-669376290.webp','2025-10-21 18:44:23'),(285,3545,'Foto','/uploads_img/1761652137886-137349733.webp','2025-10-28 11:49:20'),(286,3551,'Foto','/uploads_img/1761652240480-754360215.webp','2025-10-28 11:50:44'),(287,3563,'Foto','/uploads_img/1761653634876-177634296.webp','2025-10-28 12:14:00'),(288,3566,'Foto','/uploads_img/1761653663631-262092412.webp','2025-10-28 12:14:26'),(289,3573,'Foto','/uploads_img/1761653794451-318257838.webp','2025-10-28 12:16:38'),(290,3616,'Foto','/uploads_img/1761654655979-146652486.webp','2025-10-28 12:31:00'),(291,3618,'Foto','/uploads_img/1761654695169-472165352.webp','2025-10-28 12:31:39'),(294,3635,'Foto','/uploads_img/1761654935576-134631097.webp','2025-10-28 12:35:55'),(305,3645,'Foto','/uploads_img/1761655043783-91136849.webp','2025-10-28 12:38:39'),(306,3645,'Foto','/uploads_img/1761655075421-124604722.webp','2025-10-28 12:38:39'),(325,5901,'Foto','https://res.cloudinary.com/duomesjre/image/upload/v1762541156/evidencias_consultech/etiquetaun1-1762541155281-584661168.jpg','2025-11-07 18:46:07'),(326,3666,'Foto','https://res.cloudinary.com/duomesjre/image/upload/v1762820466/evidencias_consultech/image-1762820464886-586188900.jpg','2025-11-11 00:21:08'),(338,5985,'Foto','https://res.cloudinary.com/duomesjre/image/upload/v1763067946/evidencias_consultech/image-1763067945350-136180015.jpg','2025-11-13 21:06:41'),(343,6001,'Foto','https://res.cloudinary.com/duomesjre/image/upload/v1763068172/evidencias_consultech/image-1763068169993-608278487.jpg','2025-11-13 21:10:46'),(345,5984,'Foto','https://res.cloudinary.com/duomesjre/image/upload/v1763068274/evidencias_consultech/image-1763068272945-651622072.jpg','2025-11-13 21:11:20'),(363,6011,'Foto','https://res.cloudinary.com/duomesjre/image/upload/v1763068908/evidencias_consultech/image-1763068901642-725808950.jpg','2025-11-13 21:23:11'),(364,6011,'Foto','https://res.cloudinary.com/duomesjre/image/upload/v1763068617/evidencias_consultech/image-1763068616412-350896405.jpg','2025-11-13 21:23:11'),(367,6022,'Foto','https://res.cloudinary.com/duomesjre/image/upload/v1763068828/evidencias_consultech/image-1763068809700-137114270.jpg','2025-11-13 21:23:39'),(368,6022,'Foto','https://res.cloudinary.com/duomesjre/image/upload/v1763069017/evidencias_consultech/image-1763069015983-143281787.jpg','2025-11-13 21:23:39'),(376,6036,'Foto','https://res.cloudinary.com/duomesjre/image/upload/v1763069229/evidencias_consultech/image-1763069228598-936234009.jpg','2025-11-13 21:33:53'),(377,6036,'Foto','https://res.cloudinary.com/duomesjre/image/upload/v1763069152/evidencias_consultech/image-1763069150500-825567759.jpg','2025-11-13 21:33:53'),(390,6050,'Foto','https://res.cloudinary.com/duomesjre/image/upload/v1763070240/evidencias_consultech/image-1763070238796-106685895.jpg','2025-11-13 21:45:12'),(391,6076,'Foto','https://res.cloudinary.com/duomesjre/image/upload/v1763070692/evidencias_consultech/image-1763070690850-889658939.jpg','2025-11-13 21:51:34'),(394,6085,'Foto','https://res.cloudinary.com/duomesjre/image/upload/v1763071211/evidencias_consultech/image-1763071209969-274390799.jpg','2025-11-13 22:00:21'),(399,6140,'Foto','https://res.cloudinary.com/duomesjre/image/upload/v1763071780/evidencias_consultech/image-1763071779087-660047480.jpg','2025-11-13 22:10:08'),(401,6149,'Foto','https://res.cloudinary.com/duomesjre/image/upload/v1763071919/evidencias_consultech/image-1763071918841-243550956.jpg','2025-11-13 22:12:01'),(402,6154,'Foto','https://res.cloudinary.com/duomesjre/image/upload/v1763071979/evidencias_consultech/image-1763071977681-403083049.jpg','2025-11-13 22:13:01'),(403,6192,'Foto','https://res.cloudinary.com/duomesjre/image/upload/v1763492447/evidencias_consultech/image-1763492445950-16859418.jpg','2025-11-18 19:00:49'),(420,6202,'Foto','https://res.cloudinary.com/duomesjre/image/upload/v1763492712/evidencias_consultech/image-1763492710485-899612685.jpg','2025-11-18 19:13:16'),(421,6202,'Foto','https://res.cloudinary.com/duomesjre/image/upload/v1763493182/evidencias_consultech/image-1763493180209-710763666.jpg','2025-11-18 19:13:16'),(432,6209,'Foto','https://res.cloudinary.com/duomesjre/image/upload/v1763493244/evidencias_consultech/image-1763493243524-302651576.jpg','2025-11-18 19:14:34'),(433,6209,'Foto','https://res.cloudinary.com/duomesjre/image/upload/v1763492978/evidencias_consultech/image-1763492978235-586258942.jpg','2025-11-18 19:14:34'),(437,6230,'Foto','https://res.cloudinary.com/duomesjre/image/upload/v1763493296/evidencias_consultech/image-1763493294893-731736692.jpg','2025-11-18 19:15:11'),(438,6230,'Foto','https://res.cloudinary.com/duomesjre/image/upload/v1763493306/evidencias_consultech/image-1763493305267-160803780.jpg','2025-11-18 19:15:11'),(446,6242,'Foto','https://res.cloudinary.com/duomesjre/image/upload/v1763493419/evidencias_consultech/image-1763493418726-182266442.jpg','2025-11-18 19:19:42'),(447,6242,'Foto','https://res.cloudinary.com/duomesjre/image/upload/v1763493580/evidencias_consultech/image-1763493579047-834532716.jpg','2025-11-18 19:19:43'),(449,6265,'Foto','https://res.cloudinary.com/duomesjre/image/upload/v1763493972/evidencias_consultech/image-1763493971053-875260008.jpg','2025-11-18 19:26:23'),(450,6265,'Foto','https://res.cloudinary.com/duomesjre/image/upload/v1763493981/evidencias_consultech/image-1763493980848-718385280.jpg','2025-11-18 19:26:24'),(475,6280,'Foto','https://res.cloudinary.com/duomesjre/image/upload/v1763494197/evidencias_consultech/image-1763494196882-819767220.jpg','2025-11-18 19:30:15'),(476,6280,'Foto','https://res.cloudinary.com/duomesjre/image/upload/v1763494144/evidencias_consultech/image-1763494143298-319893328.jpg','2025-11-18 19:30:16'),(512,6269,'Foto','https://res.cloudinary.com/duomesjre/image/upload/v1763494441/evidencias_consultech/image-1763494440088-455344170.jpg','2025-11-18 19:34:08'),(513,6269,'Foto','https://res.cloudinary.com/duomesjre/image/upload/v1763494390/evidencias_consultech/image-1763494389398-166366624.jpg','2025-11-18 19:34:08'),(514,6269,'Foto','https://res.cloudinary.com/duomesjre/image/upload/v1763494384/evidencias_consultech/image-1763494382874-617742314.jpg','2025-11-18 19:34:08'),(515,6269,'Foto','https://res.cloudinary.com/duomesjre/image/upload/v1763494082/evidencias_consultech/image-1763494081986-363139992.jpg','2025-11-18 19:34:08'),(517,6378,'Foto','https://res.cloudinary.com/duomesjre/image/upload/v1763497529/evidencias_consultech/image-1763497527639-136508420.jpg','2025-11-18 20:27:22'),(518,6378,'Foto','https://res.cloudinary.com/duomesjre/image/upload/v1763497639/evidencias_consultech/image-1763497638369-558142744.jpg','2025-11-18 20:27:22'),(524,6418,'Foto','https://res.cloudinary.com/duomesjre/image/upload/v1763575753/evidencias_consultech/image-1763575752739-5207371.jpg','2025-11-19 18:09:40'),(527,6425,'Foto','https://res.cloudinary.com/duomesjre/image/upload/v1763575808/evidencias_consultech/image-1763575807597-43393722.jpg','2025-11-19 18:10:27'),(542,6431,'Foto','https://res.cloudinary.com/duomesjre/image/upload/v1763576177/evidencias_consultech/image-1763576176868-481148117.jpg','2025-11-19 18:17:43'),(543,6431,'Foto','https://res.cloudinary.com/duomesjre/image/upload/v1763576220/evidencias_consultech/image-1763576218433-371969777.jpg','2025-11-19 18:17:43'),(544,6431,'Foto','https://res.cloudinary.com/duomesjre/image/upload/v1763576245/evidencias_consultech/image-1763576243719-96297650.jpg','2025-11-19 18:17:43'),(545,6431,'Foto','https://res.cloudinary.com/duomesjre/image/upload/v1763576115/evidencias_consultech/image-1763576114526-505843227.jpg','2025-11-19 18:17:43'),(546,6431,'Foto','https://res.cloudinary.com/duomesjre/image/upload/v1763576261/evidencias_consultech/image-1763576260862-215644174.jpg','2025-11-19 18:17:43'),(552,6448,'Foto','https://res.cloudinary.com/duomesjre/image/upload/v1763576456/evidencias_consultech/image-1763576454769-197689785.jpg','2025-11-19 18:21:37'),(561,6455,'Foto','https://res.cloudinary.com/duomesjre/image/upload/v1763576570/evidencias_consultech/image-1763576569881-496365724.jpg','2025-11-19 18:24:29'),(566,6466,'Foto','https://res.cloudinary.com/duomesjre/image/upload/v1763576717/evidencias_consultech/image-1763576716566-90670986.jpg','2025-11-19 18:25:34'),(570,6473,'Foto','https://res.cloudinary.com/duomesjre/image/upload/v1763576824/evidencias_consultech/image-1763576824215-775568328.jpg','2025-11-19 18:27:17'),(574,6478,'Foto','https://res.cloudinary.com/duomesjre/image/upload/v1763576869/evidencias_consultech/image-1763576869036-242186895.jpg','2025-11-19 18:28:17'),(577,6489,'Foto','https://res.cloudinary.com/duomesjre/image/upload/v1763576994/evidencias_consultech/image-1763576993231-759123114.jpg','2025-11-19 18:30:34'),(593,6494,'Foto','https://res.cloudinary.com/duomesjre/image/upload/v1763577098/evidencias_consultech/image-1763577097995-222700629.jpg','2025-11-19 18:32:07'),(594,6494,'Foto','https://res.cloudinary.com/duomesjre/image/upload/v1763577088/evidencias_consultech/image-1763577087363-738285453.jpg','2025-11-19 18:32:07'),(596,6513,'Foto','https://res.cloudinary.com/duomesjre/image/upload/v1763577234/evidencias_consultech/image-1763577233953-297568176.jpg','2025-11-19 18:34:03'),(610,6549,'Foto','https://res.cloudinary.com/duomesjre/image/upload/v1763578081/evidencias_consultech/image-1763578079729-572259612.jpg','2025-11-19 18:48:19'),(611,6549,'Foto','https://res.cloudinary.com/duomesjre/image/upload/v1763578026/evidencias_consultech/image-1763578025318-315509814.jpg','2025-11-19 18:48:19'),(612,6549,'Foto','https://res.cloudinary.com/duomesjre/image/upload/v1763578097/evidencias_consultech/image-1763578096704-223652242.jpg','2025-11-19 18:48:20'),(617,6579,'Foto','https://res.cloudinary.com/duomesjre/image/upload/v1763578314/evidencias_consultech/image-1763578313168-559302943.jpg','2025-11-19 18:52:10'),(618,6599,'Foto','https://res.cloudinary.com/duomesjre/image/upload/v1763578550/evidencias_consultech/image-1763578548883-278592103.jpg','2025-11-19 18:55:52'),(622,6619,'Foto','https://res.cloudinary.com/duomesjre/image/upload/v1763578839/evidencias_consultech/image-1763578837759-271355814.jpg','2025-11-19 19:01:03'),(634,6632,'Foto','https://res.cloudinary.com/duomesjre/image/upload/v1764073687/evidencias_consultech/image-1764073687023-685782747.jpg','2025-11-25 12:29:24'),(635,6632,'Foto','https://res.cloudinary.com/duomesjre/image/upload/v1764073723/evidencias_consultech/image-1764073722664-661134313.jpg','2025-11-25 12:29:24'),(637,6641,'Foto','https://res.cloudinary.com/duomesjre/image/upload/v1764073815/evidencias_consultech/image-1764073814309-688481177.jpg','2025-11-25 12:30:17'),(645,6646,'Foto','https://res.cloudinary.com/duomesjre/image/upload/v1764073932/evidencias_consultech/image-1764073931241-240463212.jpg','2025-11-25 12:32:35'),(646,6646,'Foto','https://res.cloudinary.com/duomesjre/image/upload/v1764073902/evidencias_consultech/image-1764073901332-178858066.jpg','2025-11-25 12:32:35'),(651,6654,'Foto','https://res.cloudinary.com/duomesjre/image/upload/v1764074070/evidencias_consultech/image-1764074069922-88613734.jpg','2025-11-25 12:34:39'),(652,6654,'Foto','https://res.cloudinary.com/duomesjre/image/upload/v1764074041/evidencias_consultech/image-1764074040046-793158156.jpg','2025-11-25 12:34:39'),(653,6654,'Foto','https://res.cloudinary.com/duomesjre/image/upload/v1764074077/evidencias_consultech/image-1764074076363-566575324.jpg','2025-11-25 12:34:39'),(658,6662,'Foto','https://res.cloudinary.com/duomesjre/image/upload/v1764074135/evidencias_consultech/image-1764074134954-299015259.jpg','2025-11-25 12:35:51'),(660,6668,'Foto','https://res.cloudinary.com/duomesjre/image/upload/v1764074172/evidencias_consultech/image-1764074171521-490234450.jpg','2025-11-25 12:38:06'),(661,6668,'Foto','https://res.cloudinary.com/duomesjre/image/upload/v1764074284/evidencias_consultech/image-1764074283511-201832176.jpg','2025-11-25 12:38:06'),(663,6671,'Foto','https://res.cloudinary.com/duomesjre/image/upload/v1764074323/evidencias_consultech/image-1764074321718-913364131.jpg','2025-11-25 12:39:07'),(664,6671,'Foto','https://res.cloudinary.com/duomesjre/image/upload/v1764074346/evidencias_consultech/image-1764074345143-423706259.jpg','2025-11-25 12:39:08'),(666,6675,'Foto','https://res.cloudinary.com/duomesjre/image/upload/v1764074443/evidencias_consultech/image-1764074442673-399082767.jpg','2025-11-25 12:41:19'),(667,6675,'Foto','https://res.cloudinary.com/duomesjre/image/upload/v1764074477/evidencias_consultech/image-1764074476271-169414536.jpg','2025-11-25 12:41:19'),(668,6680,'Foto','https://res.cloudinary.com/duomesjre/image/upload/v1764074513/evidencias_consultech/image-1764074511969-97671906.jpg','2025-11-25 12:41:55'),(669,6682,'Foto','https://res.cloudinary.com/duomesjre/image/upload/v1764074641/evidencias_consultech/image-1764074639966-939943881.jpg','2025-11-25 12:44:03'),(675,6719,'Foto','https://res.cloudinary.com/duomesjre/image/upload/v1764075214/evidencias_consultech/image-1764075213337-308421213.jpg','2025-11-25 12:54:11'),(677,6731,'Foto','https://res.cloudinary.com/duomesjre/image/upload/v1764075314/evidencias_consultech/image-1764075313391-400069337.jpg','2025-11-25 12:55:23'),(678,6731,'Foto','https://res.cloudinary.com/duomesjre/image/upload/v1764075321/evidencias_consultech/image-1764075319465-53317803.jpg','2025-11-25 12:55:23'),(704,6734,'Foto','https://res.cloudinary.com/duomesjre/image/upload/v1764075346/evidencias_consultech/image-1764075345923-76910433.jpg','2025-11-25 12:56:49'),(705,6734,'Foto','https://res.cloudinary.com/duomesjre/image/upload/v1764075384/evidencias_consultech/image-1764075383649-690044243.jpg','2025-11-25 12:56:49'),(706,6734,'Foto','https://res.cloudinary.com/duomesjre/image/upload/v1764075352/evidencias_consultech/image-1764075351378-18070353.jpg','2025-11-25 12:56:49'),(711,6746,'Foto','https://res.cloudinary.com/duomesjre/image/upload/v1764075536/evidencias_consultech/image-1764075535667-644514211.jpg','2025-11-25 12:59:22'),(719,6755,'Foto','https://res.cloudinary.com/duomesjre/image/upload/v1764075602/evidencias_consultech/image-1764075601482-199965819.jpg','2025-11-25 13:00:09'),(720,6755,'Foto','https://res.cloudinary.com/duomesjre/image/upload/v1764075592/evidencias_consultech/image-1764075591543-285908146.jpg','2025-11-25 13:00:09'),(725,6761,'Foto','https://res.cloudinary.com/duomesjre/image/upload/v1764075624/evidencias_consultech/image-1764075622881-256689457.jpg','2025-11-25 13:00:51'),(737,6788,'Foto','https://res.cloudinary.com/duomesjre/image/upload/v1764075950/evidencias_consultech/image-1764075948604-566517761.jpg','2025-11-25 13:06:34'),(738,6788,'Foto','https://res.cloudinary.com/duomesjre/image/upload/v1764075926/evidencias_consultech/image-1764075924541-732743238.jpg','2025-11-25 13:06:34'),(746,6800,'Foto','https://res.cloudinary.com/duomesjre/image/upload/v1764080057/evidencias_consultech/image-1764080055866-994065803.jpg','2025-11-25 14:14:57'),(748,6818,'Foto','https://res.cloudinary.com/duomesjre/image/upload/v1764080292/evidencias_consultech/image-1764080291344-966469368.jpg','2025-11-25 14:18:20'),(750,6823,'Foto','https://res.cloudinary.com/duomesjre/image/upload/v1764080334/evidencias_consultech/image-1764080333100-957679628.jpg','2025-11-25 14:19:11'),(751,6823,'Foto','https://res.cloudinary.com/duomesjre/image/upload/v1764080348/evidencias_consultech/image-1764080347086-967908735.jpg','2025-11-25 14:19:12'),(752,6826,'Foto','https://res.cloudinary.com/duomesjre/image/upload/v1764080373/evidencias_consultech/image-1764080371581-950026386.jpg','2025-11-25 14:19:35'),(759,6833,'Foto','https://res.cloudinary.com/duomesjre/image/upload/v1764080471/evidencias_consultech/image-1764080470195-203067778.jpg','2025-11-25 14:21:27'),(760,6833,'Foto','https://res.cloudinary.com/duomesjre/image/upload/v1764080480/evidencias_consultech/image-1764080479168-263527211.jpg','2025-11-25 14:21:27'),(762,6837,'Foto','https://res.cloudinary.com/duomesjre/image/upload/v1764080509/evidencias_consultech/image-1764080508962-737146592.jpg','2025-11-25 14:22:14'),(763,6837,'Foto','https://res.cloudinary.com/duomesjre/image/upload/v1764080531/evidencias_consultech/image-1764080530848-295555556.jpg','2025-11-25 14:22:15'),(781,6840,'Foto','https://res.cloudinary.com/duomesjre/image/upload/v1764080596/evidencias_consultech/image-1764080595439-151370538.jpg','2025-11-25 14:23:31'),(782,6840,'Foto','https://res.cloudinary.com/duomesjre/image/upload/v1764080585/evidencias_consultech/image-1764080585256-9874399.jpg','2025-11-25 14:23:31'),(783,6840,'Foto','https://res.cloudinary.com/duomesjre/image/upload/v1764080560/evidencias_consultech/image-1764080559664-246697161.jpg','2025-11-25 14:23:31'),(809,6851,'Foto','https://res.cloudinary.com/duomesjre/image/upload/v1764080668/evidencias_consultech/image-1764080667961-595480754.jpg','2025-11-25 14:25:22'),(810,6851,'Foto','https://res.cloudinary.com/duomesjre/image/upload/v1764080694/evidencias_consultech/image-1764080693275-187830989.jpg','2025-11-25 14:25:22'),(811,6851,'Foto','https://res.cloudinary.com/duomesjre/image/upload/v1764080636/evidencias_consultech/image-1764080635524-127176883.jpg','2025-11-25 14:25:22'),(813,6866,'Foto','https://res.cloudinary.com/duomesjre/image/upload/v1764080750/evidencias_consultech/image-1764080749512-894568241.jpg','2025-11-25 14:26:20'),(814,6866,'Foto','https://res.cloudinary.com/duomesjre/image/upload/v1764080777/evidencias_consultech/image-1764080776916-790259972.jpg','2025-11-25 14:26:20'),(815,6870,'Foto','https://res.cloudinary.com/duomesjre/image/upload/v1764080864/evidencias_consultech/image-1764080863443-806399093.jpg','2025-11-25 14:27:46'),(816,6872,'Foto','https://res.cloudinary.com/duomesjre/image/upload/v1764080885/evidencias_consultech/image-1764080883877-645283059.jpg','2025-11-25 14:28:07'),(821,6912,'Foto','https://res.cloudinary.com/duomesjre/image/upload/v1764081154/evidencias_consultech/image-1764081153615-731144764.jpg','2025-11-25 14:32:56'),(823,6928,'Foto','https://res.cloudinary.com/duomesjre/image/upload/v1764081270/evidencias_consultech/image-1764081270093-411476072.jpg','2025-11-25 14:35:12'),(824,6928,'Foto','https://res.cloudinary.com/duomesjre/image/upload/v1764081310/evidencias_consultech/image-1764081309372-922430067.jpg','2025-11-25 14:35:13'),(837,6946,'Foto','https://res.cloudinary.com/duomesjre/image/upload/v1764081496/evidencias_consultech/image-1764081495106-92843482.jpg','2025-11-25 14:39:30'),(838,6973,'Foto','https://res.cloudinary.com/duomesjre/image/upload/v1764081676/evidencias_consultech/image-1764081675679-762733605.jpg','2025-11-25 14:41:18'),(843,6869,'Foto','https://res.cloudinary.com/duomesjre/image/upload/v1764081790/evidencias_consultech/image-1764081789302-423937168.jpg','2025-11-25 14:43:34'),(849,6830,'Foto','https://res.cloudinary.com/duomesjre/image/upload/v1764080425/evidencias_consultech/image-1764080424708-780946346.jpg','2025-11-25 14:51:54'),(850,6830,'Foto','https://res.cloudinary.com/duomesjre/image/upload/v1764082311/evidencias_consultech/image-1764082310933-346793878.jpg','2025-11-25 14:51:54'),(851,6830,'Foto','https://res.cloudinary.com/duomesjre/image/upload/v1764080446/evidencias_consultech/image-1764080445485-33943443.jpg','2025-11-25 14:51:54'),(852,6830,'Foto','https://res.cloudinary.com/duomesjre/image/upload/v1764082282/evidencias_consultech/image-1764082281666-820720254.jpg','2025-11-25 14:51:54'),(856,7030,'Foto','https://res.cloudinary.com/duomesjre/image/upload/v1764098426/evidencias_consultech/image-1764098424820-162322411.jpg','2025-11-25 19:20:36'),(857,7030,'Foto','https://res.cloudinary.com/duomesjre/image/upload/v1764098416/evidencias_consultech/image-1764098415697-47492163.jpg','2025-11-25 19:20:36'),(858,7030,'Foto','https://res.cloudinary.com/duomesjre/image/upload/v1764098435/evidencias_consultech/image-1764098434078-655347408.jpg','2025-11-25 19:20:38'),(859,7035,'Foto','https://res.cloudinary.com/duomesjre/image/upload/v1764098469/evidencias_consultech/image-1764098468759-263718105.jpg','2025-11-25 19:21:12'),(860,7039,'Foto','https://res.cloudinary.com/duomesjre/image/upload/v1764098526/evidencias_consultech/image-1764098525383-263473946.jpg','2025-11-25 19:22:08'),(861,7041,'Foto','https://res.cloudinary.com/duomesjre/image/upload/v1764098549/evidencias_consultech/image-1764098549075-646252352.jpg','2025-11-25 19:22:31'),(875,7045,'Foto','https://res.cloudinary.com/duomesjre/image/upload/v1764098623/evidencias_consultech/image-1764098622405-51681740.jpg','2025-11-25 19:24:12'),(876,7045,'Foto','https://res.cloudinary.com/duomesjre/image/upload/v1764098591/evidencias_consultech/image-1764098590964-450165580.jpg','2025-11-25 19:24:12'),(882,7056,'Foto','https://res.cloudinary.com/duomesjre/image/upload/v1764098685/evidencias_consultech/image-1764098685050-338900227.jpg','2025-11-25 19:25:29'),(883,7056,'Foto','https://res.cloudinary.com/duomesjre/image/upload/v1764098727/evidencias_consultech/image-1764098726967-638041970.jpg','2025-11-25 19:25:29'),(895,7077,'Foto','https://res.cloudinary.com/duomesjre/image/upload/v1764098901/evidencias_consultech/image-1764098900464-487080161.jpg','2025-11-25 19:29:10'),(897,7105,'Foto','https://res.cloudinary.com/duomesjre/image/upload/v1764099177/evidencias_consultech/image-1764099175406-877882391.jpg','2025-11-25 19:33:03'),(902,7127,'Foto','https://res.cloudinary.com/duomesjre/image/upload/v1764099334/evidencias_consultech/image-1764099333465-523665440.jpg','2025-11-25 19:35:47'),(903,7136,'Foto','https://res.cloudinary.com/duomesjre/image/upload/v1764099461/evidencias_consultech/image-1764099459800-700905899.jpg','2025-11-25 19:37:44'),(907,7138,'Foto','https://res.cloudinary.com/duomesjre/image/upload/v1764099492/evidencias_consultech/image-1764099491837-228588827.jpg','2025-11-25 19:38:27'),(928,7158,'Foto','https://res.cloudinary.com/duomesjre/image/upload/v1764099716/evidencias_consultech/image-1764099715071-896581032.jpg','2025-11-25 19:42:33'),(929,7158,'Foto','https://res.cloudinary.com/duomesjre/image/upload/v1764099652/evidencias_consultech/image-1764099651304-880515224.jpg','2025-11-25 19:42:34'),(970,7172,'Foto','https://res.cloudinary.com/duomesjre/image/upload/v1764099910/evidencias_consultech/image-1764099909385-368632630.jpg','2025-11-25 19:45:43'),(971,7172,'Foto','https://res.cloudinary.com/duomesjre/image/upload/v1764099831/evidencias_consultech/image-1764099831191-399006857.jpg','2025-11-25 19:45:43'),(972,7172,'Foto','https://res.cloudinary.com/duomesjre/image/upload/v1764099779/evidencias_consultech/image-1764099777856-594805194.jpg','2025-11-25 19:45:43'),(981,7199,'Foto','https://res.cloudinary.com/duomesjre/image/upload/v1764099988/evidencias_consultech/image-1764099987747-987729641.jpg','2025-11-25 19:47:02'),(986,7034,'Foto','https://res.cloudinary.com/duomesjre/image/upload/v1764100165/evidencias_consultech/image-1764100164142-667975788.jpg','2025-11-25 19:50:07'),(987,7034,'Foto','https://res.cloudinary.com/duomesjre/image/upload/v1764100205/evidencias_consultech/image-1764100204670-241750672.jpg','2025-11-25 19:50:07'),(990,7147,'Foto','https://res.cloudinary.com/duomesjre/image/upload/v1764099564/evidencias_consultech/image-1764099563616-839085623.jpg','2025-11-25 19:56:44'),(998,7261,'Foto','https://res.cloudinary.com/duomesjre/image/upload/v1764100646/evidencias_consultech/donafr1-1764100645791-466380572.jpg','2025-11-25 19:57:41'),(999,7261,'Foto','https://res.cloudinary.com/duomesjre/image/upload/v1764100655/evidencias_consultech/donafr3-1764100655477-657947426.jpg','2025-11-25 19:57:41'),(1000,7261,'Foto','https://res.cloudinary.com/duomesjre/image/upload/v1764100650/evidencias_consultech/donafr2-1764100650439-830188530.jpg','2025-11-25 19:57:41'),(1001,7261,'Foto','https://res.cloudinary.com/duomesjre/image/upload/v1764100659/evidencias_consultech/donafr4-1764100659325-791258658.jpg','2025-11-25 19:57:41'),(1003,7362,'Foto','https://res.cloudinary.com/duomesjre/image/upload/v1764105662/evidencias_consultech/image-1764105661242-971245317.jpg','2025-11-25 21:21:03'),(1004,7366,'Foto','https://res.cloudinary.com/duomesjre/image/upload/v1764105727/evidencias_consultech/image-1764105726785-207180658.jpg','2025-11-25 21:22:09'),(1012,7368,'Foto','https://res.cloudinary.com/duomesjre/image/upload/v1764105774/evidencias_consultech/image-1764105772779-615666546.jpg','2025-11-25 21:23:24'),(1018,7377,'Foto','https://res.cloudinary.com/duomesjre/image/upload/v1764106045/evidencias_consultech/image-1764106044055-155138340.jpg','2025-11-25 21:27:36'),(1019,7377,'Foto','https://res.cloudinary.com/duomesjre/image/upload/v1764106054/evidencias_consultech/image-1764106053415-258674194.jpg','2025-11-25 21:27:36'),(1020,7383,'Foto','https://res.cloudinary.com/duomesjre/image/upload/v1764105884/evidencias_consultech/image-1764105883959-52384335.jpg','2025-11-25 21:28:37'),(1021,7383,'Foto','https://res.cloudinary.com/duomesjre/image/upload/v1764106115/evidencias_consultech/image-1764106114419-897503674.jpg','2025-11-25 21:28:37'),(1023,7390,'Foto','https://res.cloudinary.com/duomesjre/image/upload/v1764106202/evidencias_consultech/image-1764106202302-166070885.jpg','2025-11-25 21:30:14'),(1024,7390,'Foto','https://res.cloudinary.com/duomesjre/image/upload/v1764106212/evidencias_consultech/image-1764106212073-371348448.jpg','2025-11-25 21:30:14'),(1025,7425,'Foto','https://res.cloudinary.com/duomesjre/image/upload/v1764106507/evidencias_consultech/image-1764106506432-350727460.jpg','2025-11-25 21:35:09'),(1027,7434,'Foto','https://res.cloudinary.com/duomesjre/image/upload/v1764106664/evidencias_consultech/image-1764106663535-155502931.jpg','2025-11-25 21:37:54'),(1028,7434,'Foto','https://res.cloudinary.com/duomesjre/image/upload/v1764106673/evidencias_consultech/image-1764106672642-149963062.jpg','2025-11-25 21:37:55'),(1032,7444,'Foto','https://res.cloudinary.com/duomesjre/image/upload/v1764106814/evidencias_consultech/image-1764106813272-925639382.jpg','2025-11-25 21:41:05'),(1036,7608,'Foto','https://res.cloudinary.com/duomesjre/image/upload/v1764155930/evidencias_consultech/image-1764155929554-642351615.jpg','2025-11-26 11:18:57'),(1037,7608,'Foto','https://res.cloudinary.com/duomesjre/image/upload/v1764155919/evidencias_consultech/image-1764155918142-189019450.jpg','2025-11-26 11:18:57'),(1038,7612,'Foto','https://res.cloudinary.com/duomesjre/image/upload/v1764155962/evidencias_consultech/image-1764155961571-50548267.jpg','2025-11-26 11:19:24'),(1067,7625,'Foto','https://res.cloudinary.com/duomesjre/image/upload/v1764156211/evidencias_consultech/image-1764156209913-13135533.jpg','2025-11-26 11:24:22'),(1068,7625,'Foto','https://res.cloudinary.com/duomesjre/image/upload/v1764156186/evidencias_consultech/image-1764156185866-220480609.jpg','2025-11-26 11:24:22'),(1069,7625,'Foto','https://res.cloudinary.com/duomesjre/image/upload/v1764156261/evidencias_consultech/image-1764156260517-86202404.jpg','2025-11-26 11:24:23'),(1079,7635,'Foto','https://res.cloudinary.com/duomesjre/image/upload/v1764156286/evidencias_consultech/image-1764156285230-808439953.jpg','2025-11-26 11:25:52'),(1080,7635,'Foto','https://res.cloudinary.com/duomesjre/image/upload/v1764156306/evidencias_consultech/image-1764156305759-37244537.jpg','2025-11-26 11:25:52'),(1081,7635,'Foto','https://res.cloudinary.com/duomesjre/image/upload/v1764156350/evidencias_consultech/image-1764156349780-939072039.jpg','2025-11-26 11:25:52'),(1087,7642,'Foto','https://res.cloudinary.com/duomesjre/image/upload/v1764156376/evidencias_consultech/image-1764156375733-111451494.jpg','2025-11-26 11:26:41'),(1088,7614,'Foto','https://res.cloudinary.com/duomesjre/image/upload/v1764155991/evidencias_consultech/image-1764155990606-263741007.jpg','2025-11-26 11:28:08'),(1089,7620,'Foto','https://res.cloudinary.com/duomesjre/image/upload/v1764156152/evidencias_consultech/image-1764156151446-933280068.jpg','2025-11-26 11:28:22'),(1090,7620,'Foto','https://res.cloudinary.com/duomesjre/image/upload/v1764156068/evidencias_consultech/image-1764156067408-969430294.jpg','2025-11-26 11:28:22'),(1091,7620,'Foto','https://res.cloudinary.com/duomesjre/image/upload/v1764156141/evidencias_consultech/image-1764156141025-690495020.jpg','2025-11-26 11:28:22'),(1092,7652,'Foto','https://res.cloudinary.com/duomesjre/image/upload/v1764156537/evidencias_consultech/image-1764156537034-321490496.jpg','2025-11-26 11:28:59'),(1094,7654,'Foto','https://res.cloudinary.com/duomesjre/image/upload/v1764156565/evidencias_consultech/image-1764156564518-596480708.jpg','2025-11-26 11:29:39'),(1095,7654,'Foto','https://res.cloudinary.com/duomesjre/image/upload/v1764156575/evidencias_consultech/image-1764156575289-238067503.jpg','2025-11-26 11:29:40'),(1096,7657,'Foto','https://res.cloudinary.com/duomesjre/image/upload/v1764156667/evidencias_consultech/image-1764156666504-521218554.jpg','2025-11-26 11:31:09'),(1097,7663,'Foto','https://res.cloudinary.com/duomesjre/image/upload/v1764156775/evidencias_consultech/image-1764156774932-410227277.jpg','2025-11-26 11:32:57'),(1110,7673,'Foto','https://res.cloudinary.com/duomesjre/image/upload/v1764156894/evidencias_consultech/image-1764156893851-591129241.jpg','2025-11-26 11:35:50'),(1111,7673,'Foto','https://res.cloudinary.com/duomesjre/image/upload/v1764156940/evidencias_consultech/image-1764156938674-547342234.jpg','2025-11-26 11:35:50'),(1114,7689,'Foto','https://res.cloudinary.com/duomesjre/image/upload/v1764157050/evidencias_consultech/image-1764157048941-419797473.jpg','2025-11-26 11:37:54'),(1115,7706,'Foto','https://res.cloudinary.com/duomesjre/image/upload/v1764157234/evidencias_consultech/image-1764157233262-51825156.jpg','2025-11-26 11:40:36'),(1117,7709,'Foto','https://res.cloudinary.com/duomesjre/image/upload/v1764157285/evidencias_consultech/image-1764157284533-747038704.jpg','2025-11-26 11:41:30'),(1119,7726,'Foto','https://res.cloudinary.com/duomesjre/image/upload/v1764157474/evidencias_consultech/image-1764157473924-555489449.jpg','2025-11-26 11:44:56'),(1120,7726,'Foto','https://res.cloudinary.com/duomesjre/image/upload/v1764157494/evidencias_consultech/image-1764157494235-617901645.jpg','2025-11-26 11:44:56'),(1123,7730,'Foto','https://res.cloudinary.com/duomesjre/image/upload/v1764157547/evidencias_consultech/image-1764157547091-327132495.jpg','2025-11-26 11:46:00'),(1125,7735,'Foto','https://res.cloudinary.com/duomesjre/image/upload/v1764157701/evidencias_consultech/image-1764157699004-389278970.jpg','2025-11-26 11:48:33'),(1126,7735,'Foto','https://res.cloudinary.com/duomesjre/image/upload/v1764157711/evidencias_consultech/image-1764157710976-252262526.jpg','2025-11-26 11:48:34'),(1127,7743,'Foto','https://res.cloudinary.com/duomesjre/image/upload/v1764157760/evidencias_consultech/image-1764157758869-497660561.jpg','2025-11-26 11:49:21'),(1128,7747,'Foto','https://res.cloudinary.com/duomesjre/image/upload/v1764157810/evidencias_consultech/image-1764157809658-220983389.jpg','2025-11-26 11:50:12'),(1130,7754,'Foto','https://res.cloudinary.com/duomesjre/image/upload/v1764157886/evidencias_consultech/image-1764157885746-860234333.jpg','2025-11-26 11:51:32'),(1140,7778,'Foto','https://res.cloudinary.com/duomesjre/image/upload/v1764169457/evidencias_consultech/image-1764169456238-479426093.jpg','2025-11-26 15:05:01'),(1142,7789,'Foto','https://res.cloudinary.com/duomesjre/image/upload/v1764169523/evidencias_consultech/image-1764169523035-83834903.jpg','2025-11-26 15:05:26'),(1149,7792,'Foto','https://res.cloudinary.com/duomesjre/image/upload/v1764169545/evidencias_consultech/image-1764169544047-570819139.jpg','2025-11-26 15:06:46'),(1150,7792,'Foto','https://res.cloudinary.com/duomesjre/image/upload/v1764169587/evidencias_consultech/image-1764169586567-888984012.jpg','2025-11-26 15:06:46'),(1151,7792,'Foto','https://res.cloudinary.com/duomesjre/image/upload/v1764169604/evidencias_consultech/image-1764169602976-37707265.jpg','2025-11-26 15:06:47'),(1190,7800,'Foto','https://res.cloudinary.com/duomesjre/image/upload/v1764169661/evidencias_consultech/image-1764169660314-398060479.jpg','2025-11-26 15:09:03'),(1191,7800,'Foto','https://res.cloudinary.com/duomesjre/image/upload/v1764169723/evidencias_consultech/image-1764169722435-493686094.jpg','2025-11-26 15:09:03'),(1192,7800,'Foto','https://res.cloudinary.com/duomesjre/image/upload/v1764169636/evidencias_consultech/image-1764169635406-24810820.jpg','2025-11-26 15:09:03'),(1193,7800,'Foto','https://res.cloudinary.com/duomesjre/image/upload/v1764169626/evidencias_consultech/image-1764169625815-198118430.jpg','2025-11-26 15:09:03'),(1194,7815,'Foto','https://res.cloudinary.com/duomesjre/image/upload/v1764169767/evidencias_consultech/image-1764169766475-336144960.jpg','2025-11-26 15:09:28'),(1195,7817,'Foto','https://res.cloudinary.com/duomesjre/image/upload/v1764169798/evidencias_consultech/image-1764169797799-762631287.jpg','2025-11-26 15:10:00'),(1197,7819,'Foto','https://res.cloudinary.com/duomesjre/image/upload/v1764169823/evidencias_consultech/image-1764169822162-193462449.jpg','2025-11-26 15:10:35'),(1198,7819,'Foto','https://res.cloudinary.com/duomesjre/image/upload/v1764169834/evidencias_consultech/image-1764169833249-372115574.jpg','2025-11-26 15:10:35'),(1206,7822,'Foto','https://res.cloudinary.com/duomesjre/image/upload/v1764169872/evidencias_consultech/image-1764169871630-145975728.jpg','2025-11-26 15:11:21'),(1207,7822,'Foto','https://res.cloudinary.com/duomesjre/image/upload/v1764169862/evidencias_consultech/image-1764169861860-366944933.jpg','2025-11-26 15:11:21'),(1208,7829,'Foto','https://res.cloudinary.com/duomesjre/image/upload/v1764169906/evidencias_consultech/image-1764169905895-551137562.jpg','2025-11-26 15:11:48'),(1211,7833,'Foto','https://res.cloudinary.com/duomesjre/image/upload/v1764170107/evidencias_consultech/image-1764170106519-314692971.jpg','2025-11-26 15:15:23'),(1212,7837,'Foto','https://res.cloudinary.com/duomesjre/image/upload/v1764170142/evidencias_consultech/image-1764170141684-466785630.jpg','2025-11-26 15:15:45'),(1213,7851,'Foto','https://res.cloudinary.com/duomesjre/image/upload/v1764170322/evidencias_consultech/image-1764170322128-427006518.jpg','2025-11-26 15:18:44'),(1214,7867,'Foto','https://res.cloudinary.com/duomesjre/image/upload/v1764170530/evidencias_consultech/image-1764170528582-124463084.jpg','2025-11-26 15:22:13'),(1215,7873,'Foto','https://res.cloudinary.com/duomesjre/image/upload/v1764170697/evidencias_consultech/image-1764170696860-954577509.jpg','2025-11-26 15:24:59'),(1216,7878,'Foto','https://res.cloudinary.com/duomesjre/image/upload/v1764170751/evidencias_consultech/image-1764170750665-872021342.jpg','2025-11-26 15:25:53'),(1219,7885,'Foto','https://res.cloudinary.com/duomesjre/image/upload/v1764170800/evidencias_consultech/image-1764170799121-500454267.jpg','2025-11-26 15:26:47'),(1232,7890,'Foto','https://res.cloudinary.com/duomesjre/image/upload/v1764170858/evidencias_consultech/image-1764170857521-236336635.jpg','2025-11-26 15:28:38'),(1234,7906,'Foto','https://res.cloudinary.com/duomesjre/image/upload/v1764170948/evidencias_consultech/image-1764170947010-267554637.jpg','2025-11-26 15:29:18'),(1235,7906,'Foto','https://res.cloudinary.com/duomesjre/image/upload/v1764170956/evidencias_consultech/image-1764170955265-626603227.jpg','2025-11-26 15:29:18'),(1237,7913,'Foto','https://res.cloudinary.com/duomesjre/image/upload/v1764171010/evidencias_consultech/image-1764171009671-772344247.jpg','2025-11-26 15:30:26'),(1238,7913,'Foto','https://res.cloudinary.com/duomesjre/image/upload/v1764171024/evidencias_consultech/image-1764171023578-268491880.jpg','2025-11-26 15:30:27'),(1239,7916,'Foto','https://res.cloudinary.com/duomesjre/image/upload/v1764171076/evidencias_consultech/image-1764171075377-382964598.jpg','2025-11-26 15:31:18'),(1240,7921,'Foto','https://res.cloudinary.com/duomesjre/image/upload/v1764171182/evidencias_consultech/image-1764171180939-560186227.jpg','2025-11-26 15:33:04'),(1241,7925,'Foto','https://res.cloudinary.com/duomesjre/image/upload/v1764171205/evidencias_consultech/image-1764171204156-536552595.jpg','2025-11-26 15:33:27'),(1247,7936,'Foto','https://res.cloudinary.com/duomesjre/image/upload/v1764171318/evidencias_consultech/image-1764171317859-991826615.jpg','2025-11-26 15:35:36'),(1248,7936,'Foto','https://res.cloudinary.com/duomesjre/image/upload/v1764171307/evidencias_consultech/image-1764171307071-849941358.jpg','2025-11-26 15:35:36'),(1253,7941,'Foto','https://res.cloudinary.com/duomesjre/image/upload/v1764180668/evidencias_consultech/image-1764180667339-402408938.jpg','2025-11-26 18:11:09'),(1254,7941,'Foto','https://res.cloudinary.com/duomesjre/image/upload/v1764180644/evidencias_consultech/image-1764180642269-536624939.jpg','2025-11-26 18:11:09'),(1256,7949,'Foto','https://res.cloudinary.com/duomesjre/image/upload/v1764180729/evidencias_consultech/image-1764180728109-404850748.jpg','2025-11-26 18:12:22'),(1257,7949,'Foto','https://res.cloudinary.com/duomesjre/image/upload/v1764180738/evidencias_consultech/image-1764180737623-408861090.jpg','2025-11-26 18:12:22'),(1258,7955,'Foto','https://res.cloudinary.com/duomesjre/image/upload/v1764180916/evidencias_consultech/image-1764180915508-526114289.jpg','2025-11-26 18:15:19'),(1259,7958,'Foto','https://res.cloudinary.com/duomesjre/image/upload/v1764180983/evidencias_consultech/image-1764180981862-891471748.jpg','2025-11-26 18:16:27'),(1277,7968,'Foto','https://res.cloudinary.com/duomesjre/image/upload/v1764181296/evidencias_consultech/image-1764181295487-38726984.jpg','2025-11-26 18:22:23'),(1278,7968,'Foto','https://res.cloudinary.com/duomesjre/image/upload/v1764181278/evidencias_consultech/image-1764181276837-568299526.jpg','2025-11-26 18:22:23'),(1279,7968,'Foto','https://res.cloudinary.com/duomesjre/image/upload/v1764181341/evidencias_consultech/image-1764181340809-907290273.jpg','2025-11-26 18:22:23'),(1280,7979,'Foto','https://res.cloudinary.com/duomesjre/image/upload/v1764181361/evidencias_consultech/image-1764181360622-941135534.jpg','2025-11-26 18:22:42'),(1282,7981,'Foto','https://res.cloudinary.com/duomesjre/image/upload/v1764181379/evidencias_consultech/image-1764181378820-604609312.jpg','2025-11-26 18:23:14'),(1283,7981,'Foto','https://res.cloudinary.com/duomesjre/image/upload/v1764181392/evidencias_consultech/image-1764181391283-548247921.jpg','2025-11-26 18:23:14'),(1284,7984,'Foto','https://res.cloudinary.com/duomesjre/image/upload/v1764181488/evidencias_consultech/image-1764181486974-887064333.jpg','2025-11-26 18:24:50'),(1285,7987,'Foto','https://res.cloudinary.com/duomesjre/image/upload/v1764181634/evidencias_consultech/image-1764181633585-212830108.jpg','2025-11-26 18:27:16'),(1289,7990,'Foto','https://res.cloudinary.com/duomesjre/image/upload/v1764181700/evidencias_consultech/image-1764181698828-238451470.jpg','2025-11-26 18:28:41'),(1290,7997,'Foto','https://res.cloudinary.com/duomesjre/image/upload/v1764181757/evidencias_consultech/image-1764181756923-243348158.jpg','2025-11-26 18:29:19'),(1294,7999,'Foto','https://res.cloudinary.com/duomesjre/image/upload/v1764181794/evidencias_consultech/image-1764181793475-294485120.jpg','2025-11-26 18:30:13'),(1295,8004,'Foto','https://res.cloudinary.com/duomesjre/image/upload/v1764181843/evidencias_consultech/image-1764181842180-497985487.jpg','2025-11-26 18:30:44'),(1298,8007,'Foto','https://res.cloudinary.com/duomesjre/image/upload/v1764181878/evidencias_consultech/image-1764181877812-600076875.jpg','2025-11-26 18:31:37'),(1302,8031,'Foto','https://res.cloudinary.com/duomesjre/image/upload/v1764182046/evidencias_consultech/image-1764182045940-123041865.jpg','2025-11-26 18:34:20'),(1303,8031,'Foto','https://res.cloudinary.com/duomesjre/image/upload/v1764182051/evidencias_consultech/image-1764182050923-374407512.jpg','2025-11-26 18:34:20'),(1304,8054,'Foto','https://res.cloudinary.com/duomesjre/image/upload/v1764182251/evidencias_consultech/image-1764182251258-529932353.jpg','2025-11-26 18:37:33'),(1324,8297,'Foto','https://res.cloudinary.com/duomesjre/image/upload/v1764184105/evidencias_consultech/17641840815733161979767597722165-1764184102907-999878620.jpg','2025-11-26 19:09:02'),(1325,8310,'Foto','https://res.cloudinary.com/duomesjre/image/upload/v1764184171/evidencias_consultech/image-1764184169219-389625985.jpg','2025-11-26 19:09:33'),(1326,8360,'Foto','https://res.cloudinary.com/duomesjre/image/upload/v1764184603/evidencias_consultech/17641845508707082096374735777414-1764184601992-64655966.jpg','2025-11-26 19:16:46'),(1327,8387,'Foto','https://res.cloudinary.com/duomesjre/image/upload/v1764184729/evidencias_consultech/17641846446968024470975391686669-1764184728187-154645482.jpg','2025-11-26 19:18:51'),(1330,8392,'Foto','https://res.cloudinary.com/duomesjre/image/upload/v1764184756/evidencias_consultech/image-1764184755349-463191659.jpg','2025-11-26 19:19:24'),(1353,8472,'Foto','https://res.cloudinary.com/duomesjre/image/upload/v1764185377/evidencias_consultech/17641853230031250039430607679448-1764185376434-682028440.jpg','2025-11-26 19:29:40'),(1355,7281,'Foto','https://res.cloudinary.com/duomesjre/image/upload/v1764100897/evidencias_consultech/donafr5-1764100896950-246321007.jpg','2025-11-26 20:13:00'),(1360,8067,'Foto','https://res.cloudinary.com/duomesjre/image/upload/v1764261654/evidencias_consultech/O_GARFO_1-1764261653750-24466356.jpg','2025-11-27 16:41:43'),(1378,8100,'Foto','https://res.cloudinary.com/duomesjre/image/upload/v1764261977/evidencias_consultech/O_GARFO_3-1764261976916-451762888.jpg','2025-11-27 16:48:23'),(1379,8100,'Foto','https://res.cloudinary.com/duomesjre/image/upload/v1764261991/evidencias_consultech/O_GARFO_4-1764261991206-608238859.jpg','2025-11-27 16:48:23'),(1380,8100,'Foto','https://res.cloudinary.com/duomesjre/image/upload/v1764261814/evidencias_consultech/O_GARFO_2-1764261813623-701841534.jpg','2025-11-27 16:48:23'),(1381,8100,'Foto','https://res.cloudinary.com/duomesjre/image/upload/v1764262102/evidencias_consultech/O_GARFO_8-1764262101832-798514145.jpg','2025-11-27 16:48:24'),(1385,8129,'Foto','https://res.cloudinary.com/duomesjre/image/upload/v1764262121/evidencias_consultech/O_GARFO_7-1764262121450-756610106.jpg','2025-11-27 16:48:54'),(1386,8129,'Foto','https://res.cloudinary.com/duomesjre/image/upload/v1764262126/evidencias_consultech/O_GARFO_6-1764262126174-406242778.jpg','2025-11-27 16:48:54'),(1387,8129,'Foto','https://res.cloudinary.com/duomesjre/image/upload/v1764262133/evidencias_consultech/O_GARFO_5-1764262133225-852005420.jpg','2025-11-27 16:48:55'),(1388,8366,'Foto','https://res.cloudinary.com/duomesjre/image/upload/v1764262449/evidencias_consultech/O_GARFO_9-1764262447018-432346085.jpg','2025-11-27 16:54:11'),(1389,8386,'Foto','https://res.cloudinary.com/duomesjre/image/upload/v1764262543/evidencias_consultech/O_GARFO_9-1764262543236-740629320.jpg','2025-11-27 16:55:45'),(1391,8406,'Foto','https://res.cloudinary.com/duomesjre/image/upload/v1764262618/evidencias_consultech/O_GARFO_10-1764262617412-865416295.jpg','2025-11-27 16:57:10'),(1392,8435,'Foto','https://res.cloudinary.com/duomesjre/image/upload/v1764184913/evidencias_consultech/image-1764184911458-887497866.jpg','2025-11-27 16:57:44'),(1401,8959,'Foto','https://res.cloudinary.com/duomesjre/image/upload/v1764270417/evidencias_consultech/17642703944592638944364149494401-1764270414441-161881346.jpg','2025-11-27 19:07:56'),(1407,8958,'Foto','https://res.cloudinary.com/duomesjre/image/upload/v1764270507/evidencias_consultech/17642704860521117846845912394985-1764270505696-186922478.jpg','2025-11-27 19:09:13'),(1408,8978,'Foto','https://res.cloudinary.com/duomesjre/image/upload/v1764270644/evidencias_consultech/17642706042752945112644674921711-1764270642760-467520290.jpg','2025-11-27 19:10:46'),(1411,8989,'Foto','https://res.cloudinary.com/duomesjre/image/upload/v1764270738/evidencias_consultech/17642707100437844791605924346183-1764270736677-665463918.jpg','2025-11-27 19:12:48'),(1412,8989,'Foto','https://res.cloudinary.com/duomesjre/image/upload/v1764270765/evidencias_consultech/17642707512213593503210990883278-1764270764468-956030388.jpg','2025-11-27 19:12:48'),(1416,9011,'Foto','https://res.cloudinary.com/duomesjre/image/upload/v1764271138/evidencias_consultech/17642711211737037125133873098645-1764271137480-707503309.jpg','2025-11-27 19:19:16'),(1423,9095,'Foto','https://res.cloudinary.com/duomesjre/image/upload/v1764271886/evidencias_consultech/17642718295972046923281460852105-1764271884950-357034815.jpg','2025-11-27 19:33:48'),(1473,9148,'Foto','https://res.cloudinary.com/duomesjre/image/upload/v1764272440/evidencias_consultech/1764272422873375356754304961639-1764272439934-529759169.jpg','2025-11-27 19:42:03'),(1474,9148,'Foto','https://res.cloudinary.com/duomesjre/image/upload/v1764272429/evidencias_consultech/17642724054897972744829202561889-1764272427944-33134444.jpg','2025-11-27 19:42:03'),(1475,9148,'Foto','https://res.cloudinary.com/duomesjre/image/upload/v1764272394/evidencias_consultech/17642723790843955344328067474292-1764272393755-559229300.jpg','2025-11-27 19:42:03'),(1484,9173,'Foto','https://res.cloudinary.com/duomesjre/image/upload/v1764272629/evidencias_consultech/17642726101483206259786443561437-1764272628785-885534337.jpg','2025-11-27 19:45:03'),(1485,9173,'Foto','https://res.cloudinary.com/duomesjre/image/upload/v1764272692/evidencias_consultech/17642726740434621130713521074255-1764272691113-815575446.jpg','2025-11-27 19:45:03'),(1486,9192,'Foto','https://res.cloudinary.com/duomesjre/image/upload/v1764272902/evidencias_consultech/image-1764272901249-476950441.jpg','2025-11-27 19:48:24'),(1488,9204,'Foto','https://res.cloudinary.com/duomesjre/image/upload/v1764273081/evidencias_consultech/image-1764273080167-17321668.jpg','2025-11-27 19:51:48'),(1489,9204,'Foto','https://res.cloudinary.com/duomesjre/image/upload/v1764273106/evidencias_consultech/image-1764273105723-117597863.jpg','2025-11-27 19:51:48'),(1491,9207,'Foto','https://res.cloudinary.com/duomesjre/image/upload/v1764273138/evidencias_consultech/image-1764273137334-923609729.jpg','2025-11-27 19:52:51'),(1492,9207,'Foto','https://res.cloudinary.com/duomesjre/image/upload/v1764273169/evidencias_consultech/image-1764273168604-917301070.jpg','2025-11-27 19:52:51'),(1502,9220,'Foto','https://res.cloudinary.com/duomesjre/image/upload/v1764273240/evidencias_consultech/image-1764273239624-568106613.jpg','2025-11-27 19:54:13'),(1503,9220,'Foto','https://res.cloudinary.com/duomesjre/image/upload/v1764273233/evidencias_consultech/image-1764273231794-555511097.jpg','2025-11-27 19:54:13'),(1504,9220,'Foto','https://res.cloudinary.com/duomesjre/image/upload/v1764273226/evidencias_consultech/image-1764273225434-693664755.jpg','2025-11-27 19:54:13'),(1506,9233,'Foto','https://res.cloudinary.com/duomesjre/image/upload/v1764273294/evidencias_consultech/image-1764273293429-64438350.jpg','2025-11-27 19:55:15'),(1507,9233,'Foto','https://res.cloudinary.com/duomesjre/image/upload/v1764273313/evidencias_consultech/image-1764273312416-599543464.jpg','2025-11-27 19:55:15'),(1517,9242,'Foto','https://res.cloudinary.com/duomesjre/image/upload/v1764273338/evidencias_consultech/image-1764273338073-834754405.jpg','2025-11-27 19:55:55'),(1518,9242,'Foto','https://res.cloudinary.com/duomesjre/image/upload/v1764273332/evidencias_consultech/image-1764273332078-213629573.jpg','2025-11-27 19:55:55'),(1519,9255,'Foto','https://res.cloudinary.com/duomesjre/image/upload/v1764273437/evidencias_consultech/image-1764273436431-721668644.jpg','2025-11-27 19:57:19'),(1521,9260,'Foto','https://res.cloudinary.com/duomesjre/image/upload/v1764273473/evidencias_consultech/image-1764273472132-478612553.jpg','2025-11-27 19:58:20'),(1522,9260,'Foto','https://res.cloudinary.com/duomesjre/image/upload/v1764273499/evidencias_consultech/image-1764273497529-772520069.jpg','2025-11-27 19:58:21'),(1529,9278,'Foto','https://res.cloudinary.com/duomesjre/image/upload/v1764273538/evidencias_consultech/image-1764273537388-636302247.jpg','2025-11-27 19:59:48'),(1530,9278,'Foto','https://res.cloudinary.com/duomesjre/image/upload/v1764273587/evidencias_consultech/image-1764273586363-102315842.jpg','2025-11-27 19:59:48'),(1531,9289,'Foto','https://res.cloudinary.com/duomesjre/image/upload/v1764273632/evidencias_consultech/image-1764273630775-843881533.jpg','2025-11-27 20:00:34'),(1535,9303,'Foto','https://res.cloudinary.com/duomesjre/image/upload/v1764273781/evidencias_consultech/image-1764273780043-10141820.jpg','2025-11-27 20:03:17'),(1536,9320,'Foto','https://res.cloudinary.com/duomesjre/image/upload/v1764273909/evidencias_consultech/image-1764273908504-837691075.jpg','2025-11-27 20:05:11'),(1537,8246,'Foto','https://res.cloudinary.com/duomesjre/image/upload/v1764183965/evidencias_consultech/image-1764183964245-230118860.jpg','2025-11-27 20:06:48'),(1538,8246,'Foto','https://res.cloudinary.com/duomesjre/image/upload/v1764183686/evidencias_consultech/image-1764183685982-873946790.jpg','2025-11-27 20:06:48'),(1539,8246,'Foto','https://res.cloudinary.com/duomesjre/image/upload/v1764183724/evidencias_consultech/image-1764183721601-48368374.jpg','2025-11-27 20:06:48'),(1541,9330,'Foto','https://res.cloudinary.com/duomesjre/image/upload/v1764274187/evidencias_consultech/image-1764274186331-492633827.jpg','2025-11-27 20:09:48'),(1542,9334,'Foto','https://res.cloudinary.com/duomesjre/image/upload/v1764274252/evidencias_consultech/image-1764274251659-624452990.jpg','2025-11-27 20:10:54'),(1547,9341,'Foto','https://res.cloudinary.com/duomesjre/image/upload/v1764274316/evidencias_consultech/image-1764274314458-445695469.jpg','2025-11-27 20:14:26'),(1548,9347,'Foto','https://res.cloudinary.com/duomesjre/image/upload/v1764274642/evidencias_consultech/image-1764274641067-612023287.jpg','2025-11-27 20:17:24'),(1549,9349,'Foto','https://res.cloudinary.com/duomesjre/image/upload/v1764274676/evidencias_consultech/image-1764274675182-151187394.jpg','2025-11-27 20:17:57'),(1550,9352,'Foto','https://res.cloudinary.com/duomesjre/image/upload/v1764274745/evidencias_consultech/image-1764274744641-994579811.jpg','2025-11-27 20:19:07'),(1551,9354,'Foto','https://res.cloudinary.com/duomesjre/image/upload/v1764274818/evidencias_consultech/image-1764274817036-891584803.jpg','2025-11-27 20:20:20'),(1552,9369,'Foto','https://res.cloudinary.com/duomesjre/image/upload/v1764274976/evidencias_consultech/image-1764274975815-905419706.jpg','2025-11-27 20:22:57'),(1555,9385,'Foto','https://res.cloudinary.com/duomesjre/image/upload/v1764418939/evidencias_consultech/5cor1-1764418938940-506259394.jpg','2025-11-29 12:22:49'),(1556,9399,'Foto','https://res.cloudinary.com/duomesjre/image/upload/v1764419062/evidencias_consultech/5cor2-1764419062069-554040014.jpg','2025-11-29 12:24:24'),(1567,9448,'Foto','https://res.cloudinary.com/duomesjre/image/upload/v1764419434/evidencias_consultech/5cor4-1764419434013-482563938.jpg','2025-11-29 12:30:53'),(1568,9448,'Foto','https://res.cloudinary.com/duomesjre/image/upload/v1764419448/evidencias_consultech/5cor6-1764419447641-644272412.jpg','2025-11-29 12:30:53'),(1569,9448,'Foto','https://res.cloudinary.com/duomesjre/image/upload/v1764419440/evidencias_consultech/5cor5-1764419439684-417692580.jpg','2025-11-29 12:30:53'),(1570,9448,'Foto','https://res.cloudinary.com/duomesjre/image/upload/v1764419451/evidencias_consultech/5cor7-1764419451646-362402627.jpg','2025-11-29 12:30:53'),(1571,9426,'Foto','https://res.cloudinary.com/duomesjre/image/upload/v1764419249/evidencias_consultech/5cor3-1764419248639-262739576.jpg','2025-11-29 12:36:48'),(1572,9524,'Foto','https://res.cloudinary.com/duomesjre/image/upload/v1764420151/evidencias_consultech/5cor9-1764420151230-185368281.jpg','2025-11-29 12:42:33'),(1573,9509,'Foto','https://res.cloudinary.com/duomesjre/image/upload/v1764420165/evidencias_consultech/5cor8-1764420164487-286761311.jpg','2025-11-29 12:42:46'),(1576,9576,'Foto','https://res.cloudinary.com/duomesjre/image/upload/v1764420558/evidencias_consultech/5cor10-1764420557881-605509041.jpg','2025-11-29 12:50:12'),(1577,9576,'Foto','https://res.cloudinary.com/duomesjre/image/upload/v1764420611/evidencias_consultech/5cor11-1764420610823-241493933.jpg','2025-11-29 12:50:13'),(1579,9592,'Foto','https://res.cloudinary.com/duomesjre/image/upload/v1764420715/evidencias_consultech/5cor12-1764420714999-772069977.jpg','2025-11-29 12:52:05'),(1580,9602,'Foto','https://res.cloudinary.com/duomesjre/image/upload/v1764420837/evidencias_consultech/5cor13-1764420837103-286315285.jpg','2025-11-29 12:53:59'),(1584,9643,'Foto','https://res.cloudinary.com/duomesjre/image/upload/v1764421297/evidencias_consultech/Untitled_presentation_1_-1764421296576-773287092.jpg','2025-11-29 13:01:51'),(1590,9688,'Foto','https://res.cloudinary.com/duomesjre/image/upload/v1764421995/evidencias_consultech/Untitled_presentation_2_-1764421994866-895133766.jpg','2025-11-29 13:13:36'),(1591,9688,'Foto','https://res.cloudinary.com/duomesjre/image/upload/v1764421932/evidencias_consultech/camara1-1764421931932-394086946.jpg','2025-11-29 13:13:36'),(1593,9703,'Foto','https://res.cloudinary.com/duomesjre/image/upload/v1764422146/evidencias_consultech/un2_foto1-1764422145443-423188082.jpg','2025-11-29 13:15:52'),(1594,9703,'Foto','https://res.cloudinary.com/duomesjre/image/upload/v1764422151/evidencias_consultech/un2_foto2-1764422151160-209586231.jpg','2025-11-29 13:15:53'),(1595,9794,'Foto','https://res.cloudinary.com/duomesjre/image/upload/v1764422659/evidencias_consultech/un2_foto3-1764422658853-890750854.jpg','2025-11-29 13:24:22'),(1612,10193,'Foto','https://res.cloudinary.com/duomesjre/image/upload/v1765143205/evidencias_consultech/image-1765143204091-134175349.jpg','2025-12-07 21:36:58'),(1613,10193,'Foto','https://res.cloudinary.com/duomesjre/image/upload/v1765143277/evidencias_consultech/image-1765143275000-525875220.jpg','2025-12-07 21:36:58'),(1614,10193,'Foto','https://res.cloudinary.com/duomesjre/image/upload/v1765143416/evidencias_consultech/image-1765143412508-350976665.jpg','2025-12-07 21:36:58'),(1615,10193,'Foto','https://res.cloudinary.com/duomesjre/image/upload/v1765143390/evidencias_consultech/image-1765143389659-471226080.jpg','2025-12-07 21:36:58'),(1619,10233,'Foto','https://res.cloudinary.com/duomesjre/image/upload/v1765143681/evidencias_consultech/image-1765143680138-279660034.jpg','2025-12-07 21:41:48');
/*!40000 ALTER TABLE `arquivos` ENABLE KEYS */;
UNLOCK TABLES;

--
-- Table structure for table `auditorias`
--

DROP TABLE IF EXISTS `auditorias`;
/*!40101 SET @saved_cs_client     = @@character_set_client */;
/*!50503 SET character_set_client = utf8mb4 */;
CREATE TABLE `auditorias` (
  `id` int(11) NOT NULL AUTO_INCREMENT,
  `id_usuario` int(11) NOT NULL,
  `id_cliente` int(11) NOT NULL,
  `observacao` text DEFAULT NULL,
  `dt_auditoria` date NOT NULL,
  `dt_registro` datetime DEFAULT current_timestamp(),
  `st_auditoria` varchar(45) DEFAULT NULL,
  PRIMARY KEY (`id`),
  KEY `id_usuario` (`id_usuario`),
  KEY `id_cliente` (`id_cliente`),
  CONSTRAINT `auditorias_ibfk_1` FOREIGN KEY (`id_usuario`) REFERENCES `usuarios` (`id`) ON DELETE CASCADE,
  CONSTRAINT `auditorias_ibfk_2` FOREIGN KEY (`id_cliente`) REFERENCES `clientes` (`id`) ON DELETE CASCADE
) ENGINE=InnoDB AUTO_INCREMENT=64 DEFAULT CHARSET=utf8mb4 COLLATE=utf8mb4_0900_ai_ci;
/*!40101 SET character_set_client = @saved_cs_client */;

--
-- Dumping data for table `auditorias`
--

LOCK TABLES `auditorias` WRITE;
/*!40000 ALTER TABLE `auditorias` DISABLE KEYS */;
INSERT INTO `auditorias` VALUES (17,27,41,'','2025-10-20','2025-10-19 18:42:42','C'),(20,27,30,'','2025-10-21','2025-10-21 18:41:47','F'),(21,23,43,'Teste','2025-10-21','2025-10-21 20:57:27','F'),(22,1,48,'','2025-10-21','2025-10-21 23:40:33','C'),(23,23,45,'Auditoria realizada as 8:30 h da manh ','2025-10-28','2025-10-28 11:39:06','F'),(24,1,49,'Auditoria Teste','2025-10-30','2025-10-30 14:06:19','C'),(25,23,32,'','2025-10-30','2025-11-02 18:43:24','C'),(26,23,32,'','2025-10-31','2025-11-02 19:09:18','F'),(27,23,33,'','2025-10-28','2025-11-02 19:31:52','C'),(28,23,33,'','2025-10-28','2025-11-02 19:39:17','C'),(29,23,34,'','2025-10-31','2025-11-02 19:50:13','F'),(30,23,35,'Gerente: Aroldo','2025-10-29','2025-11-02 20:07:01','C'),(31,23,35,'','2025-10-28','2025-11-02 20:08:15','F'),(32,23,44,'','2025-10-28','2025-11-02 20:17:09','F'),(33,23,37,'Realizada das 8:30 as 11:30 h','2025-10-30','2025-11-03 17:23:34','C'),(34,23,37,'Realizada no perodo da manh! ','2025-10-30','2025-11-03 17:28:57','F'),(35,23,40,'Auditoria realizada sem acompanhamento pois era folga dos gerentes!\n','2025-10-30','2025-11-03 17:47:53','F'),(36,23,39,'Avaliao feita no modo on line com a gerente Giovana','2025-11-03','2025-11-04 18:10:02','F'),(37,23,48,'Auditoria realizada presencialmente!','2025-10-30','2025-11-04 18:50:39','F'),(38,27,40,'','2025-10-30','2025-11-07 00:34:05','C'),(39,27,42,'','2025-10-29','2025-11-07 02:26:35','F'),(40,27,41,'','2025-10-29','2025-11-07 18:09:08','C'),(41,29,43,'Perro Loco\nBugaMu\nEspetaria','2025-11-13','2025-11-13 21:04:44','F'),(42,29,43,'','2025-11-13','2025-11-13 21:55:37','C'),(43,29,36,'Vrias reas para serem avaliadas ','2025-11-18','2025-11-18 18:55:48','F'),(44,27,40,'','2025-11-19','2025-11-19 17:08:39','C'),(45,23,38,'Vistoria realizada pela manh na Arel','2025-11-25','2025-11-25 12:19:53','F'),(46,23,44,'Auditoria realizada na parte do almoo!','2025-11-25','2025-11-25 14:13:56','F'),(47,23,35,'Vistoria realizada a tarde na loja do Boulevard!','2025-11-25','2025-11-25 19:08:34','F'),(48,23,35,'Realizada a tarde e acompanhada pelo Victor!','2025-11-25','2025-11-25 19:14:03','C'),(49,27,45,'','2025-11-25','2025-11-25 19:49:04','C'),(50,23,34,'Auditoria realizada as 18h ','2025-11-25','2025-11-25 21:10:01','F'),(51,23,32,'Auditoria realizada pela manh ','2025-11-26','2025-11-26 11:16:40','F'),(52,23,33,'Auditoria realizada as 12h ','2025-11-26','2025-11-26 15:00:48','F'),(53,23,31,'Realizada as 15 h','2025-11-26','2025-11-26 18:10:19','F'),(54,27,30,'','2025-11-26','2025-11-26 18:43:59','F'),(55,28,50,'','2025-11-26','2025-11-26 19:03:32','F'),(56,23,45,'Arrumando o item que no precisa ser avaliado ','2025-11-27','2025-11-27 12:14:24','F'),(57,28,40,'','2025-11-27','2025-11-27 18:54:20','F'),(58,23,48,'Vistoria realizada as 17 h','2025-11-27','2025-11-27 19:43:14','F'),(59,27,41,'','2025-11-28','2025-11-28 14:37:29','F'),(60,27,42,'','2025-11-28','2025-11-28 14:52:31','F'),(61,23,49,'','2025-12-01','2025-12-01 14:14:58','C'),(62,23,49,'','2025-12-02','2025-12-02 16:23:14','A'),(63,27,30,'','2025-10-21','2025-12-07 21:27:14','C');
/*!40000 ALTER TABLE `auditorias` ENABLE KEYS */;
UNLOCK TABLES;

--
-- Table structure for table `clientes`
--

DROP TABLE IF EXISTS `clientes`;
/*!40101 SET @saved_cs_client     = @@character_set_client */;
/*!50503 SET character_set_client = utf8mb4 */;
CREATE TABLE `clientes` (
  `id` int(11) NOT NULL AUTO_INCREMENT,
  `razao_social` varchar(150) NOT NULL,
  `cnpj` varchar(18) NOT NULL,
  `responsavel` varchar(255) DEFAULT NULL,
  `email` varchar(255) DEFAULT NULL,
  `telefone` varchar(50) DEFAULT NULL,
  `endereco` varchar(255) DEFAULT NULL,
  `dt_registro` datetime DEFAULT current_timestamp(),
  `dt_atualizacao` datetime DEFAULT current_timestamp() ON UPDATE current_timestamp(),
  PRIMARY KEY (`id`)
) ENGINE=InnoDB AUTO_INCREMENT=51 DEFAULT CHARSET=utf8mb4 COLLATE=utf8mb4_0900_ai_ci;
/*!40101 SET character_set_client = @saved_cs_client */;

--
-- Dumping data for table `clientes`
--

LOCK TABLES `clientes` WRITE;
/*!40000 ALTER TABLE `clientes` DISABLE KEYS */;
INSERT INTO `clientes` VALUES (30,'Aougue - O Garfo','12.384.826/0003-42','Gisele','rafael@contabiliza.com.br','(41) 99999-9999','Cliente, 000','2025-10-13 22:40:00','2025-11-11 23:34:06'),(31,'Restaurante - O Garfo','12.384.826/0001-80','Gisele','rafael@contabiliza.com.br','(41) 99999-9999','Cliente, 000','2025-10-13 22:40:00','2025-10-22 12:52:56'),(32,'Borelli Higienpolis','35.839.280/0002-91','Gisele','financeiro@junqueiraeferreira.com.br',NULL,NULL,'2025-10-13 22:40:00','2025-10-13 22:40:00'),(33,'Borelli Aurora','35.839.280/0005-34','Gisele','financeiro@junqueiraeferreira.com.br',NULL,NULL,'2025-10-13 22:40:00','2025-10-13 22:40:00'),(34,'Borelli Catua','35.839.280/0003-72','Gisele','financeiro@junqueiraeferreira.com.br',NULL,NULL,'2025-10-13 22:40:00','2025-10-13 22:40:00'),(35,'Borelli Boulevard','35.839.280/0001-00','Gisele','financeiro@junqueiraeferreira.com.br',NULL,NULL,'2025-10-13 22:40:00','2025-10-13 22:40:00'),(36,'Confeitaria Holandesa','18.552.558/0001-80','Gisele','holandesalondrina@gmail.com',NULL,NULL,'2025-10-13 22:40:00','2025-10-13 22:40:00'),(37,'Buffet Planalto','75.235.911/0001-05','Gisele','financeiro.planalto@sercomtel.com.br',NULL,NULL,'2025-10-13 22:40:00','2025-10-13 22:40:00'),(38,'Restaurante Duegusti- AREL','28.162.143/0001-19','Gisele','gutokanashiro@gmail.com',NULL,NULL,'2025-10-13 22:40:00','2025-10-13 22:40:00'),(39,'Gracco Burger Mg','45.750.374/0001-62','Gisele','nadoribeirete@gmail.com',NULL,NULL,'2025-10-13 22:40:00','2025-10-13 22:40:00'),(40,'Gracco Burger Lda','54.986.227/0001-87','Gisele','graccoburger@hotmail.com',NULL,NULL,'2025-10-13 22:40:00','2025-10-13 22:40:00'),(41,'Mercado Cinco Coraes - Unid 1','27.752.628/0001-08','Gisele','cincocoracoeslondrina@gmail.com',NULL,NULL,'2025-10-13 22:40:00','2025-10-13 22:40:00'),(42,'Mercado Cinco Coraes - Unid 2','27.752.628/0002-80','Gisele','cincocoracoeslondrina@gmail.com','(41) 99999-9999','Rua Cinco Coraes','2025-10-13 22:40:00','2025-10-22 12:54:15'),(43,'Espetaria Arapongas','55.879.980/0001-36','Gisele','espetariaarapongas@gmail.com',NULL,NULL,'2025-10-13 22:40:00','2025-10-13 22:40:00'),(44,'Pizzaria Bella Capri','35.839.280/0006-15','Gisele','financeiro@junqueiraeferreira.com.br',NULL,NULL,'2025-10-13 22:40:00','2025-10-13 22:40:00'),(45,'Dona Francisca Doces','34.177.085/0001-08','Gisele','contato@donafrancisca.com.br',NULL,NULL,'2025-10-13 22:40:00','2025-10-13 22:40:00'),(46,'Bolos do Frei Palhano','11.259.353/0001-27','Gisele','contato@bolosdofreipalhano.com.br',NULL,NULL,'2025-10-13 22:40:00','2025-10-13 22:40:00'),(47,'Choperia R2','32.134.551/0001-34','Gisele','financeiro@r2choperia.com.br',NULL,NULL,'2025-10-13 22:40:00','2025-10-13 22:40:00'),(48,'State Steak','53.460.449/0001-07','Gisele','contato@atatesteak.com.br',NULL,NULL,'2025-10-13 22:40:00','2025-10-13 22:40:00'),(49,'Dby Tech','54.281.603/0001-38','Gisele','diego@dbytech.com.br','(41) 98404-2323',NULL,'2025-10-13 22:40:00','2025-10-13 22:40:00'),(50,'Pizzaria Benzoni','43.786.322/0001-10','Giuliano ','pizzariabenzoni@hotmail.com','(43) 98850-3866','Rua Ernani Lacerda de Athayde, 170','2025-11-20 17:21:51','2025-11-20 17:21:51');
/*!40000 ALTER TABLE `clientes` ENABLE KEYS */;
UNLOCK TABLES;

--
-- Table structure for table `perguntas`
--

DROP TABLE IF EXISTS `perguntas`;
/*!40101 SET @saved_cs_client     = @@character_set_client */;
/*!50503 SET character_set_client = utf8mb4 */;
CREATE TABLE `perguntas` (
  `id` int(11) NOT NULL AUTO_INCREMENT,
  `id_topico` int(11) NOT NULL,
  `descricao_pergunta` varchar(255) NOT NULL,
  `ordem_pergunta` int(11) NOT NULL,
  `dt_registro` datetime DEFAULT current_timestamp(),
  `is_active` tinyint(1) NOT NULL DEFAULT 1,
  PRIMARY KEY (`id`),
  UNIQUE KEY `pergunta_unica_topico` (`id_topico`,`descricao_pergunta`),
  UNIQUE KEY `ordem_unica_por_topico` (`id_topico`,`ordem_pergunta`),
  KEY `id_topico` (`id_topico`),
  CONSTRAINT `perguntas_ibfk_1` FOREIGN KEY (`id_topico`) REFERENCES `topicos` (`id`) ON DELETE CASCADE
) ENGINE=InnoDB AUTO_INCREMENT=534 DEFAULT CHARSET=utf8mb4 COLLATE=utf8mb4_0900_ai_ci;
/*!40101 SET character_set_client = @saved_cs_client */;

--
-- Dumping data for table `perguntas`
--

LOCK TABLES `perguntas` WRITE;
/*!40000 ALTER TABLE `perguntas` DISABLE KEYS */;
INSERT INTO `perguntas` VALUES (1,1,'A planilha de controle de recebimento est sendo preenchida ?',1,'2025-09-06 18:27:43',1),(2,1,'A data de validade  conferida no recebimento?',2,'2025-09-06 18:27:43',1),(3,1,' verificada a integridade das embalagens?',3,'2025-09-06 18:27:43',1),(4,1,'As planilhas de recebimento de hortifruti, padaria e embalagens esto sendo preenchidas no ato do recebimento, por item?',4,'2025-09-06 18:27:43',1),(5,1,'Os alimentos perecveis esto sendo rotulados e armazenados em local e temperatura adequada?',5,'2025-09-06 18:27:43',1),(6,1,'Os materiais esto sendo armazenados em local apropriado e organizados?',6,'2025-09-06 18:27:43',1),(7,1,'As entregas de carne e gelados esto sendo conferidas em local e temperatura adequada?',7,'2025-09-06 18:27:43',1),(8,1,'H um responsvel para o recebimento dos alimentos por planilha?',8,'2025-09-06 18:27:43',1),(15,3,'O processo de higienizao de hortifruti  realizado em 3 etapas (lavagem, sanitizao e enxgue)?',1,'2025-09-06 18:27:43',1),(16,3,'So utilizados produtos saneantes (cloro, hipoclorito, entre outros) nas concentraes e tempos de contato adequados para higienizao de hortifruti?',2,'2025-09-06 18:27:43',1),(17,3,'O enxgue  realizado em gua corrente?',3,'2025-09-06 18:27:43',1),(18,3,'Existe local e utenslios exclusivos para higienizao?',4,'2025-09-06 18:27:43',1),(19,3,'O responsvel pelo setor utiliza os EPIs adequados para o processo?',5,'2025-09-06 18:27:43',0),(20,4,'Os alimentos so armazenados em local apropriado e com temperatura ambiente adequada?',1,'2025-09-06 18:27:43',1),(21,4,'O local de armazenamento est limpo e organizado?',2,'2025-09-06 18:27:43',1),(22,4,'Os alimentos esto separados do cho e da parede?',3,'2025-09-06 18:27:43',1),(23,4,'A validade  verificada diariamente?',4,'2025-09-06 18:27:43',1),(24,5,'A temperatura do congelador est adequada (abaixo de -18C)?',1,'2025-09-06 18:27:43',1),(25,5,'O armazenamento est limpo e organizado?',2,'2025-09-06 18:27:43',1),(26,5,'So utilizados termmetros calibrados para monitorar a temperatura?',3,'2025-09-06 18:27:43',1),(27,5,'As embalagens esto em perfeito estado e corretamente rotuladas?',4,'2025-09-06 18:27:43',1),(28,5,'Existe a separao de alimentos por tipo?',5,'2025-09-06 18:27:43',1),(29,6,'A temperatura da geladeira est adequada (abaixo de 5C)?',1,'2025-09-06 18:27:43',1),(30,6,'O armazenamento est limpo e organizado?',2,'2025-09-06 18:27:43',1),(31,6,'So utilizados termmetros calibrados para monitorar a temperatura?',3,'2025-09-06 18:27:43',1),(32,6,'As embalagens esto em perfeito estado e corretamente rotuladas?',4,'2025-09-06 18:27:43',1),(33,6,'Existe a separao de alimentos por tipo?',5,'2025-09-06 18:27:43',1),(34,7,'Os equipamentos e utenslios esto limpos e conservados?',1,'2025-09-06 18:27:43',1),(35,7,'So utilizados produtos de limpeza adequados?',2,'2025-09-06 18:27:43',1),(36,7,'Os utenslios esto identificados por rea de uso?',3,'2025-09-06 18:27:43',1),(37,7,'A higienizao  realizada regularmente?',4,'2025-09-06 18:27:43',1),(38,8,'O salo e as mesas esto limpos e organizados?',1,'2025-09-06 18:27:43',1),(39,8,'As lixeiras esto em bom estado e com tampas?',2,'2025-09-06 18:27:43',1),(40,8,'As reas de circulao esto desimpedidas?',3,'2025-09-06 18:27:43',1),(41,8,'O local est livre de pragas e vetores?',4,'2025-09-06 18:27:43',1),(42,9,'A rea de pr-preparo  exclusiva e limpa?',1,'2025-09-06 18:27:43',1),(43,9,'Os utenslios so higienizados antes e depois do uso?',2,'2025-09-06 18:27:43',1),(44,9,'O pr-preparo de alimentos crus e cozidos  feito em reas diferentes?',3,'2025-09-06 18:27:43',1),(45,9,'So utilizadas tbuas de corte de cores diferentes para cada tipo de alimento?',4,'2025-09-06 18:27:43',1),(46,10,'A temperatura dos alimentos quentes  mantida acima de 60C?',1,'2025-09-06 18:27:43',1),(47,10,'A temperatura dos alimentos frios  mantida abaixo de 5C?',2,'2025-09-06 18:27:43',1),(48,10,'So utilizados equipamentos adequados para a distribuio?',3,'2025-09-06 18:27:43',1),(49,10,'O responsvel pelo setor utiliza os EPIs adequados?',4,'2025-09-06 18:27:43',1),(50,11,'O lixo  armazenado em local exclusivo e fechado?',1,'2025-09-06 18:27:43',1),(51,11,'As lixeiras so limpas e desinfetadas regularmente?',2,'2025-09-06 18:27:43',1),(52,11,'O lixo  retirado diariamente?',3,'2025-09-06 18:27:43',1),(53,12,'Existe um contrato com uma empresa de controle de pragas?',1,'2025-09-06 18:27:43',1),(54,12,'So realizadas vistorias regulares?',2,'2025-09-06 18:27:43',1),(55,12,'As reas internas e externas esto livres de pragas?',3,'2025-09-06 18:27:43',1),(56,13,'As embalagens so adequadas para o transporte?',1,'2025-09-06 18:27:43',1),(57,13,'A temperatura das refeies  monitorada?',2,'2025-09-06 18:27:43',1),(58,13,'As refeies so transportadas em veculos limpos?',3,'2025-09-06 18:27:43',1),(59,13,'As refeies so entregues no prazo correto?',4,'2025-09-06 18:27:43',1),(60,14,'Todos os profissionais esto com as unhas aparadas, limpas e sem esmalte?',1,'2025-09-06 18:27:43',1),(61,14,'No usam adornos (aliana, anis, brincos, clios postios, piercing em local aparente)?',2,'2025-09-06 18:27:43',1),(62,14,'No usam barba e bigode?',3,'2025-09-06 18:27:43',1),(63,14,'Profissionais e visitantes usam proteo para os cabelos (touca) cobrindo as orelhas?',4,'2025-09-06 18:27:43',1),(64,14,'Existe pia exclusiva para higienizao das mos?',5,'2025-09-06 18:27:43',1),(65,14,'A pia de higiene das mos no  utilizada para outros fins?',6,'2025-09-06 18:27:43',1),(66,14,'Quando no h pia exclusiva  determinado um local para higiene das mos?',7,'2025-09-06 18:27:43',1),(67,14,'Higienizam as mos seguindo os procedimentos?',8,'2025-09-06 18:27:43',1),(68,14,'H na pia de higienizao das mos sabonete bactericida e papel toalha branco?',9,'2025-09-06 18:27:43',1),(69,14,'Todos os profissionais esto uniformizados e limpos?',10,'2025-09-06 18:27:43',1),(253,29,'O descongelamento de carnes  feito em ambiente refrigerado?',1,'2025-09-27 21:34:30',0),(254,29,'O preparo de carnes  feito em rea isolada dos demais alimentos?',2,'2025-09-27 21:34:30',0),(255,29,'As carnes so embaladas e rotuladas?',3,'2025-09-27 21:34:30',0),(256,29,'So utilizadas embalagens prprias?',4,'2025-09-27 21:34:30',0),(257,29,'A refrigerao est adequada?',5,'2025-09-27 21:34:30',0),(258,29,' feita a higienizao das embalagens de carnes recebidas no local?',6,'2025-09-27 21:34:30',0),(304,11,'Quando h cruzamento da sada de lixo e entrada de insumos so determinados horrios diferentes?',4,'2025-09-27 21:34:30',1),(305,11,'Os coletores de lixo tem pedal e esto funcionando?',5,'2025-09-27 21:34:30',1),(306,9,'A temperatura dos alimentos  monitorada dentro de pistas frias e quentes?',5,'2025-09-27 21:34:30',1),(307,9,'A rea de devoluo dos alimentos est organizada e limpa?',6,'2025-09-27 21:34:30',1),(308,9,'No h cruzamento de restos de alimentos e pratos prontos?',7,'2025-09-27 21:34:30',1),(309,13,'Alimentos que aguardam distribuio esto em HotBox limpas ?',5,'2025-09-27 21:34:30',1),(310,13,'A temperatura dos alimentos foi anotada em planilha prpria?',6,'2025-09-27 21:34:30',1),(311,13,'A rea de expedio e devoluo est limpa?',7,'2025-09-27 21:34:30',1),(312,13,'A rea de expedio e devoluo possui paletes ou mesas de apoio?',8,'2025-09-27 21:34:30',1),(313,13,' realizada a coleta, identificao e armazenamento das amostras conforme legislao?',9,'2025-09-27 21:34:30',1),(314,13,'O veculo est limpo?',10,'2025-09-27 21:34:30',1),(315,13,'A licena sanitria do veculo est dentro do prazo?',11,'2025-09-27 21:34:30',1),(316,13,'O motorista possui habilitao para este servio?',12,'2025-09-27 21:34:30',1),(317,11,'No h cruzamento de lixo e insumos se estes usam o mesmo local de entrada e sada?',6,'2025-09-27 21:34:30',1),(318,15,'Os equipamentos de manuteno de temperatura e ventilao esto funcionando e em bom estado de conservao?',1,'2025-10-30 00:57:35',1),(319,15,'H correto escoamento de gua aps as etapas de higienizao?',2,'2025-10-30 00:57:35',1),(320,15,' feita a troca ou a higienizao constante (a cada 2h) das facas, chairas e tbuas?',3,'2025-10-30 00:57:35',1),(321,15,'H diferenciao dos utenslios por espcie de carne a ser manipulada? ',4,'2025-10-30 00:57:35',1),(322,15,'H luva de malha de ao?',5,'2025-10-30 00:57:35',1),(323,15,'A luva de malha de ao est limpa e armazenada corretamente?',6,'2025-10-30 00:57:35',1),(450,56,'Os equipamentos de manuteno de temperatura e ventilao esto funcionando e em bom estado de conservao?',1,'2025-11-03 21:26:51',1),(451,56,'H correto escoamento de gua aps as etapas de higienizao?',2,'2025-11-03 21:26:51',1),(452,56,' feita a troca ou a higienizao constante (a cada 2h) das facas, chairas e tbuas?',3,'2025-11-03 21:26:51',1),(453,56,'H diferenciao dos utenslios por espcie de carne a ser manipulada? ',4,'2025-11-03 21:26:51',1),(454,56,'H luva de malha de ao?',5,'2025-11-03 21:26:51',1),(455,56,'A luva de malha de ao est limpa e armazenada corretamente?',6,'2025-11-03 21:26:51',1),(456,57,'Existe um contrato com uma empresa de controle de pragas?',1,'2025-11-03 21:31:14',1),(457,57,'So realizadas vistorias regulares?',2,'2025-11-03 21:31:14',1),(458,57,'As reas internas e externas esto livres de pragas?',3,'2025-11-03 21:31:14',1),(459,57,'As armadilhas de mosca esto limpas e com o refil trocado?',4,'2025-11-03 21:31:14',1),(460,58,'O descongelamento de carnes  feito em ambiente refrigerado?',1,'2025-11-23 23:47:24',1),(461,58,'O preparo de carnes  feito em rea isolada dos demais alimentos?',2,'2025-11-23 23:47:24',1),(462,58,'As carnes so embaladas e rotuladas?',3,'2025-11-23 23:47:24',1),(463,58,'So utilizadas embalagens prprias?',4,'2025-11-23 23:47:24',1),(464,58,'A refrigerao das carnes est adequada?',5,'2025-11-23 23:47:24',1),(465,58,' feita a higienizao das embalagens de carnes recebidas no local?',6,'2025-11-23 23:47:24',1),(466,59,'O descongelamento de carnes  feito em ambiente refrigerado?',1,'2025-11-23 23:47:25',0),(467,59,'O preparo de carnes  feito em rea isolada dos demais alimentos?',2,'2025-11-23 23:47:25',0),(468,59,'As carnes so embaladas e rotuladas?',3,'2025-11-23 23:47:25',0),(469,59,'So utilizadas embalagens prprias?',4,'2025-11-23 23:47:25',0),(470,59,'A refrigerao das carnes est adequada?',5,'2025-11-23 23:47:25',0),(471,59,' feita a higienizao das embalagens de carnes recebidas no local?',6,'2025-11-23 23:47:25',0),(472,60,'Os equipamentos e utenslios esto limpos e conservados?',1,'2025-12-02 23:28:51',1),(473,60,'So utilizados produtos de limpeza adequados?',2,'2025-12-02 23:28:51',1),(474,60,'Os utenslios esto identificados por rea de uso?',3,'2025-12-02 23:28:51',1),(475,60,'A higienizao  realizada regularmente?',4,'2025-12-02 23:28:51',1),(476,60,'So utilizados panos multi uso corretamente?',5,'2025-12-02 23:28:51',1),(477,61,'O salo e as mesas esto limpos e organizados?',1,'2025-12-02 23:48:27',1),(478,61,'As lixeiras esto em bom estado e com tampas?',2,'2025-12-02 23:48:27',1),(479,61,'As reas de circulao esto desimpedidas?',3,'2025-12-02 23:48:27',1),(480,61,'O local est livre de pragas e vetores?',4,'2025-12-02 23:48:27',1),(481,61,'As planilhas internas esto sendo preenchidas?',5,'2025-12-02 23:48:27',1),(482,62,'A temperatura dos alimentos quentes  mantida acima de 60C?',1,'2025-12-08 20:26:42',1),(483,62,'A temperatura dos alimentos frios  mantida abaixo de 5C?',2,'2025-12-08 20:26:42',1),(484,62,'So utilizados equipamentos adequados para a distribuio?',3,'2025-12-08 20:26:42',1),(485,62,'O responsvel pelo setor utiliza os EPIs adequados?',4,'2025-12-08 20:26:42',1),(486,63,'As embalagens so adequadas para o transporte?',1,'2025-12-08 20:27:19',1),(487,63,'A temperatura das refeies  monitorada?',2,'2025-12-08 20:27:19',1),(488,63,'As refeies so transportadas em veculos limpos?',3,'2025-12-08 20:27:19',1),(489,63,'As refeies so entregues no prazo correto?',4,'2025-12-08 20:27:19',1),(490,63,'Alimentos que aguardam distribuio esto em HotBox limpas ?',5,'2025-12-08 20:27:19',1),(491,63,'A temperatura dos alimentos foi anotada em planilha prpria?',6,'2025-12-08 20:27:19',1),(492,63,'A rea de expedio e devoluo est limpa?',7,'2025-12-08 20:27:19',1),(493,63,'A rea de expedio e devoluo possui paletes ou mesas de apoio?',8,'2025-12-08 20:27:19',1),(494,63,' realizada a coleta, identificao e armazenamento das amostras conforme legislao?',9,'2025-12-08 20:27:19',1),(495,63,'O veculo est limpo?',10,'2025-12-08 20:27:19',1),(496,63,'A licena sanitria do veculo est dentro do prazo?',11,'2025-12-08 20:27:19',1),(497,63,'O motorista possui habilitao para este servio?',12,'2025-12-08 20:27:19',1),(498,64,'Os equipamentos de manuteno de temperatura e ventilao esto funcionando e em bom estado de conservao?',1,'2025-12-08 20:27:55',1),(499,64,'H correto escoamento de gua aps as etapas de higienizao?',2,'2025-12-08 20:27:55',1),(500,64,' feita a troca ou a higienizao constante (a cada 2h) das facas, chairas e tbuas?',3,'2025-12-08 20:27:55',1),(501,64,'H diferenciao dos utenslios por espcie de carne a ser manipulada? ',4,'2025-12-08 20:27:55',1),(502,64,'H luva de malha de ao?',5,'2025-12-08 20:27:55',1),(503,64,'A luva de malha de ao est limpa e armazenada corretamente?',6,'2025-12-08 20:27:55',1),(504,65,'A temperatura do congelador est adequada (abaixo de -18C)?',1,'2025-12-08 20:30:27',1),(505,65,'O armazenamento est limpo e organizado?',2,'2025-12-08 20:30:27',1),(506,65,'So utilizados termmetros calibrados para monitorar a temperatura?',3,'2025-12-08 20:30:27',1),(507,65,'As embalagens esto em perfeito estado e corretamente rotuladas?',4,'2025-12-08 20:30:27',1),(508,65,'Existe a separao de alimentos por tipo?',5,'2025-12-08 20:30:27',1),(509,66,'A temperatura do congelador est adequada (abaixo de -18C)?',1,'2025-12-08 20:31:07',1),(510,66,'O armazenamento est limpo e organizado?',2,'2025-12-08 20:31:07',1),(511,66,'So utilizados termmetros calibrados para monitorar a temperatura?',3,'2025-12-08 20:31:07',1),(512,66,'As embalagens esto em perfeito estado e corretamente rotuladas?',4,'2025-12-08 20:31:07',1),(513,66,'Existe a separao de alimentos por tipo?',5,'2025-12-08 20:31:07',1),(514,67,'A temperatura dos equipamentos est adequada?',1,'2025-12-08 20:32:21',1),(515,67,'O armazenamento est limpo e organizado?',2,'2025-12-08 20:32:21',1),(516,67,'So utilizados termmetros calibrados para monitorar a temperatura?',3,'2025-12-08 20:32:21',1),(517,67,'As embalagens esto em perfeito estado e corretamente rotuladas?',4,'2025-12-08 20:32:21',1),(518,67,'Existe a separao de alimentos por tipo?',5,'2025-12-08 20:32:21',1),(519,68,'Os equipamentos e utenslios esto limpos e conservados?',1,'2025-12-09 09:59:51',1),(520,68,'So utilizados produtos de limpeza adequados?',2,'2025-12-09 09:59:51',1),(521,68,'Os utenslios esto identificados por rea de uso?',3,'2025-12-09 09:59:51',1),(522,68,'A higienizao  realizada regularmente?',4,'2025-12-09 09:59:51',1),(523,68,'So utilizados panos multi uso corretamente?',5,'2025-12-09 09:59:51',1),(524,69,'Os equipamentos e utenslios esto limpos e conservados?',1,'2025-12-09 09:59:53',1),(525,69,'So utilizados produtos de limpeza adequados?',2,'2025-12-09 09:59:53',1),(526,69,'Os utenslios esto identificados por rea de uso?',3,'2025-12-09 09:59:53',1),(527,69,'A higienizao  realizada regularmente?',4,'2025-12-09 09:59:53',1),(528,69,'So utilizados panos multi uso corretamente?',5,'2025-12-09 09:59:53',1),(529,70,'O salo e as mesas esto limpos e organizados?',1,'2025-12-09 10:00:05',1),(530,70,'As lixeiras esto em bom estado e com tampas?',2,'2025-12-09 10:00:05',1),(531,70,'As reas de circulao esto desimpedidas?',3,'2025-12-09 10:00:05',1),(532,70,'O local est livre de pragas e vetores?',4,'2025-12-09 10:00:05',1),(533,70,'As planilhas internas esto sendo preenchidas?',5,'2025-12-09 10:00:05',1);
/*!40000 ALTER TABLE `perguntas` ENABLE KEYS */;
UNLOCK TABLES;

--
-- Table structure for table `respostas`
--

DROP TABLE IF EXISTS `respostas`;
/*!40101 SET @saved_cs_client     = @@character_set_client */;
/*!50503 SET character_set_client = utf8mb4 */;
CREATE TABLE `respostas` (
  `id` int(11) NOT NULL AUTO_INCREMENT,
  `id_auditoria` int(11) NOT NULL,
  `id_pergunta` int(11) NOT NULL,
  `st_pergunta` enum('CF','NC','PC','NE') NOT NULL,
  `comentario` text DEFAULT NULL,
  `dt_resposta` datetime DEFAULT current_timestamp(),
  `dt_registro` datetime DEFAULT current_timestamp(),
  PRIMARY KEY (`id`),
  UNIQUE KEY `idx_auditoria_pergunta` (`id_auditoria`,`id_pergunta`),
  KEY `id_auditoria` (`id_auditoria`),
  KEY `id_pergunta` (`id_pergunta`),
  CONSTRAINT `respostas_ibfk_1` FOREIGN KEY (`id_auditoria`) REFERENCES `auditorias` (`id`),
  CONSTRAINT `respostas_ibfk_2` FOREIGN KEY (`id_pergunta`) REFERENCES `perguntas` (`id`)
) ENGINE=InnoDB AUTO_INCREMENT=10474 DEFAULT CHARSET=utf8mb4 COLLATE=utf8mb4_0900_ai_ci;
/*!40101 SET character_set_client = @saved_cs_client */;

--
-- Dumping data for table `respostas`
--

LOCK TABLES `respostas` WRITE;
/*!40000 ALTER TABLE `respostas` DISABLE KEYS */;
INSERT INTO `respostas` VALUES (1085,17,1,'NC','','2025-10-19 18:42:42','2025-10-19 18:42:42'),(1086,17,2,'CF','','2025-10-19 18:42:43','2025-10-19 18:42:43'),(1087,17,3,'CF','','2025-10-19 18:42:43','2025-10-19 18:42:43'),(1088,17,4,'NE','','2025-10-19 18:42:43','2025-10-19 18:42:43'),(1089,17,5,'PC','','2025-10-19 18:42:43','2025-10-19 18:42:43'),(1090,17,6,'NC','','2025-10-19 18:42:43','2025-10-19 18:42:43'),(1091,17,7,'NC','','2025-10-19 18:42:44','2025-10-19 18:42:44'),(1092,17,8,'NC','','2025-10-19 18:42:44','2025-10-19 18:42:44'),(1093,17,15,'NE','','2025-10-19 18:42:44','2025-10-19 18:42:44'),(1094,17,16,'NE','','2025-10-19 18:42:44','2025-10-19 18:42:44'),(1095,17,17,'NE','','2025-10-19 18:42:44','2025-10-19 18:42:44'),(1096,17,18,'NE','','2025-10-19 18:42:45','2025-10-19 18:42:45'),(1097,17,19,'NE','','2025-10-19 18:42:45','2025-10-19 18:42:45'),(1098,17,20,'CF','','2025-10-19 18:42:45','2025-10-19 18:42:45'),(1099,17,21,'NC','','2025-10-19 18:42:45','2025-10-19 18:42:45'),(1100,17,22,'PC','','2025-10-19 18:42:45','2025-10-19 18:42:45'),(1101,17,23,'CF','','2025-10-19 18:42:45','2025-10-19 18:42:45'),(1102,17,24,'CF','','2025-10-19 18:42:46','2025-10-19 18:42:46'),(1103,17,25,'NC','','2025-10-19 18:42:46','2025-10-19 18:42:46'),(1104,17,26,'CF','','2025-10-19 18:42:46','2025-10-19 18:42:46'),(1105,17,27,'PC','','2025-10-19 18:42:46','2025-10-19 18:42:46'),(1106,17,28,'NC','','2025-10-19 18:42:46','2025-10-19 18:42:46'),(1107,17,29,'CF','','2025-10-19 18:42:47','2025-10-19 18:42:47'),(1108,17,30,'NC','','2025-10-19 18:42:47','2025-10-19 18:42:47'),(1109,17,31,'PC','Apenas h monitoramento dos equipamentos. No h monitoramento da temperatura das carnes recebidas. ','2025-10-19 18:42:47','2025-10-19 18:42:47'),(1110,17,32,'CF','','2025-10-19 18:42:47','2025-10-19 18:42:47'),(1111,17,33,'CF','','2025-10-19 18:42:47','2025-10-19 18:42:47'),(1112,17,34,'PC','','2025-10-19 18:42:48','2025-10-19 18:42:48'),(1113,17,35,'CF','','2025-10-19 18:42:48','2025-10-19 18:42:48'),(1114,17,36,'CF','','2025-10-19 18:42:48','2025-10-19 18:42:48'),(1115,17,37,'PC','','2025-10-19 18:42:48','2025-10-19 18:42:48'),(1116,17,38,'NE','','2025-10-19 18:42:48','2025-10-19 18:42:48'),(1117,17,39,'CF','','2025-10-19 18:42:48','2025-10-19 18:42:48'),(1118,17,40,'CF','','2025-10-19 18:42:49','2025-10-19 18:42:49'),(1119,17,41,'NC','','2025-10-19 18:42:49','2025-10-19 18:42:49'),(1120,17,42,'CF','','2025-10-19 18:42:49','2025-10-19 18:42:49'),(1121,17,43,'CF','','2025-10-19 18:42:49','2025-10-19 18:42:49'),(1122,17,44,'PC','No h salas distintas, mas a manipulao ocorre em momentos diferentes ','2025-10-19 18:42:49','2025-10-19 18:42:49'),(1123,17,45,'NE','','2025-10-19 18:42:50','2025-10-19 18:42:50'),(1124,17,46,'CF','','2025-10-19 18:42:50','2025-10-19 18:42:50'),(1125,17,47,'CF','','2025-10-19 18:42:50','2025-10-19 18:42:50'),(1126,17,48,'NC','Transporte em carro comum sem refrigerao ','2025-10-19 18:42:50','2025-10-19 18:42:50'),(1127,17,49,'CF','','2025-10-19 18:42:50','2025-10-19 18:42:50'),(1128,17,50,'CF','','2025-10-19 18:42:51','2025-10-19 18:42:51'),(1129,17,51,'CF','','2025-10-19 18:42:51','2025-10-19 18:42:51'),(1130,17,52,'CF','','2025-10-19 18:42:51','2025-10-19 18:42:51'),(1131,17,53,'CF','','2025-10-19 18:42:51','2025-10-19 18:42:51'),(1132,17,54,'NC','','2025-10-19 18:42:51','2025-10-19 18:42:51'),(1133,17,55,'PC','','2025-10-19 18:42:52','2025-10-19 18:42:52'),(1134,17,56,'CF','','2025-10-19 18:42:52','2025-10-19 18:42:52'),(1135,17,57,'NE','','2025-10-19 18:42:52','2025-10-19 18:42:52'),(1136,17,58,'NE','','2025-10-19 18:42:52','2025-10-19 18:42:52'),(1137,17,59,'NE','','2025-10-19 18:42:52','2025-10-19 18:42:52'),(1138,17,60,'NC','','2025-10-19 18:42:52','2025-10-19 18:42:52'),(1139,17,61,'CF','','2025-10-19 18:42:53','2025-10-19 18:42:53'),(1140,17,62,'CF','','2025-10-19 18:42:53','2025-10-19 18:42:53'),(1141,17,63,'CF','','2025-10-19 18:42:53','2025-10-19 18:42:53'),(1142,17,64,'CF','','2025-10-19 18:42:53','2025-10-19 18:42:53'),(1143,17,65,'NC','','2025-10-19 18:42:53','2025-10-19 18:42:53'),(1144,17,66,'CF','','2025-10-19 18:42:54','2025-10-19 18:42:54'),(1145,17,67,'NC','','2025-10-19 18:42:54','2025-10-19 18:42:54'),(1146,17,68,'CF','','2025-10-19 18:42:54','2025-10-19 18:42:54'),(1147,17,69,'CF','','2025-10-19 18:42:54','2025-10-19 18:42:54'),(1148,17,253,'CF','','2025-10-19 18:42:54','2025-10-19 18:42:54'),(1149,17,254,'CF','','2025-10-19 18:42:55','2025-10-19 18:42:55'),(1150,17,255,'PC','Necessrio atualizar rotulagem.','2025-10-19 18:42:55','2025-10-19 18:42:55'),(1151,17,256,'CF','','2025-10-19 18:42:55','2025-10-19 18:42:55'),(1152,17,257,'CF','','2025-10-19 18:42:55','2025-10-19 18:42:55'),(1153,17,258,'NE','','2025-10-19 18:42:55','2025-10-19 18:42:55'),(1249,20,253,'CF','','2025-10-21 18:41:53','2025-10-21 18:41:53'),(1250,20,254,'CF','','2025-10-21 18:42:01','2025-10-21 18:42:01'),(1352,20,255,'NC','Carnes in natura estavam todas com etiqueta. Carne temperada, manipulada, sem etiqueta. ','2025-10-21 18:44:22','2025-10-21 18:44:22'),(1353,20,256,'CF','','2025-10-21 18:46:41','2025-10-21 18:46:41'),(1610,20,257,'PC','Adquiriram termmetro (no calibrado). A temperatura da sala ainda fica acima do limite exigido para ambientes que moem carne. Para demais ambientes, normalmente  aceito entre 12 a 16C','2025-10-21 18:50:38','2025-10-21 18:50:38'),(1611,20,258,'NE','','2025-10-21 18:51:35','2025-10-21 18:51:35'),(1612,20,20,'CF','','2025-10-21 18:51:42','2025-10-21 18:51:42'),(1774,20,21,'PC','Precisa melhorar organizao: caixa de carne temperada na mesma estante da parte de matria-prima, onde ficam as caixas de papelo','2025-10-21 18:56:56','2025-10-21 18:56:56'),(1775,20,22,'CF','','2025-10-21 18:57:36','2025-10-21 18:57:36'),(2058,20,23,'NC','Na parte das carnes, geralmente eu aviso quando vejo um lote com validade prxima, mas  comum no ter as etiquetas de usar primeiro. Evidente que no h controle dirio, mesmo porque j encontrei muitas vezes alguns temperos vencidos. ','2025-10-21 19:06:35','2025-10-21 19:06:35'),(2059,20,29,'CF','','2025-10-21 19:07:15','2025-10-21 19:07:15'),(2179,20,30,'PC','Caixa de produto temperado na cmara fria na mesma rea de matria-prima (ao lado da caixa de papelo)','2025-10-21 19:09:37','2025-10-21 19:09:37'),(2943,20,40,'PC','O depsito onde ficam as embalagens e outros itens, alm de ser rea de vestirio/troca de roupas, tem muitas caixas at o teto, no  totalmente desimpedido. ','2025-10-21 20:28:48','2025-10-21 20:28:48'),(2944,20,41,'CF','','2025-10-21 20:28:55','2025-10-21 20:28:55'),(2947,20,43,'PC','Apenas aps o uso','2025-10-21 20:29:08','2025-10-21 20:29:08'),(3056,20,44,'NE','Ocorre apenas manipulao de produtos crneos crus. ','2025-10-21 20:30:59','2025-10-21 20:30:59'),(3057,20,45,'NE','H uma tbua amarela, mas no  suficiente para manipular o frango. No est em uso. Para diferenciar as tbuas, usam o tamanho (a maior  usada para bovino e a menor para frango) ','2025-10-21 20:31:23','2025-10-21 20:31:23'),(3058,20,46,'NE','','2025-10-21 20:31:53','2025-10-21 20:31:53'),(3059,20,47,'CF','','2025-10-21 20:32:04','2025-10-21 20:32:04'),(3091,20,48,'NC','Necessrio carro refrigerado com licena sanitria','2025-10-21 20:33:39','2025-10-21 20:33:39'),(3092,20,49,'CF','','2025-10-21 20:56:35','2025-10-21 20:56:35'),(3093,20,53,'NC','Foi realizado pontualmente um servio de dedetizao e desratizao, e no foi mais renovado. Urgente contratar e manter. ','2025-10-21 20:56:52','2025-10-21 20:56:52'),(3211,21,253,'CF','','2025-10-21 20:58:59','2025-10-21 20:58:59'),(3213,21,254,'NC','','2025-10-21 20:59:56','2025-10-21 20:59:56'),(3215,21,255,'CF','','2025-10-21 21:00:16','2025-10-21 21:00:16'),(3219,21,256,'CF','','2025-10-21 21:00:52','2025-10-21 21:00:52'),(3220,21,257,'NC','','2025-10-21 21:01:23','2025-10-21 21:01:23'),(3221,21,258,'NE','','2025-10-21 21:01:48','2025-10-21 21:01:48'),(3222,21,20,'CF','','2025-10-21 21:01:55','2025-10-21 21:01:55'),(3223,21,21,'PC','Farinhas em local com umidade (farinha biju - Pinduca). Providenciada a troca do local de armazenamento. ','2025-10-21 21:08:35','2025-10-21 21:08:35'),(3229,21,22,'CF','','2025-10-21 21:12:07','2025-10-21 21:12:07'),(3230,21,23,'CF','','2025-10-21 21:13:32','2025-10-21 21:13:32'),(3231,21,29,'CF','','2025-10-21 21:14:35','2025-10-21 21:14:35'),(3234,21,30,'CF','','2025-10-21 21:15:36','2025-10-21 21:15:36'),(3235,21,31,'CF','','2025-10-21 21:15:40','2025-10-21 21:15:40'),(3236,21,32,'CF','','2025-10-21 21:29:58','2025-10-21 21:29:58'),(3237,21,33,'CF','','2025-10-21 21:30:23','2025-10-21 21:30:23'),(3238,21,34,'CF','','2025-10-21 21:36:18','2025-10-21 21:36:18'),(3239,21,35,'CF','','2025-10-21 21:40:13','2025-10-21 21:40:13'),(3240,21,36,'NC','','2025-10-21 21:41:31','2025-10-21 21:41:31'),(3241,21,37,'CF','','2025-10-21 21:41:36','2025-10-21 21:41:36'),(3242,21,38,'CF','','2025-10-21 21:42:53','2025-10-21 21:42:53'),(3243,21,39,'PC','H lixeiras que precisam de reforma no pedal. ','2025-10-21 21:49:15','2025-10-21 21:49:15'),(3246,21,40,'CF','','2025-10-21 21:49:33','2025-10-21 21:49:33'),(3247,21,41,'CF','','2025-10-21 21:49:43','2025-10-21 21:49:43'),(3248,21,42,'CF','','2025-10-21 21:50:01','2025-10-21 21:50:01'),(3249,21,43,'CF','','2025-10-21 21:50:43','2025-10-21 21:50:43'),(3250,21,44,'CF','Obs: a rea de cozimento  separada, mas na rea de preparo h apenas uma mesa onde ocorre manipulao de carne crua e tambm saladas. Orientadas a sempre higienizar completamente a mesa nessas trocas de produtos.','2025-10-21 21:51:09','2025-10-21 21:51:09'),(3266,21,45,'CF','','2025-10-21 21:52:46','2025-10-21 21:52:46'),(3267,21,46,'CF','','2025-10-21 21:55:20','2025-10-21 21:55:20'),(3268,21,47,'CF','','2025-10-21 21:55:30','2025-10-21 21:55:30'),(3269,21,48,'NE','','2025-10-21 21:55:40','2025-10-21 21:55:40'),(3272,21,49,'NE','','2025-10-21 21:56:35','2025-10-21 21:56:35'),(3275,21,53,'CF','','2025-10-21 21:57:23','2025-10-21 21:57:23'),(3276,21,54,'CF','','2025-10-21 22:09:35','2025-10-21 22:09:35'),(3277,21,55,'CF','','2025-10-21 22:09:42','2025-10-21 22:09:42'),(3278,21,56,'NE','','2025-10-21 22:09:55','2025-10-21 22:09:55'),(3279,21,57,'NE','','2025-10-21 22:09:59','2025-10-21 22:09:59'),(3280,21,58,'NE','','2025-10-21 22:10:05','2025-10-21 22:10:05'),(3281,21,59,'NE','','2025-10-21 22:10:46','2025-10-21 22:10:46'),(3282,21,60,'CF','','2025-10-21 22:11:12','2025-10-21 22:11:12'),(3283,21,61,'CF','','2025-10-21 22:11:25','2025-10-21 22:11:25'),(3284,21,62,'CF','','2025-10-21 22:11:36','2025-10-21 22:11:36'),(3285,21,63,'CF','','2025-10-21 22:11:51','2025-10-21 22:11:51'),(3286,21,64,'CF','','2025-10-21 22:12:18','2025-10-21 22:12:18'),(3287,21,65,'CF','','2025-10-21 22:12:35','2025-10-21 22:12:35'),(3288,21,66,'NE','','2025-10-21 22:12:42','2025-10-21 22:12:42'),(3289,21,67,'CF','','2025-10-21 22:12:47','2025-10-21 22:12:47'),(3290,21,68,'CF','','2025-10-21 22:12:56','2025-10-21 22:12:56'),(3291,21,69,'CF','','2025-10-21 22:13:22','2025-10-21 22:13:22'),(3292,21,50,'CF','','2025-10-21 22:14:22','2025-10-21 22:14:22'),(3293,21,51,'CF','','2025-10-21 22:14:32','2025-10-21 22:14:32'),(3294,21,52,'CF','','2025-10-21 22:14:40','2025-10-21 22:14:40'),(3295,21,15,'CF','','2025-10-21 22:14:46','2025-10-21 22:14:46'),(3296,21,16,'CF','','2025-10-21 22:14:54','2025-10-21 22:14:54'),(3297,21,17,'CF','','2025-10-21 22:15:00','2025-10-21 22:15:00'),(3298,21,18,'CF','','2025-10-21 22:15:23','2025-10-21 22:15:23'),(3299,21,19,'CF','','2025-10-21 22:15:33','2025-10-21 22:15:33'),(3300,21,24,'CF','','2025-10-21 22:15:39','2025-10-21 22:15:39'),(3302,21,25,'CF','','2025-10-21 22:15:49','2025-10-21 22:15:49'),(3303,21,26,'CF','','2025-10-21 22:15:55','2025-10-21 22:15:55'),(3304,21,27,'CF','','2025-10-21 22:16:00','2025-10-21 22:16:00'),(3305,21,28,'CF','','2025-10-21 22:16:07','2025-10-21 22:16:07'),(3306,21,1,'PC','H recebimentos fora do horrio em que os funcionrios chegam.','2025-10-21 22:16:53','2025-10-21 22:16:53'),(3316,21,2,'PC','Quando monitoram recebimento, verificam. Mas h recebimentos sem monitoramento pelos funcionrios.','2025-10-21 22:18:03','2025-10-21 22:18:03'),(3322,21,3,'PC','Idem ao anterior.','2025-10-21 22:18:40','2025-10-21 22:18:40'),(3325,21,4,'NE','','2025-10-21 22:18:55','2025-10-21 22:18:55'),(3326,21,5,'CF','','2025-10-21 22:19:01','2025-10-21 22:19:01'),(3327,21,6,'CF','','2025-10-21 22:19:09','2025-10-21 22:19:09'),(3328,21,7,'PC','Quando recebido pelos funcionrios,  verificado. Precisa ajustar/padronizar para que todos faam da mesma forma. ','2025-10-21 22:19:22','2025-10-21 22:19:22'),(3343,21,8,'PC','','2025-10-21 22:21:31','2025-10-21 22:21:31'),(3375,20,54,'NC','No dia da auditoria, no havia laudo de controle de pragas e vetores no estabelecimento. Constatado atraso, sendo necessrio e urgente colocar o controle em dia','2025-10-21 22:39:08','2025-10-21 22:39:08'),(3376,20,55,'CF','','2025-10-21 22:39:39','2025-10-21 22:39:39'),(3401,20,56,'NE','','2025-10-21 22:40:59','2025-10-21 22:40:59'),(3402,20,57,'NE','','2025-10-21 22:41:05','2025-10-21 22:41:05'),(3405,20,58,'NE','','2025-10-21 22:52:21','2025-10-21 22:52:21'),(3406,20,59,'NE','','2025-10-21 22:52:27','2025-10-21 22:52:27'),(3407,20,60,'CF','','2025-10-21 22:53:33','2025-10-21 22:53:33'),(3416,22,253,'NE','','2025-10-21 23:40:44','2025-10-21 23:40:44'),(3439,22,254,'CF','','2025-10-23 01:22:08','2025-10-23 01:22:08'),(3441,22,255,'PC','','2025-10-23 01:22:16','2025-10-23 01:22:16'),(3443,22,256,'CF','','2025-10-23 01:22:22','2025-10-23 01:22:22'),(3444,22,257,'CF','teste','2025-10-23 01:22:35','2025-10-23 01:22:35'),(3446,22,258,'CF','','2025-10-23 01:22:47','2025-10-23 01:22:47'),(3447,22,20,'CF','','2025-10-23 01:22:55','2025-10-23 01:22:55'),(3448,22,21,'PC','','2025-10-23 01:23:02','2025-10-23 01:23:02'),(3449,22,22,'NC','','2025-10-23 01:23:20','2025-10-23 01:23:20'),(3450,22,23,'CF','','2025-10-23 01:23:32','2025-10-23 01:23:32'),(3451,22,29,'CF','','2025-10-23 01:23:39','2025-10-23 01:23:39'),(3452,22,30,'CF','sim esta','2025-10-23 01:23:46','2025-10-23 01:23:46'),(3454,22,31,'CF','','2025-10-23 01:24:08','2025-10-23 01:24:08'),(3455,22,32,'PC','','2025-10-23 01:24:15','2025-10-23 01:24:15'),(3457,22,33,'CF','','2025-10-23 01:24:26','2025-10-23 01:24:26'),(3459,22,34,'CF','','2025-10-23 01:24:34','2025-10-23 01:24:34'),(3460,22,35,'PC','','2025-10-23 01:24:38','2025-10-23 01:24:38'),(3462,22,36,'CF','','2025-10-23 01:24:47','2025-10-23 01:24:47'),(3463,22,37,'CF','','2025-10-23 01:24:51','2025-10-23 01:24:51'),(3464,22,38,'CF','','2025-10-23 01:24:58','2025-10-23 01:24:58'),(3465,22,39,'PC','Lixera 1 e 2 sem tampa','2025-10-23 01:25:07','2025-10-23 01:25:07'),(3468,22,40,'CF','','2025-10-23 01:25:29','2025-10-23 01:25:29'),(3470,22,41,'CF','','2025-10-23 01:25:36','2025-10-23 01:25:36'),(3471,22,42,'CF','','2025-10-23 01:25:47','2025-10-23 01:25:47'),(3473,22,43,'CF','','2025-10-23 01:25:54','2025-10-23 01:25:54'),(3474,22,44,'CF','','2025-10-23 01:26:00','2025-10-23 01:26:00'),(3475,22,45,'CF','','2025-10-23 01:26:06','2025-10-23 01:26:06'),(3476,22,306,'CF','','2025-10-23 01:26:17','2025-10-23 01:26:17'),(3478,22,307,'CF','','2025-10-23 01:26:23','2025-10-23 01:26:23'),(3480,22,308,'PC','','2025-10-23 01:26:31','2025-10-23 01:26:31'),(3482,22,46,'CF','','2025-10-23 01:26:43','2025-10-23 01:26:43'),(3483,22,47,'CF','','2025-10-23 01:26:47','2025-10-23 01:26:47'),(3485,22,48,'PC','','2025-10-23 01:26:51','2025-10-23 01:26:51'),(3487,22,49,'CF','','2025-10-23 01:26:57','2025-10-23 01:26:57'),(3488,22,53,'CF','','2025-10-23 01:27:26','2025-10-23 01:27:26'),(3489,22,54,'CF','','2025-10-23 01:27:29','2025-10-23 01:27:29'),(3490,22,55,'PC','','2025-10-23 01:27:35','2025-10-23 01:27:35'),(3492,22,56,'CF','','2025-10-23 01:27:44','2025-10-23 01:27:44'),(3493,22,57,'CF','','2025-10-23 01:27:49','2025-10-23 01:27:49'),(3494,22,58,'CF','','2025-10-23 01:27:59','2025-10-23 01:27:59'),(3496,22,59,'PC','','2025-10-23 01:28:21','2025-10-23 01:28:21'),(3498,22,309,'CF','','2025-10-23 01:28:41','2025-10-23 01:28:41'),(3499,22,310,'CF','','2025-10-23 01:28:49','2025-10-23 01:28:49'),(3500,22,311,'CF','','2025-10-23 01:28:55','2025-10-23 01:28:55'),(3501,22,312,'CF','','2025-10-23 01:29:04','2025-10-23 01:29:04'),(3502,22,313,'CF','','2025-10-23 01:29:09','2025-10-23 01:29:09'),(3503,22,314,'CF','','2025-10-23 01:29:12','2025-10-23 01:29:12'),(3505,22,315,'CF','','2025-10-23 01:29:23','2025-10-23 01:29:23'),(3506,22,316,'CF','','2025-10-23 01:29:28','2025-10-23 01:29:28'),(3507,22,60,'CF','','2025-10-23 01:29:38','2025-10-23 01:29:38'),(3508,22,61,'CF','','2025-10-23 01:29:47','2025-10-23 01:29:47'),(3509,22,62,'PC','','2025-10-23 01:29:51','2025-10-23 01:29:51'),(3511,22,63,'CF','','2025-10-23 01:30:02','2025-10-23 01:30:02'),(3512,22,64,'CF','','2025-10-23 01:30:06','2025-10-23 01:30:06'),(3513,22,65,'PC','','2025-10-23 01:30:12','2025-10-23 01:30:12'),(3514,22,66,'PC','','2025-10-23 01:30:22','2025-10-23 01:30:22'),(3515,22,67,'CF','','2025-10-23 01:30:32','2025-10-23 01:30:32'),(3516,22,68,'PC','','2025-10-23 01:30:40','2025-10-23 01:30:40'),(3517,22,69,'CF','','2025-10-23 01:30:46','2025-10-23 01:30:46'),(3518,22,50,'CF','','2025-10-23 01:30:53','2025-10-23 01:30:53'),(3519,22,51,'CF','','2025-10-23 01:30:58','2025-10-23 01:30:58'),(3520,22,52,'CF','','2025-10-23 01:31:03','2025-10-23 01:31:03'),(3521,22,304,'CF','','2025-10-23 01:31:11','2025-10-23 01:31:11'),(3522,22,305,'CF','','2025-10-23 01:31:15','2025-10-23 01:31:15'),(3523,22,317,'PC','','2025-10-23 01:31:20','2025-10-23 01:31:20'),(3524,22,15,'NE','','2025-10-23 01:31:30','2025-10-23 01:31:30'),(3526,22,16,'NE','','2025-10-23 01:31:40','2025-10-23 01:31:40'),(3527,22,17,'NE','','2025-10-23 01:31:45','2025-10-23 01:31:45'),(3528,22,18,'NE','','2025-10-23 01:31:51','2025-10-23 01:31:51'),(3529,22,19,'NE','','2025-10-23 01:31:58','2025-10-23 01:31:58'),(3530,22,24,'CF','','2025-10-23 01:32:03','2025-10-23 01:32:03'),(3531,22,25,'CF','','2025-10-23 01:32:07','2025-10-23 01:32:07'),(3532,22,26,'CF','','2025-10-23 01:32:11','2025-10-23 01:32:11'),(3533,22,27,'CF','','2025-10-23 01:32:15','2025-10-23 01:32:15'),(3534,22,28,'CF','','2025-10-23 01:32:20','2025-10-23 01:32:20'),(3535,22,1,'CF','','2025-10-23 01:32:27','2025-10-23 01:32:27'),(3536,22,2,'CF','','2025-10-23 01:32:30','2025-10-23 01:32:30'),(3537,22,3,'CF','','2025-10-23 01:32:34','2025-10-23 01:32:34'),(3538,22,4,'NE','','2025-10-23 01:32:41','2025-10-23 01:32:41'),(3539,22,5,'CF','','2025-10-23 01:32:46','2025-10-23 01:32:46'),(3540,22,6,'CF','','2025-10-23 01:32:52','2025-10-23 01:32:52'),(3541,22,7,'CF','','2025-10-23 01:33:00','2025-10-23 01:33:00'),(3542,22,8,'CF','','2025-10-23 01:33:05','2025-10-23 01:33:05'),(3543,23,253,'CF','','2025-10-28 11:41:36','2025-10-28 11:41:36'),(3544,23,254,'PC','','2025-10-28 11:41:55','2025-10-28 11:41:55'),(3545,23,255,'CF','Identificada corretamente! Apenas falta limpar melhor a tampa ','2025-10-28 11:48:48','2025-10-28 11:48:48'),(3550,23,256,'CF','','2025-10-28 11:49:34','2025-10-28 11:49:34'),(3551,23,257,'CF','','2025-10-28 11:50:29','2025-10-28 11:50:29'),(3553,23,258,'CF','','2025-10-28 11:51:06','2025-10-28 11:51:06'),(3554,23,20,'CF','','2025-10-28 11:51:13','2025-10-28 11:51:13'),(3555,23,21,'CF','','2025-10-28 11:51:26','2025-10-28 11:51:26'),(3556,23,22,'CF','','2025-10-28 12:09:30','2025-10-28 12:09:30'),(3557,23,23,'CF','','2025-10-28 12:11:03','2025-10-28 12:11:03'),(3558,23,29,'CF','','2025-10-28 12:11:58','2025-10-28 12:11:58'),(3559,23,30,'PC','','2025-10-28 12:12:08','2025-10-28 12:12:08'),(3560,23,31,'CF','','2025-10-28 12:12:50','2025-10-28 12:12:50'),(3561,23,32,'PC','','2025-10-28 12:13:09','2025-10-28 12:13:09'),(3562,23,33,'CF','','2025-10-28 12:13:15','2025-10-28 12:13:15'),(3563,23,34,'PC','','2025-10-28 12:13:26','2025-10-28 12:13:26'),(3566,23,35,'CF','','2025-10-28 12:14:12','2025-10-28 12:14:12'),(3568,23,36,'CF','','2025-10-28 12:15:36','2025-10-28 12:15:36'),(3569,23,37,'CF','','2025-10-28 12:15:44','2025-10-28 12:15:44'),(3570,23,38,'CF','','2025-10-28 12:15:54','2025-10-28 12:15:54'),(3571,23,39,'CF','','2025-10-28 12:16:08','2025-10-28 12:16:08'),(3573,23,40,'CF','','2025-10-28 12:16:22','2025-10-28 12:16:22'),(3575,23,41,'CF','','2025-10-28 12:16:46','2025-10-28 12:16:46'),(3576,23,42,'CF','Limpar as bancadas entre uma tarefa e outra com detergente e sanitizante ','2025-10-28 12:17:07','2025-10-28 12:17:07'),(3583,23,43,'CF','','2025-10-28 12:19:13','2025-10-28 12:19:13'),(3584,23,44,'PC','','2025-10-28 12:19:55','2025-10-28 12:19:55'),(3587,23,45,'CF','','2025-10-28 12:20:02','2025-10-28 12:20:02'),(3588,23,306,'PC','','2025-10-28 12:20:14','2025-10-28 12:20:14'),(3590,23,307,'PC','','2025-10-28 12:20:32','2025-10-28 12:20:32'),(3591,23,308,'NC','','2025-10-28 12:21:04','2025-10-28 12:21:04'),(3592,23,46,'PC','','2025-10-28 12:21:12','2025-10-28 12:21:12'),(3593,23,47,'CF','','2025-10-28 12:26:00','2025-10-28 12:26:00'),(3594,23,48,'NE','','2025-10-28 12:27:14','2025-10-28 12:27:14'),(3595,23,49,'NE','','2025-10-28 12:27:21','2025-10-28 12:27:21'),(3596,23,53,'CF','','2025-10-28 12:27:30','2025-10-28 12:27:30'),(3597,23,54,'CF','','2025-10-28 12:27:41','2025-10-28 12:27:41'),(3598,23,55,'CF','','2025-10-28 12:28:23','2025-10-28 12:28:23'),(3599,23,56,'NE','','2025-10-28 12:28:40','2025-10-28 12:28:40'),(3601,23,57,'NE','','2025-10-28 12:28:48','2025-10-28 12:28:48'),(3602,23,58,'NE','','2025-10-28 12:28:54','2025-10-28 12:28:54'),(3603,23,59,'NE','','2025-10-28 12:29:00','2025-10-28 12:29:00'),(3604,23,309,'NE','','2025-10-28 12:29:07','2025-10-28 12:29:07'),(3606,23,310,'NE','','2025-10-28 12:29:17','2025-10-28 12:29:17'),(3607,23,311,'NE','','2025-10-28 12:29:22','2025-10-28 12:29:22'),(3608,23,312,'NE','','2025-10-28 12:29:28','2025-10-28 12:29:28'),(3609,23,313,'NE','','2025-10-28 12:29:37','2025-10-28 12:29:37'),(3610,23,314,'NE','','2025-10-28 12:29:42','2025-10-28 12:29:42'),(3611,23,315,'NE','','2025-10-28 12:29:48','2025-10-28 12:29:48'),(3612,23,316,'NE','','2025-10-28 12:29:54','2025-10-28 12:29:54'),(3613,23,60,'NC','','2025-10-28 12:30:01','2025-10-28 12:30:01'),(3614,23,61,'NC','','2025-10-28 12:30:09','2025-10-28 12:30:09'),(3615,23,62,'CF','','2025-10-28 12:30:17','2025-10-28 12:30:17'),(3616,23,63,'CF','','2025-10-28 12:30:25','2025-10-28 12:30:25'),(3618,23,64,'PC','','2025-10-28 12:31:13','2025-10-28 12:31:13'),(3620,23,65,'PC','','2025-10-28 12:32:00','2025-10-28 12:32:00'),(3622,23,66,'CF','','2025-10-28 12:32:08','2025-10-28 12:32:08'),(3623,23,67,'PC','','2025-10-28 12:32:17','2025-10-28 12:32:17'),(3624,23,68,'PC','A maioria lavou a mo ao entrar, mas no todas!','2025-10-28 12:32:54','2025-10-28 12:32:54'),(3626,23,69,'CF','','2025-10-28 12:32:59','2025-10-28 12:32:59'),(3627,23,15,'CF','','2025-10-28 12:33:08','2025-10-28 12:33:08'),(3628,23,16,'CF','','2025-10-28 12:33:46','2025-10-28 12:33:46'),(3629,23,17,'CF','','2025-10-28 12:33:51','2025-10-28 12:33:51'),(3630,23,18,'CF','','2025-10-28 12:34:26','2025-10-28 12:34:26'),(3631,23,19,'CF','','2025-10-28 12:34:33','2025-10-28 12:34:33'),(3632,23,24,'CF','','2025-10-28 12:34:37','2025-10-28 12:34:37'),(3633,23,25,'CF','','2025-10-28 12:34:53','2025-10-28 12:34:53'),(3634,23,26,'CF','','2025-10-28 12:35:04','2025-10-28 12:35:04'),(3635,23,27,'PC','Precisamos arrumar um lugar no alto para essas embalagens ','2025-10-28 12:35:25','2025-10-28 12:35:25'),(3639,23,28,'CF','','2025-10-28 12:36:02','2025-10-28 12:36:02'),(3640,23,1,'CF','','2025-10-28 12:36:36','2025-10-28 12:36:36'),(3641,23,2,'CF','','2025-10-28 12:36:43','2025-10-28 12:36:43'),(3643,23,3,'CF','','2025-10-28 12:36:49','2025-10-28 12:36:49'),(3644,23,4,'NE','','2025-10-28 12:36:59','2025-10-28 12:36:59'),(3645,23,5,'PC','Colocar os ovos na cozinha de produo ','2025-10-28 12:37:13','2025-10-28 12:37:13'),(3655,23,6,'PC','','2025-10-29 11:21:40','2025-10-29 11:21:40'),(3656,23,7,'CF','','2025-10-29 11:21:48','2025-10-29 11:21:48'),(3657,23,8,'CF','','2025-10-29 11:21:52','2025-10-29 11:21:52'),(3658,23,50,'PC','','2025-10-29 11:22:00','2025-10-29 11:22:00'),(3659,23,51,'PC','','2025-10-29 11:22:09','2025-10-29 11:22:09'),(3660,23,52,'PC','','2025-10-29 11:22:16','2025-10-29 11:22:16'),(3661,23,304,'CF','','2025-10-29 11:22:25','2025-10-29 11:22:25'),(3662,23,305,'CF','','2025-10-29 11:22:32','2025-10-29 11:22:32'),(3663,23,317,'PC','','2025-10-29 11:22:45','2025-10-29 11:22:45'),(3666,24,253,'CF','','2025-10-30 14:06:38','2025-10-30 14:06:38'),(3673,25,253,'NE','','2025-11-02 18:43:30','2025-11-02 18:43:30'),(3674,25,254,'NE','','2025-11-02 18:43:33','2025-11-02 18:43:33'),(3675,25,255,'NE','','2025-11-02 18:43:38','2025-11-02 18:43:38'),(3676,25,256,'NE','','2025-11-02 18:43:45','2025-11-02 18:43:45'),(3677,25,257,'NE','','2025-11-02 18:43:53','2025-11-02 18:43:53'),(3678,25,258,'NE','','2025-11-02 18:44:01','2025-11-02 18:44:01'),(3679,25,20,'CF','','2025-11-02 18:44:09','2025-11-02 18:44:09'),(3680,25,21,'PC','','2025-11-02 18:44:14','2025-11-02 18:44:14'),(3681,25,22,'CF','','2025-11-02 18:44:22','2025-11-02 18:44:22'),(3682,25,23,'CF','','2025-11-02 18:49:01','2025-11-02 18:49:01'),(3683,25,29,'CF','','2025-11-02 18:49:07','2025-11-02 18:49:07'),(3684,25,30,'CF','','2025-11-02 18:49:17','2025-11-02 18:49:17'),(3685,25,31,'CF','','2025-11-02 18:49:24','2025-11-02 18:49:24'),(3686,25,32,'PC','','2025-11-02 18:49:32','2025-11-02 18:49:32'),(3687,25,33,'CF','','2025-11-02 18:49:39','2025-11-02 18:49:39'),(3688,25,34,'CF','','2025-11-02 18:49:47','2025-11-02 18:49:47'),(3689,25,35,'CF','','2025-11-02 19:00:19','2025-11-02 19:00:19'),(3690,25,36,'CF','','2025-11-02 19:00:27','2025-11-02 19:00:27'),(3691,25,37,'CF','','2025-11-02 19:00:30','2025-11-02 19:00:30'),(3692,25,38,'CF','','2025-11-02 19:00:34','2025-11-02 19:00:34'),(3693,25,39,'CF','','2025-11-02 19:00:44','2025-11-02 19:00:44'),(3694,25,40,'CF','','2025-11-02 19:00:48','2025-11-02 19:00:48'),(3695,25,41,'CF','','2025-11-02 19:00:52','2025-11-02 19:00:52'),(3696,25,42,'CF','','2025-11-02 19:00:58','2025-11-02 19:00:58'),(3697,25,43,'CF','','2025-11-02 19:01:05','2025-11-02 19:01:05'),(3698,25,44,'NE','','2025-11-02 19:01:11','2025-11-02 19:01:11'),(3699,25,45,'CF','','2025-11-02 19:01:15','2025-11-02 19:01:15'),(3700,25,306,'CF','','2025-11-02 19:01:21','2025-11-02 19:01:21'),(3701,25,307,'CF','','2025-11-02 19:01:29','2025-11-02 19:01:29'),(3702,25,308,'PC','','2025-11-02 19:01:35','2025-11-02 19:01:35'),(3703,25,46,'NC','','2025-11-02 19:01:39','2025-11-02 19:01:39'),(3705,25,47,'NE','','2025-11-02 19:01:51','2025-11-02 19:01:51'),(3706,25,48,'NE','','2025-11-02 19:01:54','2025-11-02 19:01:54'),(3707,25,49,'NE','','2025-11-02 19:02:06','2025-11-02 19:02:06'),(3708,25,53,'CF','','2025-11-02 19:02:13','2025-11-02 19:02:13'),(3709,25,54,'CF','','2025-11-02 19:02:23','2025-11-02 19:02:23'),(3710,25,55,'CF','','2025-11-02 19:02:26','2025-11-02 19:02:26'),(3711,25,56,'NE','','2025-11-02 19:02:32','2025-11-02 19:02:32'),(3712,25,57,'NE','','2025-11-02 19:02:37','2025-11-02 19:02:37'),(3713,25,58,'NE','','2025-11-02 19:02:42','2025-11-02 19:02:42'),(3714,25,59,'NE','','2025-11-02 19:02:46','2025-11-02 19:02:46'),(3715,25,309,'NE','','2025-11-02 19:02:54','2025-11-02 19:02:54'),(3716,25,310,'NE','','2025-11-02 19:03:02','2025-11-02 19:03:02'),(3717,25,311,'NE','','2025-11-02 19:03:07','2025-11-02 19:03:07'),(3718,25,312,'NE','','2025-11-02 19:03:11','2025-11-02 19:03:11'),(3719,25,313,'NE','','2025-11-02 19:03:15','2025-11-02 19:03:15'),(3720,25,314,'NE','','2025-11-02 19:03:19','2025-11-02 19:03:19'),(3721,25,315,'NE','','2025-11-02 19:03:22','2025-11-02 19:03:22'),(3722,25,316,'NE','','2025-11-02 19:03:27','2025-11-02 19:03:27'),(3723,25,60,'CF','','2025-11-02 19:03:34','2025-11-02 19:03:34'),(3724,25,61,'CF','','2025-11-02 19:03:41','2025-11-02 19:03:41'),(3725,25,62,'PC','','2025-11-02 19:03:49','2025-11-02 19:03:49'),(3726,25,63,'CF','','2025-11-02 19:03:59','2025-11-02 19:03:59'),(3727,25,64,'CF','','2025-11-02 19:04:03','2025-11-02 19:04:03'),(3728,25,65,'CF','','2025-11-02 19:04:08','2025-11-02 19:04:08'),(3729,25,66,'CF','','2025-11-02 19:04:14','2025-11-02 19:04:14'),(3730,25,67,'CF','','2025-11-02 19:04:17','2025-11-02 19:04:17'),(3731,25,68,'CF','','2025-11-02 19:04:22','2025-11-02 19:04:22'),(3732,25,69,'CF','','2025-11-02 19:04:26','2025-11-02 19:04:26'),(3733,25,15,'CF','','2025-11-02 19:04:31','2025-11-02 19:04:31'),(3734,25,16,'CF','','2025-11-02 19:04:34','2025-11-02 19:04:34'),(3735,25,17,'CF','','2025-11-02 19:04:38','2025-11-02 19:04:38'),(3736,25,18,'CF','','2025-11-02 19:04:42','2025-11-02 19:04:42'),(3737,25,19,'CF','','2025-11-02 19:04:45','2025-11-02 19:04:45'),(3738,25,24,'CF','','2025-11-02 19:04:49','2025-11-02 19:04:49'),(3739,25,25,'CF','','2025-11-02 19:04:54','2025-11-02 19:04:54'),(3740,25,26,'CF','','2025-11-02 19:04:57','2025-11-02 19:04:57'),(3741,25,27,'CF','','2025-11-02 19:05:01','2025-11-02 19:05:01'),(3742,25,28,'CF','','2025-11-02 19:05:17','2025-11-02 19:05:17'),(3743,25,1,'CF','','2025-11-02 19:05:24','2025-11-02 19:05:24'),(3744,25,2,'CF','','2025-11-02 19:05:28','2025-11-02 19:05:28'),(3745,25,3,'CF','','2025-11-02 19:05:32','2025-11-02 19:05:32'),(3746,25,4,'NE','','2025-11-02 19:05:35','2025-11-02 19:05:35'),(3747,25,5,'CF','','2025-11-02 19:05:43','2025-11-02 19:05:43'),(3748,25,6,'CF','','2025-11-02 19:05:47','2025-11-02 19:05:47'),(3749,25,7,'NE','','2025-11-02 19:05:56','2025-11-02 19:05:56'),(3750,25,8,'CF','','2025-11-02 19:06:02','2025-11-02 19:06:02'),(3751,25,50,'CF','','2025-11-02 19:06:08','2025-11-02 19:06:08'),(3752,25,51,'CF','','2025-11-02 19:06:11','2025-11-02 19:06:11'),(3753,25,52,'CF','','2025-11-02 19:06:15','2025-11-02 19:06:15'),(3754,25,304,'CF','','2025-11-02 19:06:19','2025-11-02 19:06:19'),(3755,25,305,'CF','','2025-11-02 19:06:24','2025-11-02 19:06:24'),(3756,25,317,'CF','','2025-11-02 19:06:30','2025-11-02 19:06:30'),(3757,25,318,'NE','','2025-11-02 19:06:36','2025-11-02 19:06:36'),(3758,25,319,'NE','','2025-11-02 19:06:39','2025-11-02 19:06:39'),(3759,25,320,'NE','','2025-11-02 19:06:42','2025-11-02 19:06:42'),(3760,25,321,'NE','','2025-11-02 19:06:46','2025-11-02 19:06:46'),(3761,25,322,'NE','','2025-11-02 19:06:52','2025-11-02 19:06:52'),(3762,25,323,'NE','','2025-11-02 19:06:56','2025-11-02 19:06:56'),(3763,26,253,'NE','','2025-11-02 19:09:27','2025-11-02 19:09:27'),(3764,26,254,'NE','','2025-11-02 19:09:33','2025-11-02 19:09:33'),(3765,26,255,'NE','','2025-11-02 19:09:37','2025-11-02 19:09:37'),(3766,26,256,'NE','','2025-11-02 19:09:41','2025-11-02 19:09:41'),(3767,26,257,'NE','','2025-11-02 19:09:48','2025-11-02 19:09:48'),(3768,26,258,'NE','','2025-11-02 19:09:54','2025-11-02 19:09:54'),(3769,26,20,'CF','','2025-11-02 19:10:03','2025-11-02 19:10:03'),(3770,26,21,'PC','','2025-11-02 19:10:08','2025-11-02 19:10:08'),(3771,26,22,'CF','','2025-11-02 19:10:16','2025-11-02 19:10:16'),(3772,26,23,'CF','','2025-11-02 19:10:20','2025-11-02 19:10:20'),(3773,26,29,'CF','','2025-11-02 19:10:25','2025-11-02 19:10:25'),(3774,26,30,'CF','','2025-11-02 19:10:31','2025-11-02 19:10:31'),(3775,26,31,'CF','','2025-11-02 19:10:35','2025-11-02 19:10:35'),(3776,26,32,'CF','','2025-11-02 19:10:43','2025-11-02 19:10:43'),(3777,26,33,'CF','','2025-11-02 19:10:49','2025-11-02 19:10:49'),(3781,26,34,'CF','','2025-11-02 19:10:58','2025-11-02 19:10:58'),(3782,26,35,'CF','','2025-11-02 19:11:04','2025-11-02 19:11:04'),(3783,26,36,'CF','','2025-11-02 19:11:09','2025-11-02 19:11:09'),(3784,26,37,'CF','','2025-11-02 19:11:15','2025-11-02 19:11:15'),(3785,26,38,'CF','','2025-11-02 19:11:19','2025-11-02 19:11:19'),(3786,26,39,'CF','','2025-11-02 19:11:22','2025-11-02 19:11:22'),(3787,26,40,'CF','','2025-11-02 19:11:26','2025-11-02 19:11:26'),(3788,26,41,'CF','','2025-11-02 19:11:31','2025-11-02 19:11:31'),(3789,26,42,'CF','','2025-11-02 19:11:37','2025-11-02 19:11:37'),(3790,26,43,'CF','','2025-11-02 19:11:41','2025-11-02 19:11:41'),(3791,26,44,'CF','','2025-11-02 19:11:52','2025-11-02 19:11:52'),(3792,26,45,'CF','','2025-11-02 19:12:02','2025-11-02 19:12:02'),(3793,26,306,'CF','','2025-11-02 19:12:08','2025-11-02 19:12:08'),(3794,26,307,'CF','','2025-11-02 19:12:18','2025-11-02 19:12:18'),(3795,26,308,'NE','','2025-11-02 19:12:25','2025-11-02 19:12:25'),(3796,26,46,'NE','','2025-11-02 19:12:30','2025-11-02 19:12:30'),(3798,26,47,'NE','','2025-11-02 19:12:36','2025-11-02 19:12:36'),(3801,26,48,'NE','','2025-11-02 19:14:14','2025-11-02 19:14:14'),(3802,26,49,'NE','','2025-11-02 19:14:21','2025-11-02 19:14:21'),(3803,26,53,'CF','','2025-11-02 19:14:24','2025-11-02 19:14:24'),(3804,26,54,'CF','','2025-11-02 19:14:28','2025-11-02 19:14:28'),(3805,26,55,'CF','','2025-11-02 19:14:32','2025-11-02 19:14:32'),(3806,26,56,'CF','','2025-11-02 19:14:35','2025-11-02 19:14:35'),(3807,26,57,'NE','','2025-11-02 19:14:42','2025-11-02 19:14:42'),(3808,26,58,'NE','','2025-11-02 19:15:41','2025-11-02 19:15:41'),(3809,26,59,'NE','','2025-11-02 19:15:43','2025-11-02 19:15:43'),(3810,26,309,'NE','','2025-11-02 19:15:47','2025-11-02 19:15:47'),(3811,26,310,'NE','','2025-11-02 19:15:54','2025-11-02 19:15:54'),(3812,26,311,'NE','','2025-11-02 19:15:59','2025-11-02 19:15:59'),(3813,26,312,'NE','','2025-11-02 19:16:05','2025-11-02 19:16:05'),(3814,26,313,'NE','','2025-11-02 19:16:10','2025-11-02 19:16:10'),(3815,26,314,'NE','','2025-11-02 19:16:14','2025-11-02 19:16:14'),(3816,26,315,'NE','','2025-11-02 19:16:20','2025-11-02 19:16:20'),(3817,26,316,'NE','','2025-11-02 19:16:24','2025-11-02 19:16:24'),(3818,26,60,'CF','','2025-11-02 19:16:31','2025-11-02 19:16:31'),(3819,26,61,'CF','','2025-11-02 19:16:41','2025-11-02 19:16:41'),(3820,26,62,'PC','','2025-11-02 19:16:46','2025-11-02 19:16:46'),(3821,26,63,'CF','','2025-11-02 19:16:50','2025-11-02 19:16:50'),(3822,26,64,'CF','','2025-11-02 19:16:55','2025-11-02 19:16:55'),(3823,26,65,'CF','','2025-11-02 19:16:59','2025-11-02 19:16:59'),(3824,26,66,'CF','','2025-11-02 19:17:06','2025-11-02 19:17:06'),(3825,26,67,'CF','','2025-11-02 19:17:09','2025-11-02 19:17:09'),(3826,26,68,'CF','','2025-11-02 19:17:16','2025-11-02 19:17:16'),(3827,26,69,'CF','','2025-11-02 19:17:20','2025-11-02 19:17:20'),(3828,26,15,'CF','','2025-11-02 19:17:24','2025-11-02 19:17:24'),(3829,26,16,'CF','','2025-11-02 19:17:27','2025-11-02 19:17:27'),(3830,26,17,'CF','','2025-11-02 19:17:30','2025-11-02 19:17:30'),(3831,26,18,'CF','','2025-11-02 19:17:33','2025-11-02 19:17:33'),(3832,26,19,'CF','','2025-11-02 19:17:49','2025-11-02 19:17:49'),(3833,26,24,'CF','','2025-11-02 19:17:53','2025-11-02 19:17:53'),(3834,26,25,'PC','','2025-11-02 19:18:03','2025-11-02 19:18:03'),(3836,26,26,'CF','','2025-11-02 19:18:09','2025-11-02 19:18:09'),(3837,26,27,'CF','','2025-11-02 19:18:12','2025-11-02 19:18:12'),(3838,26,28,'CF','','2025-11-02 19:18:18','2025-11-02 19:18:18'),(3839,26,1,'CF','','2025-11-02 19:18:20','2025-11-02 19:18:20'),(3840,26,2,'CF','','2025-11-02 19:18:24','2025-11-02 19:18:24'),(3841,26,3,'CF','','2025-11-02 19:18:28','2025-11-02 19:18:28'),(3842,26,4,'NE','','2025-11-02 19:18:35','2025-11-02 19:18:35'),(3843,26,5,'CF','','2025-11-02 19:18:39','2025-11-02 19:18:39'),(3844,26,6,'PC','','2025-11-02 19:18:43','2025-11-02 19:18:43'),(3846,26,7,'NE','','2025-11-02 19:18:49','2025-11-02 19:18:49'),(3847,26,8,'CF','','2025-11-02 19:18:54','2025-11-02 19:18:54'),(3848,26,50,'CF','','2025-11-02 19:18:58','2025-11-02 19:18:58'),(3849,26,51,'CF','','2025-11-02 19:19:02','2025-11-02 19:19:02'),(3850,26,52,'CF','','2025-11-02 19:19:04','2025-11-02 19:19:04'),(3851,26,304,'CF','','2025-11-02 19:19:07','2025-11-02 19:19:07'),(3852,26,305,'CF','','2025-11-02 19:19:10','2025-11-02 19:19:10'),(3853,26,317,'CF','','2025-11-02 19:19:12','2025-11-02 19:19:12'),(3854,26,318,'NE','','2025-11-02 19:19:18','2025-11-02 19:19:18'),(3855,26,319,'NE','','2025-11-02 19:19:20','2025-11-02 19:19:20'),(3856,26,320,'NE','','2025-11-02 19:19:22','2025-11-02 19:19:22'),(3857,26,321,'NE','','2025-11-02 19:19:26','2025-11-02 19:19:26'),(3858,26,322,'NE','','2025-11-02 19:19:28','2025-11-02 19:19:28'),(3859,26,323,'NE','','2025-11-02 19:19:31','2025-11-02 19:19:31'),(3860,27,253,'NE','','2025-11-02 19:32:11','2025-11-02 19:32:11'),(3861,27,254,'NE','','2025-11-02 19:32:17','2025-11-02 19:32:17'),(3862,27,255,'NE','','2025-11-02 19:32:21','2025-11-02 19:32:21'),(3863,27,256,'NE','','2025-11-02 19:32:26','2025-11-02 19:32:26'),(3864,27,257,'NE','','2025-11-02 19:32:30','2025-11-02 19:32:30'),(3865,27,258,'NE','','2025-11-02 19:32:39','2025-11-02 19:32:39'),(3866,27,20,'CF','','2025-11-02 19:32:48','2025-11-02 19:32:48'),(3867,27,21,'CF','','2025-11-02 19:32:54','2025-11-02 19:32:54'),(3868,27,22,'PC','','2025-11-02 19:33:38','2025-11-02 19:33:38'),(3870,27,23,'CF','','2025-11-02 19:36:20','2025-11-02 19:36:20'),(3871,27,29,'CF','','2025-11-02 19:36:24','2025-11-02 19:36:24'),(3872,27,30,'CF','','2025-11-02 19:36:31','2025-11-02 19:36:31'),(3873,27,31,'CF','','2025-11-02 19:36:36','2025-11-02 19:36:36'),(3874,27,32,'PC','','2025-11-02 19:36:40','2025-11-02 19:36:40'),(3876,27,33,'CF','','2025-11-02 19:36:50','2025-11-02 19:36:50'),(3877,27,34,'CF','','2025-11-02 19:36:57','2025-11-02 19:36:57'),(3878,27,35,'CF','','2025-11-02 19:37:00','2025-11-02 19:37:00'),(3879,27,36,'CF','','2025-11-02 19:37:04','2025-11-02 19:37:04'),(3880,27,37,'CF','','2025-11-02 19:37:11','2025-11-02 19:37:11'),(3881,27,38,'CF','','2025-11-02 19:37:16','2025-11-02 19:37:16'),(3882,27,39,'CF','','2025-11-02 19:37:22','2025-11-02 19:37:22'),(3883,27,40,'CF','','2025-11-02 19:37:30','2025-11-02 19:37:30'),(3884,27,41,'CF','','2025-11-02 19:37:41','2025-11-02 19:37:41'),(3885,27,42,'CF','','2025-11-02 19:37:49','2025-11-02 19:37:49'),(3886,27,43,'CF','','2025-11-02 19:37:53','2025-11-02 19:37:53'),(3887,27,44,'CF','','2025-11-02 19:37:59','2025-11-02 19:37:59'),(3889,27,45,'CF','','2025-11-02 19:38:08','2025-11-02 19:38:08'),(3890,27,306,'NE','','2025-11-02 19:38:12','2025-11-02 19:38:12'),(3891,27,307,'CF','','2025-11-02 19:38:20','2025-11-02 19:38:20'),(3892,27,308,'CF','','2025-11-02 19:38:30','2025-11-02 19:38:30'),(3893,27,46,'NE','','2025-11-02 19:38:36','2025-11-02 19:38:36'),(3894,27,47,'CF','','2025-11-02 19:38:41','2025-11-02 19:38:41'),(3895,27,48,'CF','','2025-11-02 19:38:44','2025-11-02 19:38:44'),(3897,28,253,'NE','','2025-11-02 19:39:24','2025-11-02 19:39:24'),(3898,28,254,'NE','','2025-11-02 19:39:28','2025-11-02 19:39:28'),(3899,28,255,'NE','','2025-11-02 19:39:31','2025-11-02 19:39:31'),(3900,28,256,'NE','','2025-11-02 19:39:33','2025-11-02 19:39:33'),(3901,28,257,'NE','','2025-11-02 19:39:36','2025-11-02 19:39:36'),(3902,28,258,'NE','','2025-11-02 19:39:43','2025-11-02 19:39:43'),(3903,28,20,'CF','','2025-11-02 19:39:51','2025-11-02 19:39:51'),(3904,28,21,'CF','','2025-11-02 19:39:55','2025-11-02 19:39:55'),(3905,28,22,'PC','','2025-11-02 19:39:59','2025-11-02 19:39:59'),(3906,28,23,'CF','','2025-11-02 19:40:02','2025-11-02 19:40:02'),(3907,28,29,'CF','','2025-11-02 19:40:09','2025-11-02 19:40:09'),(3908,28,30,'CF','','2025-11-02 19:40:16','2025-11-02 19:40:16'),(3909,28,31,'CF','','2025-11-02 19:40:19','2025-11-02 19:40:19'),(3910,28,32,'PC','','2025-11-02 19:40:26','2025-11-02 19:40:26'),(3911,28,33,'CF','','2025-11-02 19:40:30','2025-11-02 19:40:30'),(3912,28,34,'CF','','2025-11-02 19:40:36','2025-11-02 19:40:36'),(3913,28,35,'CF','','2025-11-02 19:40:40','2025-11-02 19:40:40'),(3914,28,36,'CF','','2025-11-02 19:40:45','2025-11-02 19:40:45'),(3915,28,37,'CF','','2025-11-02 19:40:48','2025-11-02 19:40:48'),(3916,28,38,'CF','','2025-11-02 19:40:53','2025-11-02 19:40:53'),(3917,28,39,'CF','','2025-11-02 19:40:56','2025-11-02 19:40:56'),(3918,28,40,'CF','','2025-11-02 19:41:01','2025-11-02 19:41:01'),(3919,28,41,'CF','','2025-11-02 19:41:04','2025-11-02 19:41:04'),(3920,28,42,'CF','','2025-11-02 19:41:11','2025-11-02 19:41:11'),(3921,28,43,'CF','','2025-11-02 19:41:15','2025-11-02 19:41:15'),(3925,24,254,'NE','','2025-11-02 19:42:01','2025-11-02 19:42:01'),(3926,24,255,'NE','','2025-11-02 19:42:04','2025-11-02 19:42:04'),(3927,24,256,'NE','','2025-11-02 19:42:06','2025-11-02 19:42:06'),(3928,24,257,'NE','','2025-11-02 19:42:09','2025-11-02 19:42:09'),(3929,24,258,'NE','','2025-11-02 19:42:13','2025-11-02 19:42:13'),(3930,24,20,'CF','','2025-11-02 19:42:19','2025-11-02 19:42:19'),(3931,24,21,'CF','','2025-11-02 19:42:22','2025-11-02 19:42:22'),(3932,24,22,'PC','','2025-11-02 19:42:27','2025-11-02 19:42:27'),(3933,24,23,'CF','','2025-11-02 19:42:29','2025-11-02 19:42:29'),(3934,24,29,'CF','','2025-11-02 19:42:40','2025-11-02 19:42:40'),(3935,24,30,'CF','','2025-11-02 19:42:43','2025-11-02 19:42:43'),(3936,24,31,'CF','','2025-11-02 19:42:46','2025-11-02 19:42:46'),(3937,24,32,'CF','','2025-11-02 19:42:49','2025-11-02 19:42:49'),(3938,24,33,'CF','','2025-11-02 19:42:53','2025-11-02 19:42:53'),(3939,24,34,'CF','','2025-11-02 19:42:57','2025-11-02 19:42:57'),(3940,24,35,'CF','','2025-11-02 19:43:00','2025-11-02 19:43:00'),(3941,24,36,'CF','','2025-11-02 19:43:03','2025-11-02 19:43:03'),(3942,24,37,'CF','','2025-11-02 19:43:07','2025-11-02 19:43:07'),(3943,24,38,'CF','','2025-11-02 19:43:09','2025-11-02 19:43:09'),(3944,24,39,'CF','','2025-11-02 19:43:12','2025-11-02 19:43:12'),(3945,24,40,'CF','','2025-11-02 19:43:15','2025-11-02 19:43:15'),(3946,24,41,'CF','','2025-11-02 19:43:19','2025-11-02 19:43:19'),(3947,24,42,'CF','','2025-11-02 19:43:25','2025-11-02 19:43:25'),(3948,24,43,'CF','','2025-11-02 19:43:30','2025-11-02 19:43:30'),(3949,24,44,'CF','','2025-11-02 19:43:34','2025-11-02 19:43:34'),(3950,24,45,'CF','','2025-11-02 19:43:37','2025-11-02 19:43:37'),(3951,24,306,'NE','','2025-11-02 19:43:42','2025-11-02 19:43:42'),(3952,24,307,'CF','','2025-11-02 19:43:46','2025-11-02 19:43:46'),(3954,24,308,'CF','','2025-11-02 19:43:55','2025-11-02 19:43:55'),(3955,24,46,'NE','','2025-11-02 19:44:00','2025-11-02 19:44:00'),(3956,24,47,'NE','','2025-11-02 19:44:04','2025-11-02 19:44:04'),(3957,24,48,'NE','','2025-11-02 19:44:07','2025-11-02 19:44:07'),(3958,24,49,'NE','','2025-11-02 19:44:14','2025-11-02 19:44:14'),(3959,24,53,'CF','','2025-11-02 19:44:18','2025-11-02 19:44:18'),(3960,24,54,'CF','','2025-11-02 19:44:25','2025-11-02 19:44:25'),(3961,24,55,'CF','','2025-11-02 19:44:30','2025-11-02 19:44:30'),(3962,24,56,'PC','','2025-11-02 19:44:34','2025-11-02 19:44:34'),(3963,24,57,'CF','','2025-11-02 19:44:47','2025-11-02 19:44:47'),(3964,24,58,'CF','','2025-11-02 19:44:52','2025-11-02 19:44:52'),(3965,24,59,'CF','','2025-11-02 19:44:56','2025-11-02 19:44:56'),(3966,24,309,'CF','','2025-11-02 19:44:59','2025-11-02 19:44:59'),(3967,24,310,'CF','','2025-11-02 19:45:02','2025-11-02 19:45:02'),(3968,24,311,'NE','','2025-11-02 19:45:05','2025-11-02 19:45:05'),(3969,24,312,'NE','','2025-11-02 19:45:09','2025-11-02 19:45:09'),(3970,24,313,'NE','','2025-11-02 19:45:15','2025-11-02 19:45:15'),(3971,24,314,'NE','','2025-11-02 19:45:19','2025-11-02 19:45:19'),(3972,24,315,'NE','','2025-11-02 19:45:23','2025-11-02 19:45:23'),(3973,24,316,'NE','','2025-11-02 19:45:30','2025-11-02 19:45:30'),(3974,24,60,'CF','','2025-11-02 19:45:43','2025-11-02 19:45:43'),(3975,24,61,'PC','','2025-11-02 19:45:48','2025-11-02 19:45:48'),(3977,24,62,'CF','','2025-11-02 19:45:55','2025-11-02 19:45:55'),(3978,24,63,'CF','','2025-11-02 19:46:02','2025-11-02 19:46:02'),(3979,24,64,'CF','','2025-11-02 19:46:05','2025-11-02 19:46:05'),(3980,24,65,'CF','','2025-11-02 19:46:08','2025-11-02 19:46:08'),(3981,24,66,'CF','','2025-11-02 19:46:11','2025-11-02 19:46:11'),(3982,24,67,'CF','','2025-11-02 19:46:14','2025-11-02 19:46:14'),(3983,24,68,'CF','','2025-11-02 19:46:17','2025-11-02 19:46:17'),(3984,24,69,'CF','','2025-11-02 19:46:22','2025-11-02 19:46:22'),(3985,24,15,'CF','','2025-11-02 19:46:31','2025-11-02 19:46:31'),(3986,24,16,'CF','','2025-11-02 19:46:34','2025-11-02 19:46:34'),(3987,24,17,'CF','','2025-11-02 19:46:38','2025-11-02 19:46:38'),(3988,24,18,'CF','','2025-11-02 19:46:41','2025-11-02 19:46:41'),(3989,24,19,'CF','','2025-11-02 19:46:44','2025-11-02 19:46:44'),(3990,24,24,'CF','','2025-11-02 19:46:50','2025-11-02 19:46:50'),(3991,24,25,'CF','','2025-11-02 19:46:54','2025-11-02 19:46:54'),(3992,24,26,'CF','','2025-11-02 19:46:59','2025-11-02 19:46:59'),(3993,24,27,'CF','','2025-11-02 19:47:01','2025-11-02 19:47:01'),(3994,24,28,'CF','','2025-11-02 19:47:05','2025-11-02 19:47:05'),(3995,24,1,'CF','','2025-11-02 19:47:08','2025-11-02 19:47:08'),(3996,24,2,'CF','','2025-11-02 19:47:11','2025-11-02 19:47:11'),(3997,24,3,'CF','','2025-11-02 19:47:14','2025-11-02 19:47:14'),(3998,24,4,'NE','','2025-11-02 19:47:18','2025-11-02 19:47:18'),(3999,24,5,'PC','','2025-11-02 19:47:30','2025-11-02 19:47:30'),(4000,24,6,'CF','','2025-11-02 19:47:34','2025-11-02 19:47:34'),(4001,24,7,'NE','','2025-11-02 19:47:37','2025-11-02 19:47:37'),(4002,24,8,'CF','','2025-11-02 19:47:40','2025-11-02 19:47:40'),(4003,24,50,'CF','','2025-11-02 19:47:43','2025-11-02 19:47:43'),(4004,24,51,'CF','','2025-11-02 19:47:46','2025-11-02 19:47:46'),(4005,24,52,'CF','','2025-11-02 19:47:49','2025-11-02 19:47:49'),(4006,24,304,'CF','','2025-11-02 19:47:54','2025-11-02 19:47:54'),(4007,24,305,'CF','','2025-11-02 19:47:58','2025-11-02 19:47:58'),(4008,24,317,'CF','','2025-11-02 19:48:02','2025-11-02 19:48:02'),(4009,24,318,'NE','','2025-11-02 19:48:11','2025-11-02 19:48:11'),(4010,24,319,'NE','','2025-11-02 19:48:15','2025-11-02 19:48:15'),(4011,24,320,'NE','','2025-11-02 19:48:18','2025-11-02 19:48:18'),(4012,24,321,'NE','','2025-11-02 19:48:20','2025-11-02 19:48:20'),(4013,24,322,'NE','','2025-11-02 19:48:22','2025-11-02 19:48:22'),(4014,24,323,'NE','','2025-11-02 19:48:26','2025-11-02 19:48:26'),(4015,29,253,'NE','','2025-11-02 19:55:38','2025-11-02 19:55:38'),(4016,29,254,'NE','','2025-11-02 19:55:41','2025-11-02 19:55:41'),(4017,29,255,'NE','','2025-11-02 19:55:44','2025-11-02 19:55:44'),(4018,29,256,'NE','','2025-11-02 19:55:48','2025-11-02 19:55:48'),(4019,29,257,'NE','','2025-11-02 19:55:53','2025-11-02 19:55:53'),(4020,29,258,'NE','','2025-11-02 19:55:57','2025-11-02 19:55:57'),(4021,29,20,'CF','','2025-11-02 19:56:05','2025-11-02 19:56:05'),(4022,29,21,'CF','','2025-11-02 19:56:09','2025-11-02 19:56:09'),(4023,29,22,'CF','','2025-11-02 19:56:13','2025-11-02 19:56:13'),(4024,29,23,'CF','','2025-11-02 19:56:21','2025-11-02 19:56:21'),(4025,29,29,'CF','','2025-11-02 19:56:26','2025-11-02 19:56:26'),(4026,29,30,'CF','','2025-11-02 19:56:33','2025-11-02 19:56:33'),(4027,29,31,'CF','','2025-11-02 19:56:36','2025-11-02 19:56:36'),(4028,29,32,'CF','','2025-11-02 19:56:44','2025-11-02 19:56:44'),(4029,29,33,'CF','','2025-11-02 19:56:51','2025-11-02 19:56:51'),(4030,29,34,'PC','','2025-11-02 19:56:58','2025-11-02 19:56:58'),(4031,29,35,'CF','','2025-11-02 19:57:01','2025-11-02 19:57:01'),(4032,29,36,'CF','','2025-11-02 19:57:10','2025-11-02 19:57:10'),(4033,29,37,'CF','','2025-11-02 19:57:14','2025-11-02 19:57:14'),(4034,29,38,'CF','','2025-11-02 19:57:18','2025-11-02 19:57:18'),(4035,29,39,'CF','','2025-11-02 19:57:26','2025-11-02 19:57:26'),(4036,29,40,'CF','','2025-11-02 19:57:28','2025-11-02 19:57:28'),(4037,29,41,'CF','','2025-11-02 19:57:34','2025-11-02 19:57:34'),(4038,29,42,'CF','','2025-11-02 19:57:42','2025-11-02 19:57:42'),(4039,29,43,'CF','','2025-11-02 19:57:46','2025-11-02 19:57:46'),(4040,29,44,'CF','','2025-11-02 19:57:52','2025-11-02 19:57:52'),(4041,29,45,'CF','','2025-11-02 19:57:54','2025-11-02 19:57:54'),(4042,29,306,'NE','','2025-11-02 19:58:01','2025-11-02 19:58:01'),(4043,29,307,'CF','','2025-11-02 19:58:06','2025-11-02 19:58:06'),(4047,29,308,'NE','','2025-11-02 19:58:12','2025-11-02 19:58:12'),(4049,29,46,'NE','','2025-11-02 19:58:19','2025-11-02 19:58:19'),(4050,29,47,'NE','','2025-11-02 19:58:21','2025-11-02 19:58:21'),(4051,29,48,'NE','','2025-11-02 19:58:24','2025-11-02 19:58:24'),(4052,29,49,'NE','','2025-11-02 19:58:27','2025-11-02 19:58:27'),(4053,29,53,'CF','','2025-11-02 19:58:34','2025-11-02 19:58:34'),(4054,29,54,'CF','','2025-11-02 19:58:38','2025-11-02 19:58:38'),(4055,29,55,'CF','','2025-11-02 19:58:42','2025-11-02 19:58:42'),(4056,29,56,'NE','','2025-11-02 19:58:44','2025-11-02 19:58:44'),(4058,29,57,'NE','','2025-11-02 19:59:18','2025-11-02 19:59:18'),(4059,29,58,'NE','','2025-11-02 19:59:24','2025-11-02 19:59:24'),(4060,29,59,'NE','','2025-11-02 19:59:27','2025-11-02 19:59:27'),(4061,29,309,'NE','','2025-11-02 19:59:30','2025-11-02 19:59:30'),(4062,29,310,'NE','','2025-11-02 19:59:32','2025-11-02 19:59:32'),(4063,29,311,'NE','','2025-11-02 19:59:35','2025-11-02 19:59:35'),(4064,29,312,'NE','','2025-11-02 19:59:38','2025-11-02 19:59:38'),(4065,29,313,'NE','','2025-11-02 19:59:41','2025-11-02 19:59:41'),(4066,29,314,'NE','','2025-11-02 19:59:43','2025-11-02 19:59:43'),(4067,29,315,'NE','','2025-11-02 19:59:46','2025-11-02 19:59:46'),(4068,29,316,'NE','','2025-11-02 19:59:51','2025-11-02 19:59:51'),(4069,29,60,'CF','','2025-11-02 19:59:59','2025-11-02 19:59:59'),(4070,29,61,'CF','','2025-11-02 20:00:07','2025-11-02 20:00:07'),(4071,29,62,'CF','','2025-11-02 20:00:15','2025-11-02 20:00:15'),(4072,29,63,'CF','','2025-11-02 20:00:18','2025-11-02 20:00:18'),(4073,29,64,'CF','','2025-11-02 20:00:23','2025-11-02 20:00:23'),(4074,29,65,'CF','','2025-11-02 20:00:26','2025-11-02 20:00:26'),(4075,29,66,'CF','','2025-11-02 20:00:30','2025-11-02 20:00:30'),(4076,29,67,'CF','','2025-11-02 20:00:33','2025-11-02 20:00:33'),(4077,29,68,'PC','','2025-11-02 20:00:39','2025-11-02 20:00:39'),(4078,29,69,'PC','','2025-11-02 20:00:43','2025-11-02 20:00:43'),(4080,29,15,'CF','','2025-11-02 20:00:50','2025-11-02 20:00:50'),(4081,29,16,'CF','','2025-11-02 20:00:55','2025-11-02 20:00:55'),(4082,29,17,'CF','','2025-11-02 20:00:57','2025-11-02 20:00:57'),(4083,29,18,'CF','','2025-11-02 20:01:01','2025-11-02 20:01:01'),(4084,29,19,'CF','','2025-11-02 20:01:05','2025-11-02 20:01:05'),(4085,29,24,'CF','','2025-11-02 20:01:39','2025-11-02 20:01:39'),(4086,29,25,'CF','','2025-11-02 20:01:43','2025-11-02 20:01:43'),(4087,29,26,'CF','','2025-11-02 20:01:47','2025-11-02 20:01:47'),(4088,29,27,'CF','','2025-11-02 20:01:49','2025-11-02 20:01:49'),(4089,29,28,'CF','','2025-11-02 20:01:54','2025-11-02 20:01:54'),(4090,29,1,'CF','','2025-11-02 20:01:57','2025-11-02 20:01:57'),(4091,29,2,'CF','','2025-11-02 20:02:03','2025-11-02 20:02:03'),(4092,29,3,'CF','','2025-11-02 20:02:14','2025-11-02 20:02:14'),(4093,29,4,'NE','','2025-11-02 20:02:19','2025-11-02 20:02:19'),(4094,29,5,'CF','','2025-11-02 20:02:28','2025-11-02 20:02:28'),(4095,29,6,'CF','','2025-11-02 20:02:32','2025-11-02 20:02:32'),(4096,29,7,'NE','','2025-11-02 20:02:36','2025-11-02 20:02:36'),(4097,29,8,'CF','','2025-11-02 20:02:41','2025-11-02 20:02:41'),(4098,29,50,'CF','','2025-11-02 20:02:46','2025-11-02 20:02:46'),(4099,29,51,'CF','','2025-11-02 20:02:49','2025-11-02 20:02:49'),(4100,29,52,'CF','','2025-11-02 20:02:56','2025-11-02 20:02:56'),(4101,29,304,'CF','','2025-11-02 20:02:59','2025-11-02 20:02:59'),(4102,29,305,'CF','','2025-11-02 20:03:04','2025-11-02 20:03:04'),(4103,29,317,'CF','','2025-11-02 20:03:11','2025-11-02 20:03:11'),(4104,29,318,'NE','','2025-11-02 20:03:18','2025-11-02 20:03:18'),(4105,29,319,'NE','','2025-11-02 20:03:20','2025-11-02 20:03:20'),(4106,29,320,'NE','','2025-11-02 20:03:23','2025-11-02 20:03:23'),(4107,29,321,'NE','','2025-11-02 20:03:26','2025-11-02 20:03:26'),(4108,29,322,'NE','','2025-11-02 20:03:28','2025-11-02 20:03:28'),(4109,29,323,'NE','','2025-11-02 20:03:31','2025-11-02 20:03:31'),(4110,30,253,'NE','','2025-11-02 20:07:07','2025-11-02 20:07:07'),(4111,30,254,'NE','','2025-11-02 20:07:09','2025-11-02 20:07:09'),(4112,30,255,'NE','','2025-11-02 20:07:11','2025-11-02 20:07:11'),(4113,30,256,'NE','','2025-11-02 20:07:13','2025-11-02 20:07:13'),(4114,30,257,'NE','','2025-11-02 20:07:15','2025-11-02 20:07:15'),(4115,30,258,'NE','','2025-11-02 20:07:20','2025-11-02 20:07:20'),(4116,30,20,'NE','','2025-11-02 20:07:24','2025-11-02 20:07:24'),(4117,31,253,'NE','','2025-11-02 20:08:22','2025-11-02 20:08:22'),(4118,31,254,'NE','','2025-11-02 20:08:24','2025-11-02 20:08:24'),(4119,31,255,'NE','','2025-11-02 20:08:26','2025-11-02 20:08:26'),(4120,31,256,'NE','','2025-11-02 20:08:29','2025-11-02 20:08:29'),(4121,31,257,'NE','','2025-11-02 20:08:32','2025-11-02 20:08:32'),(4122,31,258,'NE','','2025-11-02 20:08:36','2025-11-02 20:08:36'),(4123,31,20,'NE','','2025-11-02 20:08:39','2025-11-02 20:08:39'),(4124,31,21,'CF','','2025-11-02 20:08:50','2025-11-02 20:08:50'),(4125,31,22,'PC','','2025-11-02 20:08:59','2025-11-02 20:08:59'),(4126,31,23,'CF','','2025-11-02 20:09:02','2025-11-02 20:09:02'),(4127,31,29,'CF','','2025-11-02 20:09:08','2025-11-02 20:09:08'),(4128,31,30,'CF','','2025-11-02 20:09:10','2025-11-02 20:09:10'),(4129,31,31,'CF','','2025-11-02 20:09:14','2025-11-02 20:09:14'),(4130,31,32,'CF','','2025-11-02 20:09:57','2025-11-02 20:09:57'),(4131,31,33,'CF','','2025-11-02 20:10:00','2025-11-02 20:10:00'),(4132,31,34,'PC','','2025-11-02 20:10:09','2025-11-02 20:10:09'),(4133,31,35,'CF','','2025-11-02 20:10:13','2025-11-02 20:10:13'),(4134,31,36,'CF','','2025-11-02 20:10:16','2025-11-02 20:10:16'),(4135,31,37,'CF','','2025-11-02 20:10:20','2025-11-02 20:10:20'),(4136,31,38,'CF','','2025-11-02 20:10:26','2025-11-02 20:10:26'),(4137,31,39,'PC','','2025-11-02 20:10:32','2025-11-02 20:10:32'),(4139,31,40,'CF','','2025-11-02 20:10:40','2025-11-02 20:10:40'),(4140,31,41,'CF','','2025-11-02 20:10:43','2025-11-02 20:10:43'),(4141,31,42,'CF','','2025-11-02 20:10:47','2025-11-02 20:10:47'),(4142,31,43,'CF','','2025-11-02 20:10:50','2025-11-02 20:10:50'),(4143,31,44,'CF','','2025-11-02 20:10:56','2025-11-02 20:10:56'),(4144,31,45,'CF','','2025-11-02 20:10:59','2025-11-02 20:10:59'),(4145,31,306,'NE','','2025-11-02 20:11:04','2025-11-02 20:11:04'),(4146,31,307,'CF','','2025-11-02 20:11:06','2025-11-02 20:11:06'),(4147,31,308,'NE','','2025-11-02 20:11:10','2025-11-02 20:11:10'),(4152,31,46,'NE','','2025-11-02 20:11:23','2025-11-02 20:11:23'),(4153,31,47,'NE','','2025-11-02 20:11:26','2025-11-02 20:11:26'),(4154,31,48,'NE','','2025-11-02 20:11:29','2025-11-02 20:11:29'),(4155,31,49,'NE','','2025-11-02 20:11:32','2025-11-02 20:11:32'),(4156,31,53,'CF','','2025-11-02 20:11:35','2025-11-02 20:11:35'),(4157,31,54,'CF','','2025-11-02 20:11:39','2025-11-02 20:11:39'),(4158,31,55,'CF','','2025-11-02 20:11:43','2025-11-02 20:11:43'),(4160,31,56,'NE','','2025-11-02 20:11:53','2025-11-02 20:11:53'),(4161,31,57,'NE','','2025-11-02 20:11:56','2025-11-02 20:11:56'),(4162,31,58,'NE','','2025-11-02 20:11:57','2025-11-02 20:11:57'),(4163,31,59,'NE','','2025-11-02 20:11:59','2025-11-02 20:11:59'),(4164,31,309,'NE','','2025-11-02 20:12:01','2025-11-02 20:12:01'),(4165,31,310,'NE','','2025-11-02 20:12:03','2025-11-02 20:12:03'),(4166,31,311,'NE','','2025-11-02 20:12:06','2025-11-02 20:12:06'),(4167,31,312,'NE','','2025-11-02 20:12:10','2025-11-02 20:12:10'),(4168,31,313,'NE','','2025-11-02 20:12:20','2025-11-02 20:12:20'),(4169,31,314,'NE','','2025-11-02 20:12:25','2025-11-02 20:12:25'),(4170,31,315,'NE','','2025-11-02 20:12:29','2025-11-02 20:12:29'),(4171,31,316,'NE','','2025-11-02 20:12:32','2025-11-02 20:12:32'),(4172,31,60,'CF','','2025-11-02 20:12:40','2025-11-02 20:12:40'),(4173,31,61,'CF','','2025-11-02 20:12:44','2025-11-02 20:12:44'),(4174,31,62,'CF','','2025-11-02 20:12:48','2025-11-02 20:12:48'),(4175,31,63,'CF','','2025-11-02 20:12:52','2025-11-02 20:12:52'),(4176,31,64,'CF','','2025-11-02 20:13:02','2025-11-02 20:13:02'),(4177,31,65,'CF','','2025-11-02 20:13:05','2025-11-02 20:13:05'),(4178,31,66,'CF','','2025-11-02 20:13:19','2025-11-02 20:13:19'),(4179,31,67,'CF','','2025-11-02 20:13:22','2025-11-02 20:13:22'),(4180,31,68,'CF','','2025-11-02 20:13:26','2025-11-02 20:13:26'),(4181,31,69,'CF','','2025-11-02 20:13:33','2025-11-02 20:13:33'),(4182,31,15,'CF','','2025-11-02 20:13:43','2025-11-02 20:13:43'),(4183,31,16,'CF','','2025-11-02 20:13:45','2025-11-02 20:13:45'),(4184,31,17,'CF','','2025-11-02 20:13:47','2025-11-02 20:13:47'),(4185,31,18,'CF','','2025-11-02 20:13:50','2025-11-02 20:13:50'),(4186,31,19,'CF','','2025-11-02 20:13:54','2025-11-02 20:13:54'),(4187,31,24,'CF','','2025-11-02 20:13:59','2025-11-02 20:13:59'),(4188,31,25,'CF','','2025-11-02 20:14:04','2025-11-02 20:14:04'),(4189,31,26,'CF','','2025-11-02 20:14:08','2025-11-02 20:14:08'),(4190,31,27,'CF','','2025-11-02 20:14:12','2025-11-02 20:14:12'),(4191,31,28,'CF','','2025-11-02 20:14:17','2025-11-02 20:14:17'),(4192,31,1,'NE','','2025-11-02 20:14:20','2025-11-02 20:14:20'),(4194,31,2,'CF','','2025-11-02 20:14:28','2025-11-02 20:14:28'),(4195,31,3,'CF','','2025-11-02 20:14:31','2025-11-02 20:14:31'),(4196,31,4,'NE','','2025-11-02 20:14:36','2025-11-02 20:14:36'),(4197,31,5,'CF','','2025-11-02 20:14:40','2025-11-02 20:14:40'),(4198,31,6,'CF','','2025-11-02 20:14:44','2025-11-02 20:14:44'),(4199,31,7,'NE','','2025-11-02 20:14:47','2025-11-02 20:14:47'),(4200,31,8,'NE','','2025-11-02 20:14:51','2025-11-02 20:14:51'),(4201,31,50,'NE','','2025-11-02 20:14:53','2025-11-02 20:14:53'),(4202,31,51,'NE','','2025-11-02 20:14:57','2025-11-02 20:14:57'),(4203,31,52,'NE','','2025-11-02 20:14:59','2025-11-02 20:14:59'),(4204,31,304,'NE','','2025-11-02 20:15:02','2025-11-02 20:15:02'),(4205,31,305,'NE','','2025-11-02 20:15:05','2025-11-02 20:15:05'),(4206,31,317,'NE','','2025-11-02 20:15:08','2025-11-02 20:15:08'),(4207,31,318,'NE','','2025-11-02 20:15:15','2025-11-02 20:15:15'),(4208,31,319,'NE','','2025-11-02 20:15:18','2025-11-02 20:15:18'),(4209,31,320,'NE','','2025-11-02 20:15:20','2025-11-02 20:15:20'),(4210,31,321,'NE','','2025-11-02 20:15:22','2025-11-02 20:15:22'),(4211,31,322,'NE','','2025-11-02 20:15:24','2025-11-02 20:15:24'),(4212,31,323,'NE','','2025-11-02 20:15:26','2025-11-02 20:15:26'),(4213,32,253,'NC','','2025-11-02 20:17:17','2025-11-02 20:17:17'),(4214,32,254,'PC','','2025-11-02 20:17:24','2025-11-02 20:17:24'),(4215,32,255,'PC','','2025-11-02 20:17:28','2025-11-02 20:17:28'),(4216,32,256,'CF','','2025-11-02 20:17:33','2025-11-02 20:17:33'),(4217,32,257,'PC','','2025-11-02 20:17:38','2025-11-02 20:17:38'),(4218,32,258,'CF','','2025-11-02 20:17:47','2025-11-02 20:17:47'),(4219,32,20,'CF','','2025-11-02 20:17:53','2025-11-02 20:17:53'),(4220,32,21,'CF','','2025-11-02 20:17:56','2025-11-02 20:17:56'),(4221,32,22,'CF','','2025-11-02 20:18:01','2025-11-02 20:18:01'),(4222,32,23,'CF','','2025-11-02 20:18:04','2025-11-02 20:18:04'),(4223,32,29,'CF','','2025-11-02 20:18:12','2025-11-02 20:18:12'),(4224,32,30,'PC','','2025-11-02 20:18:16','2025-11-02 20:18:16'),(4228,32,31,'CF','','2025-11-02 20:18:22','2025-11-02 20:18:22'),(4229,32,32,'PC','','2025-11-02 20:18:27','2025-11-02 20:18:27'),(4230,32,33,'CF','','2025-11-02 20:18:29','2025-11-02 20:18:29'),(4231,32,34,'PC','','2025-11-02 20:18:35','2025-11-02 20:18:35'),(4233,32,35,'CF','','2025-11-02 20:18:44','2025-11-02 20:18:44'),(4234,32,36,'PC','','2025-11-02 20:18:51','2025-11-02 20:18:51'),(4235,32,37,'CF','','2025-11-02 20:18:55','2025-11-02 20:18:55'),(4236,32,38,'CF','','2025-11-02 20:18:59','2025-11-02 20:18:59'),(4237,32,39,'NC','','2025-11-02 20:19:01','2025-11-02 20:19:01'),(4241,32,40,'CF','','2025-11-02 20:19:09','2025-11-02 20:19:09'),(4242,32,41,'CF','','2025-11-02 20:19:15','2025-11-02 20:19:15'),(4243,32,42,'CF','','2025-11-02 20:19:35','2025-11-02 20:19:35'),(4244,32,43,'CF','','2025-11-02 20:19:44','2025-11-02 20:19:44'),(4245,32,44,'CF','','2025-11-02 20:19:52','2025-11-02 20:19:52'),(4246,32,45,'CF','','2025-11-02 20:19:56','2025-11-02 20:19:56'),(4247,32,306,'NE','','2025-11-02 20:20:00','2025-11-02 20:20:00'),(4248,32,307,'CF','','2025-11-02 20:20:06','2025-11-02 20:20:06'),(4251,32,308,'CF','','2025-11-02 20:20:20','2025-11-02 20:20:20'),(4254,32,46,'NE','','2025-11-02 20:20:32','2025-11-02 20:20:32'),(4255,32,47,'NE','','2025-11-02 20:20:43','2025-11-02 20:20:43'),(4256,32,48,'NE','','2025-11-02 20:20:46','2025-11-02 20:20:46'),(4257,32,49,'NE','','2025-11-02 20:20:49','2025-11-02 20:20:49'),(4258,32,53,'CF','','2025-11-02 20:20:57','2025-11-02 20:20:57'),(4259,32,54,'CF','','2025-11-02 20:21:00','2025-11-02 20:21:00'),(4260,32,55,'CF','','2025-11-02 20:21:04','2025-11-02 20:21:04'),(4261,32,56,'CF','','2025-11-02 20:21:06','2025-11-02 20:21:06'),(4262,32,57,'NE','','2025-11-02 20:21:15','2025-11-02 20:21:15'),(4263,32,58,'NE','','2025-11-02 20:21:19','2025-11-02 20:21:19'),(4264,32,59,'NE','','2025-11-02 20:21:21','2025-11-02 20:21:21'),(4265,32,309,'NE','','2025-11-02 20:21:23','2025-11-02 20:21:23'),(4266,32,310,'NE','','2025-11-02 20:21:25','2025-11-02 20:21:25'),(4267,32,311,'NE','','2025-11-02 20:21:28','2025-11-02 20:21:28'),(4268,32,312,'NE','','2025-11-02 20:21:30','2025-11-02 20:21:30'),(4269,32,313,'NE','','2025-11-02 20:21:32','2025-11-02 20:21:32'),(4270,32,314,'NE','','2025-11-02 20:21:34','2025-11-02 20:21:34'),(4271,32,315,'NE','','2025-11-02 20:21:37','2025-11-02 20:21:37'),(4272,32,316,'NE','','2025-11-02 20:21:39','2025-11-02 20:21:39'),(4273,32,60,'CF','','2025-11-02 20:21:47','2025-11-02 20:21:47'),(4274,32,61,'CF','','2025-11-02 20:21:51','2025-11-02 20:21:51'),(4275,32,62,'NC','','2025-11-02 20:21:57','2025-11-02 20:21:57'),(4277,32,63,'CF','','2025-11-02 20:22:01','2025-11-02 20:22:01'),(4278,32,64,'PC','','2025-11-02 20:22:07','2025-11-02 20:22:07'),(4279,32,65,'CF','','2025-11-02 20:22:15','2025-11-02 20:22:15'),(4280,32,66,'CF','','2025-11-02 20:22:18','2025-11-02 20:22:18'),(4281,32,67,'PC','','2025-11-02 20:22:24','2025-11-02 20:22:24'),(4282,32,68,'PC','','2025-11-02 20:22:30','2025-11-02 20:22:30'),(4283,32,69,'CF','','2025-11-02 20:22:38','2025-11-02 20:22:38'),(4284,32,15,'CF','','2025-11-02 20:22:41','2025-11-02 20:22:41'),(4285,32,16,'CF','','2025-11-02 20:22:44','2025-11-02 20:22:44'),(4286,32,17,'CF','','2025-11-02 20:22:46','2025-11-02 20:22:46'),(4287,32,18,'CF','','2025-11-02 20:22:48','2025-11-02 20:22:48'),(4288,32,19,'CF','','2025-11-02 20:22:50','2025-11-02 20:22:50'),(4289,32,24,'CF','','2025-11-02 20:22:55','2025-11-02 20:22:55'),(4290,32,25,'CF','','2025-11-02 20:22:59','2025-11-02 20:22:59'),(4291,32,26,'CF','','2025-11-02 20:23:01','2025-11-02 20:23:01'),(4292,32,27,'CF','','2025-11-02 20:23:04','2025-11-02 20:23:04'),(4293,32,28,'CF','','2025-11-02 20:23:07','2025-11-02 20:23:07'),(4294,32,1,'NE','','2025-11-02 20:23:11','2025-11-02 20:23:11'),(4295,32,2,'CF','','2025-11-02 20:23:14','2025-11-02 20:23:14'),(4296,32,3,'CF','','2025-11-02 20:23:17','2025-11-02 20:23:17'),(4297,32,4,'NE','','2025-11-02 20:23:22','2025-11-02 20:23:22'),(4298,32,5,'PC','','2025-11-02 20:23:27','2025-11-02 20:23:27'),(4299,32,6,'CF','','2025-11-02 20:23:37','2025-11-02 20:23:37'),(4300,32,7,'NC','','2025-11-02 20:23:50','2025-11-02 20:23:50'),(4301,32,8,'CF','','2025-11-02 20:23:53','2025-11-02 20:23:53'),(4302,32,50,'PC','','2025-11-02 20:23:59','2025-11-02 20:23:59'),(4303,32,51,'PC','','2025-11-02 20:24:03','2025-11-02 20:24:03'),(4304,32,52,'CF','','2025-11-02 20:24:09','2025-11-02 20:24:09'),(4305,32,304,'CF','','2025-11-02 20:24:15','2025-11-02 20:24:15'),(4306,32,305,'NC','','2025-11-02 20:24:19','2025-11-02 20:24:19'),(4307,32,317,'CF','','2025-11-02 20:24:23','2025-11-02 20:24:23'),(4308,32,318,'NE','','2025-11-02 20:24:29','2025-11-02 20:24:29'),(4309,32,319,'NE','','2025-11-02 20:24:33','2025-11-02 20:24:33'),(4310,32,320,'NE','','2025-11-02 20:24:36','2025-11-02 20:24:36'),(4311,32,321,'NE','','2025-11-02 20:24:38','2025-11-02 20:24:38'),(4312,32,322,'NE','','2025-11-02 20:24:42','2025-11-02 20:24:42'),(4313,32,323,'NE','','2025-11-02 20:24:45','2025-11-02 20:24:45'),(4314,33,253,'CF','','2025-11-03 17:23:43','2025-11-03 17:23:43'),(4315,33,254,'CF','','2025-11-03 17:23:50','2025-11-03 17:23:50'),(4316,33,255,'CF','','2025-11-03 17:23:55','2025-11-03 17:23:55'),(4317,33,256,'CF','','2025-11-03 17:24:00','2025-11-03 17:24:00'),(4318,33,257,'PC','','2025-11-03 17:24:08','2025-11-03 17:24:08'),(4319,33,258,'NE','','2025-11-03 17:24:19','2025-11-03 17:24:19'),(4320,33,20,'PC','','2025-11-03 17:24:26','2025-11-03 17:24:26'),(4321,33,21,'CF','','2025-11-03 17:24:29','2025-11-03 17:24:29'),(4322,33,22,'CF','','2025-11-03 17:24:36','2025-11-03 17:24:36'),(4323,33,23,'CF','','2025-11-03 17:24:48','2025-11-03 17:24:48'),(4324,33,29,'CF','','2025-11-03 17:24:55','2025-11-03 17:24:55'),(4325,33,30,'CF','','2025-11-03 17:25:05','2025-11-03 17:25:05'),(4326,33,31,'CF','','2025-11-03 17:25:12','2025-11-03 17:25:12'),(4327,33,32,'PC','','2025-11-03 17:25:22','2025-11-03 17:25:22'),(4328,33,33,'CF','','2025-11-03 17:25:30','2025-11-03 17:25:30'),(4329,33,34,'NC','','2025-11-03 17:25:37','2025-11-03 17:25:37'),(4330,33,35,'CF','','2025-11-03 17:25:43','2025-11-03 17:25:43'),(4331,33,36,'CF','','2025-11-03 17:26:00','2025-11-03 17:26:00'),(4332,33,37,'CF','','2025-11-03 17:26:10','2025-11-03 17:26:10'),(4333,33,38,'CF','','2025-11-03 17:26:20','2025-11-03 17:26:20'),(4334,33,39,'CF','','2025-11-03 17:26:26','2025-11-03 17:26:26'),(4335,33,40,'PC','','2025-11-03 17:26:30','2025-11-03 17:26:30'),(4338,33,41,'CF','','2025-11-03 17:26:45','2025-11-03 17:26:45'),(4339,33,42,'CF','','2025-11-03 17:26:53','2025-11-03 17:26:53'),(4340,33,43,'CF','','2025-11-03 17:26:59','2025-11-03 17:26:59'),(4341,33,44,'CF','','2025-11-03 17:27:09','2025-11-03 17:27:09'),(4342,33,45,'CF','','2025-11-03 17:27:20','2025-11-03 17:27:20'),(4343,33,306,'NE','','2025-11-03 17:27:31','2025-11-03 17:27:31'),(4344,33,307,'NE','','2025-11-03 17:27:39','2025-11-03 17:27:39'),(4345,33,308,'NE','','2025-11-03 17:27:49','2025-11-03 17:27:49'),(4346,33,46,'CF','','2025-11-03 17:27:57','2025-11-03 17:27:57'),(4347,34,253,'CF','','2025-11-03 17:29:09','2025-11-03 17:29:09'),(4348,34,254,'CF','','2025-11-03 17:29:15','2025-11-03 17:29:15'),(4349,34,255,'PC','','2025-11-03 17:29:30','2025-11-03 17:29:30'),(4350,34,256,'CF','','2025-11-03 17:29:41','2025-11-03 17:29:41'),(4351,34,257,'PC','','2025-11-03 17:29:55','2025-11-03 17:29:55'),(4352,34,258,'CF','','2025-11-03 17:29:59','2025-11-03 17:29:59'),(4353,34,20,'PC','','2025-11-03 17:30:07','2025-11-03 17:30:07'),(4354,34,21,'CF','','2025-11-03 17:30:14','2025-11-03 17:30:14'),(4355,34,22,'CF','','2025-11-03 17:30:18','2025-11-03 17:30:18'),(4356,34,23,'CF','','2025-11-03 17:30:25','2025-11-03 17:30:25'),(4357,34,29,'CF','','2025-11-03 17:30:31','2025-11-03 17:30:31'),(4358,34,30,'CF','','2025-11-03 17:30:37','2025-11-03 17:30:37'),(4359,34,31,'CF','','2025-11-03 17:30:47','2025-11-03 17:30:47'),(4360,34,32,'PC','','2025-11-03 17:31:17','2025-11-03 17:31:17'),(4361,34,33,'CF','','2025-11-03 17:31:24','2025-11-03 17:31:24'),(4362,34,34,'PC','','2025-11-03 17:31:31','2025-11-03 17:31:31'),(4364,34,35,'CF','','2025-11-03 17:31:39','2025-11-03 17:31:39'),(4365,34,36,'CF','','2025-11-03 17:31:53','2025-11-03 17:31:53'),(4366,34,37,'CF','','2025-11-03 17:31:57','2025-11-03 17:31:57'),(4367,34,38,'CF','','2025-11-03 17:32:04','2025-11-03 17:32:04'),(4368,34,39,'CF','','2025-11-03 17:32:07','2025-11-03 17:32:07'),(4369,34,40,'CF','','2025-11-03 17:32:12','2025-11-03 17:32:12'),(4370,34,41,'CF','','2025-11-03 17:32:18','2025-11-03 17:32:18'),(4371,34,42,'CF','','2025-11-03 17:32:21','2025-11-03 17:32:21'),(4372,34,43,'CF','','2025-11-03 17:32:26','2025-11-03 17:32:26'),(4373,34,44,'CF','','2025-11-03 17:32:32','2025-11-03 17:32:32'),(4374,34,45,'CF','','2025-11-03 17:32:36','2025-11-03 17:32:36'),(4375,34,306,'NE','','2025-11-03 17:32:43','2025-11-03 17:32:43'),(4376,34,307,'CF','','2025-11-03 17:32:50','2025-11-03 17:32:50'),(4377,34,308,'NE','','2025-11-03 17:32:53','2025-11-03 17:32:53'),(4378,34,46,'NE','','2025-11-03 17:33:00','2025-11-03 17:33:00'),(4379,34,47,'NE','','2025-11-03 17:33:07','2025-11-03 17:33:07'),(4380,34,48,'NE','','2025-11-03 17:33:10','2025-11-03 17:33:10'),(4381,34,49,'NE','','2025-11-03 17:33:14','2025-11-03 17:33:14'),(4382,34,53,'CF','','2025-11-03 17:33:18','2025-11-03 17:33:18'),(4383,34,54,'CF','','2025-11-03 17:33:24','2025-11-03 17:33:24'),(4384,34,55,'CF','','2025-11-03 17:33:31','2025-11-03 17:33:31'),(4385,34,56,'NE','','2025-11-03 17:33:37','2025-11-03 17:33:37'),(4386,34,57,'NE','','2025-11-03 17:33:40','2025-11-03 17:33:40'),(4387,34,58,'NE','','2025-11-03 17:33:43','2025-11-03 17:33:43'),(4388,34,59,'NE','','2025-11-03 17:33:45','2025-11-03 17:33:45'),(4389,34,309,'NE','','2025-11-03 17:33:48','2025-11-03 17:33:48'),(4390,34,310,'NE','','2025-11-03 17:33:50','2025-11-03 17:33:50'),(4391,34,311,'NE','','2025-11-03 17:33:54','2025-11-03 17:33:54'),(4392,34,312,'NE','','2025-11-03 17:33:57','2025-11-03 17:33:57'),(4393,34,313,'NE','','2025-11-03 17:34:00','2025-11-03 17:34:00'),(4394,34,314,'NE','','2025-11-03 17:34:04','2025-11-03 17:34:04'),(4395,34,315,'NE','','2025-11-03 17:34:06','2025-11-03 17:34:06'),(4396,34,316,'NE','','2025-11-03 17:34:12','2025-11-03 17:34:12'),(4397,34,60,'CF','','2025-11-03 17:34:20','2025-11-03 17:34:20'),(4398,34,61,'CF','','2025-11-03 17:34:25','2025-11-03 17:34:25'),(4399,34,62,'CF','','2025-11-03 17:34:29','2025-11-03 17:34:29'),(4400,34,63,'PC','','2025-11-03 17:34:33','2025-11-03 17:34:33'),(4401,34,64,'PC','','2025-11-03 17:34:44','2025-11-03 17:34:44'),(4402,34,65,'CF','','2025-11-03 17:34:47','2025-11-03 17:34:47'),(4403,34,66,'CF','','2025-11-03 17:34:52','2025-11-03 17:34:52'),(4404,34,67,'CF','','2025-11-03 17:34:57','2025-11-03 17:34:57'),(4405,34,68,'CF','','2025-11-03 17:35:02','2025-11-03 17:35:02'),(4406,34,69,'CF','','2025-11-03 17:35:07','2025-11-03 17:35:07'),(4407,34,15,'CF','','2025-11-03 17:35:12','2025-11-03 17:35:12'),(4408,34,16,'CF','','2025-11-03 17:35:15','2025-11-03 17:35:15'),(4409,34,17,'CF','','2025-11-03 17:35:19','2025-11-03 17:35:19'),(4410,34,18,'CF','','2025-11-03 17:35:22','2025-11-03 17:35:22'),(4411,34,19,'NE','','2025-11-03 17:35:29','2025-11-03 17:35:29'),(4414,34,24,'CF','','2025-11-03 17:35:36','2025-11-03 17:35:36'),(4415,34,25,'CF','','2025-11-03 17:35:44','2025-11-03 17:35:44'),(4416,34,26,'CF','','2025-11-03 17:35:48','2025-11-03 17:35:48'),(4417,34,27,'CF','','2025-11-03 17:35:59','2025-11-03 17:35:59'),(4418,34,28,'CF','','2025-11-03 17:36:03','2025-11-03 17:36:03'),(4419,34,1,'NE','','2025-11-03 17:36:21','2025-11-03 17:36:21'),(4420,34,2,'CF','','2025-11-03 17:36:32','2025-11-03 17:36:32'),(4421,34,3,'CF','','2025-11-03 17:36:35','2025-11-03 17:36:35'),(4422,34,4,'NE','','2025-11-03 17:36:41','2025-11-03 17:36:41'),(4423,34,5,'CF','','2025-11-03 17:36:56','2025-11-03 17:36:56'),(4424,34,6,'CF','','2025-11-03 17:37:00','2025-11-03 17:37:00'),(4425,34,7,'NC','','2025-11-03 17:37:08','2025-11-03 17:37:08'),(4426,34,8,'PC','','2025-11-03 17:37:15','2025-11-03 17:37:15'),(4427,34,50,'CF','','2025-11-03 17:37:19','2025-11-03 17:37:19'),(4428,34,51,'CF','','2025-11-03 17:37:24','2025-11-03 17:37:24'),(4429,34,52,'CF','','2025-11-03 17:37:27','2025-11-03 17:37:27'),(4430,34,304,'NE','','2025-11-03 17:37:33','2025-11-03 17:37:33'),(4431,34,305,'CF','','2025-11-03 17:37:38','2025-11-03 17:37:38'),(4432,34,317,'NE','','2025-11-03 17:37:46','2025-11-03 17:37:46'),(4433,34,318,'NE','','2025-11-03 17:38:00','2025-11-03 17:38:00'),(4434,34,319,'NE','','2025-11-03 17:38:03','2025-11-03 17:38:03'),(4435,34,320,'NE','','2025-11-03 17:38:06','2025-11-03 17:38:06'),(4436,34,321,'NE','','2025-11-03 17:38:08','2025-11-03 17:38:08'),(4437,34,322,'NE','','2025-11-03 17:38:12','2025-11-03 17:38:12'),(4438,34,323,'NE','','2025-11-03 17:38:18','2025-11-03 17:38:18'),(4439,35,253,'PC','','2025-11-03 17:48:04','2025-11-03 17:48:04'),(4440,35,254,'CF','','2025-11-03 17:48:14','2025-11-03 17:48:14'),(4441,35,255,'NC','','2025-11-03 17:48:20','2025-11-03 17:48:20'),(4442,35,256,'CF','','2025-11-03 17:48:24','2025-11-03 17:48:24'),(4443,35,257,'PC','','2025-11-03 17:48:30','2025-11-03 17:48:30'),(4444,35,258,'NE','','2025-11-03 17:48:37','2025-11-03 17:48:37'),(4445,35,20,'NC','','2025-11-03 17:49:14','2025-11-03 17:49:14'),(4446,35,21,'PC','','2025-11-03 17:49:21','2025-11-03 17:49:21'),(4447,35,22,'NC','','2025-11-03 17:49:39','2025-11-03 17:49:39'),(4448,35,23,'PC','','2025-11-03 17:49:50','2025-11-03 17:49:50'),(4449,35,29,'NE','','2025-11-03 17:49:57','2025-11-03 17:49:57'),(4450,35,30,'NC','','2025-11-03 17:50:15','2025-11-03 17:50:15'),(4451,35,31,'NE','','2025-11-03 17:50:20','2025-11-03 17:50:20'),(4452,35,32,'PC','','2025-11-03 17:50:26','2025-11-03 17:50:26'),(4453,35,33,'PC','','2025-11-03 17:50:32','2025-11-03 17:50:32'),(4454,35,34,'PC','','2025-11-03 17:50:38','2025-11-03 17:50:38'),(4455,35,35,'PC','','2025-11-03 17:50:45','2025-11-03 17:50:45'),(4456,35,36,'NC','','2025-11-03 17:50:51','2025-11-03 17:50:51'),(4457,35,37,'CF','','2025-11-03 17:50:57','2025-11-03 17:50:57'),(4458,35,38,'CF','','2025-11-03 17:51:01','2025-11-03 17:51:01'),(4459,35,39,'NC','','2025-11-03 17:51:08','2025-11-03 17:51:08'),(4460,35,40,'NC','','2025-11-03 17:51:13','2025-11-03 17:51:13'),(4461,35,41,'CF','','2025-11-03 17:51:20','2025-11-03 17:51:20'),(4462,35,42,'PC','','2025-11-03 17:51:44','2025-11-03 17:51:44'),(4464,35,43,'CF','','2025-11-03 17:51:55','2025-11-03 17:51:55'),(4465,35,44,'CF','','2025-11-03 17:52:00','2025-11-03 17:52:00'),(4466,35,45,'PC','','2025-11-03 17:52:07','2025-11-03 17:52:07'),(4467,35,306,'NC','','2025-11-03 17:52:12','2025-11-03 17:52:12'),(4468,35,307,'PC','','2025-11-03 17:52:18','2025-11-03 17:52:18'),(4469,35,308,'NE','','2025-11-03 17:52:24','2025-11-03 17:52:24'),(4471,35,46,'NE','','2025-11-03 17:52:31','2025-11-03 17:52:31'),(4472,35,47,'NE','','2025-11-03 17:52:33','2025-11-03 17:52:33'),(4473,35,48,'NE','','2025-11-03 17:52:36','2025-11-03 17:52:36'),(4474,35,49,'NE','','2025-11-03 17:52:40','2025-11-03 17:52:40'),(4475,35,53,'CF','','2025-11-03 17:52:43','2025-11-03 17:52:43'),(4476,35,54,'CF','','2025-11-03 17:52:48','2025-11-03 17:52:48'),(4477,35,55,'PC','','2025-11-03 17:52:51','2025-11-03 17:52:51'),(4479,35,56,'NE','','2025-11-03 17:53:01','2025-11-03 17:53:01'),(4480,35,57,'NE','','2025-11-03 17:53:04','2025-11-03 17:53:04'),(4481,35,58,'NE','','2025-11-03 17:53:08','2025-11-03 17:53:08'),(4482,35,59,'NE','','2025-11-03 17:53:11','2025-11-03 17:53:11'),(4483,35,309,'NE','','2025-11-03 17:53:14','2025-11-03 17:53:14'),(4484,35,310,'NE','','2025-11-03 17:53:16','2025-11-03 17:53:16'),(4485,35,311,'NE','','2025-11-03 17:53:20','2025-11-03 17:53:20'),(4486,35,312,'NE','','2025-11-03 17:53:23','2025-11-03 17:53:23'),(4487,35,313,'NE','','2025-11-03 17:53:27','2025-11-03 17:53:27'),(4488,35,314,'NE','','2025-11-03 17:53:30','2025-11-03 17:53:30'),(4489,35,315,'NE','','2025-11-03 17:53:33','2025-11-03 17:53:33'),(4490,35,316,'NE','','2025-11-03 17:53:37','2025-11-03 17:53:37'),(4491,35,60,'NC','','2025-11-03 17:53:48','2025-11-03 17:53:48'),(4492,35,61,'CF','','2025-11-03 17:53:59','2025-11-03 17:53:59'),(4493,35,62,'NC','','2025-11-03 17:54:05','2025-11-03 17:54:05'),(4494,35,63,'NC','','2025-11-03 17:54:14','2025-11-03 17:54:14'),(4495,35,64,'CF','','2025-11-03 17:54:17','2025-11-03 17:54:17'),(4496,35,65,'CF','','2025-11-03 17:54:23','2025-11-03 17:54:23'),(4497,35,66,'NC','','2025-11-03 17:54:32','2025-11-03 17:54:32'),(4499,35,67,'PC','','2025-11-03 17:54:38','2025-11-03 17:54:38'),(4500,35,68,'CF','','2025-11-03 17:54:42','2025-11-03 17:54:42'),(4501,35,69,'PC','','2025-11-03 17:54:49','2025-11-03 17:54:49'),(4502,35,15,'PC','','2025-11-03 17:54:53','2025-11-03 17:54:53'),(4504,35,16,'CF','','2025-11-03 17:54:58','2025-11-03 17:54:58'),(4505,35,17,'CF','','2025-11-03 17:55:01','2025-11-03 17:55:01'),(4506,35,18,'PC','','2025-11-03 17:55:12','2025-11-03 17:55:12'),(4510,35,19,'NE','','2025-11-03 17:55:19','2025-11-03 17:55:19'),(4511,35,24,'NC','','2025-11-03 17:55:25','2025-11-03 17:55:25'),(4512,35,25,'PC','','2025-11-03 17:55:30','2025-11-03 17:55:30'),(4513,35,26,'NC','','2025-11-03 17:55:34','2025-11-03 17:55:34'),(4514,35,27,'NC','','2025-11-03 17:55:42','2025-11-03 17:55:42'),(4515,35,28,'PC','','2025-11-03 17:55:47','2025-11-03 17:55:47'),(4516,35,1,'NC','','2025-11-03 17:55:51','2025-11-03 17:55:51'),(4517,35,2,'NC','','2025-11-03 17:55:55','2025-11-03 17:55:55'),(4519,35,3,'CF','','2025-11-03 17:56:03','2025-11-03 17:56:03'),(4520,35,4,'NE','','2025-11-03 17:56:07','2025-11-03 17:56:07'),(4521,35,5,'PC','','2025-11-03 17:56:13','2025-11-03 17:56:13'),(4522,35,6,'NC','','2025-11-03 17:56:22','2025-11-03 17:56:22'),(4523,35,7,'NC','','2025-11-03 17:56:26','2025-11-03 17:56:26'),(4524,35,8,'NC','','2025-11-03 17:56:33','2025-11-03 17:56:33'),(4525,35,50,'NC','','2025-11-03 17:56:41','2025-11-03 17:56:41'),(4526,35,51,'NC','','2025-11-03 17:56:47','2025-11-03 17:56:47'),(4527,35,52,'PC','','2025-11-03 17:56:55','2025-11-03 17:56:55'),(4529,35,304,'NE','','2025-11-03 17:56:59','2025-11-03 17:56:59'),(4530,35,305,'NC','','2025-11-03 17:57:04','2025-11-03 17:57:04'),(4531,35,317,'NC','','2025-11-03 17:57:13','2025-11-03 17:57:13'),(4532,35,318,'NE','','2025-11-03 17:57:18','2025-11-03 17:57:18'),(4534,35,319,'NE','','2025-11-03 17:57:28','2025-11-03 17:57:28'),(4535,35,320,'NE','','2025-11-03 17:57:30','2025-11-03 17:57:30'),(4536,35,321,'NE','','2025-11-03 17:57:34','2025-11-03 17:57:34'),(4537,35,322,'NE','','2025-11-03 17:57:39','2025-11-03 17:57:39'),(4538,35,323,'NE','','2025-11-03 17:57:42','2025-11-03 17:57:42'),(4543,20,31,'NC',' necessrio monitorar temperaturas no processo usando termmetros calibrados ','2025-11-04 01:05:23','2025-11-04 01:05:23'),(4545,20,32,'PC','A maior parte estava etiquetado, exceto o produto temperado','2025-11-04 01:05:58','2025-11-04 01:05:58'),(4549,20,33,'PC','H separao entre carne vermelha, frango e queijo mussarela. Mas  frequente misturar armazenamento de matria-prima e produto muito prximos (papelo)','2025-11-04 01:06:28','2025-11-04 01:06:28'),(4565,20,34,'PC','Os equipamentos e utenslios estavam limpos, de forma geral, mas havia partes da serra-fita com sujidades. A conservao do fatiador, da cmara, do freezer e do refrigerador precisa avanar urgentemente ','2025-11-04 01:07:46','2025-11-04 01:07:46'),(4574,20,35,'PC','Temos bons produtos, mas oriento que o detergente alcalino clorado seria mais rentvel e seguro para a atividade. Alm de reforar o uso correto do quaternrio de amnia para a finalizao (necessrio ajustes com a Copapel e novo treinamento geral)','2025-11-04 01:09:08','2025-11-04 01:09:08'),(4588,20,36,'CF','','2025-11-04 01:10:33','2025-11-04 01:10:33'),(4589,20,37,'CF','','2025-11-04 01:10:40','2025-11-04 01:10:40'),(4602,20,38,'NE','','2025-11-04 01:12:59','2025-11-04 01:12:59'),(4603,20,39,'CF','','2025-11-04 01:13:03','2025-11-04 01:13:03'),(4604,20,42,'NE','','2025-11-04 01:13:28','2025-11-04 01:13:28'),(4621,20,306,'NE','','2025-11-04 01:16:30','2025-11-04 01:16:30'),(4622,20,307,'NE','','2025-11-04 01:16:38','2025-11-04 01:16:38'),(4623,20,308,'NE','','2025-11-04 01:16:51','2025-11-04 01:16:51'),(4626,20,456,'PC','Precisam contratar para renovao fixa do servio a cada 3 meses','2025-11-04 01:17:29','2025-11-04 01:17:29'),(4630,20,457,'NC','Neste ano, passamos vrios meses sem a aplicao/renovao do controle qumico e avaliao de risco pelo profissional ','2025-11-04 01:17:59','2025-11-04 01:17:59'),(4641,20,458,'PC','Algumas vezes h moscas na rea externa, especialmente no calor mais intenso. No h como controlar as pragas que passam na rua, e a rea de manipulao est relativamente prxima  rua','2025-11-04 01:18:59','2025-11-04 01:18:59'),(4656,20,459,'CF','','2025-11-04 01:20:28','2025-11-04 01:20:28'),(4657,20,309,'NE','','2025-11-04 01:20:46','2025-11-04 01:20:46'),(4658,20,310,'NE','','2025-11-04 01:20:50','2025-11-04 01:20:50'),(4659,20,311,'NE','','2025-11-04 01:20:57','2025-11-04 01:20:57'),(4660,20,312,'CF','','2025-11-04 01:21:12','2025-11-04 01:21:12'),(4661,20,313,'NE','','2025-11-04 01:21:35','2025-11-04 01:21:35'),(4662,20,314,'NE','','2025-11-04 01:21:39','2025-11-04 01:21:39'),(4671,20,315,'NE','','2025-11-04 01:22:43','2025-11-04 01:22:43'),(4673,20,316,'NE','','2025-11-04 01:22:55','2025-11-04 01:22:55'),(4677,20,61,'CF','','2025-11-04 01:23:07','2025-11-04 01:23:07'),(4678,20,62,'CF','','2025-11-04 01:23:11','2025-11-04 01:23:11'),(4688,20,63,'CF','','2025-11-04 01:24:54','2025-11-04 01:24:54'),(4689,20,64,'CF','','2025-11-04 01:25:02','2025-11-04 01:25:02'),(4690,20,65,'CF','','2025-11-04 01:25:12','2025-11-04 01:25:12'),(4691,20,66,'NE','','2025-11-04 01:25:18','2025-11-04 01:25:18'),(4692,20,67,'CF','Esto lavando pegando sabonete antissptico junto com o detergente, ','2025-11-04 01:25:28','2025-11-04 01:25:28'),(4698,36,253,'CF','','2025-11-04 18:10:21','2025-11-04 18:10:21'),(4699,36,254,'NE','','2025-11-04 18:10:28','2025-11-04 18:10:28'),(4700,36,255,'PC','','2025-11-04 18:10:32','2025-11-04 18:10:32'),(4701,36,256,'CF','','2025-11-04 18:10:38','2025-11-04 18:10:38'),(4702,36,257,'CF','','2025-11-04 18:10:41','2025-11-04 18:10:41'),(4703,36,258,'NE','','2025-11-04 18:10:50','2025-11-04 18:10:50'),(4704,36,20,'CF','','2025-11-04 18:10:56','2025-11-04 18:10:56'),(4705,36,21,'CF','','2025-11-04 18:11:01','2025-11-04 18:11:01'),(4706,36,22,'PC','','2025-11-04 18:11:06','2025-11-04 18:11:06'),(4708,36,23,'CF','','2025-11-04 18:11:13','2025-11-04 18:11:13'),(4709,36,29,'PC','','2025-11-04 18:11:19','2025-11-04 18:11:19'),(4711,36,30,'CF','','2025-11-04 18:11:27','2025-11-04 18:11:27'),(4712,36,31,'CF','','2025-11-04 18:11:34','2025-11-04 18:11:34'),(4713,36,32,'CF','','2025-11-04 18:11:39','2025-11-04 18:11:39'),(4714,36,33,'CF','','2025-11-04 18:11:45','2025-11-04 18:11:45'),(4715,36,34,'CF','','2025-11-04 18:11:50','2025-11-04 18:11:50'),(4716,36,35,'CF','','2025-11-04 18:11:54','2025-11-04 18:11:54'),(4717,36,36,'CF','','2025-11-04 18:12:01','2025-11-04 18:12:01'),(4718,36,37,'CF','','2025-11-04 18:12:03','2025-11-04 18:12:03'),(4719,36,38,'CF','','2025-11-04 18:12:09','2025-11-04 18:12:09'),(4720,36,39,'CF','','2025-11-04 18:12:13','2025-11-04 18:12:13'),(4721,36,40,'CF','','2025-11-04 18:12:17','2025-11-04 18:12:17'),(4722,36,41,'CF','','2025-11-04 18:12:21','2025-11-04 18:12:21'),(4723,36,42,'CF','','2025-11-04 18:12:26','2025-11-04 18:12:26'),(4724,36,43,'CF','','2025-11-04 18:12:29','2025-11-04 18:12:29'),(4725,36,44,'CF','','2025-11-04 18:12:35','2025-11-04 18:12:35'),(4726,36,45,'CF','','2025-11-04 18:12:40','2025-11-04 18:12:40'),(4727,36,306,'NE','','2025-11-04 18:12:45','2025-11-04 18:12:45'),(4728,36,307,'NE','','2025-11-04 18:12:54','2025-11-04 18:12:54'),(4729,36,308,'NE','','2025-11-04 18:12:58','2025-11-04 18:12:58'),(4730,36,46,'NE','','2025-11-04 18:13:03','2025-11-04 18:13:03'),(4731,36,47,'CF','','2025-11-04 18:13:08','2025-11-04 18:13:08'),(4732,36,48,'NE','','2025-11-04 18:13:15','2025-11-04 18:13:15'),(4733,36,49,'NE','','2025-11-04 18:13:18','2025-11-04 18:13:18'),(4734,36,456,'CF','','2025-11-04 18:13:27','2025-11-04 18:13:27'),(4735,36,457,'CF','','2025-11-04 18:13:31','2025-11-04 18:13:31'),(4736,36,458,'CF','','2025-11-04 18:13:34','2025-11-04 18:13:34'),(4737,36,459,'CF','','2025-11-04 18:13:39','2025-11-04 18:13:39'),(4738,36,56,'CF','','2025-11-04 18:13:43','2025-11-04 18:13:43'),(4739,36,57,'NE','','2025-11-04 18:13:47','2025-11-04 18:13:47'),(4740,36,58,'NE','','2025-11-04 18:13:52','2025-11-04 18:13:52'),(4741,36,59,'NE','','2025-11-04 18:13:55','2025-11-04 18:13:55'),(4742,36,309,'NE','','2025-11-04 18:13:58','2025-11-04 18:13:58'),(4743,36,310,'NE','','2025-11-04 18:14:02','2025-11-04 18:14:02'),(4744,36,311,'NE','','2025-11-04 18:14:06','2025-11-04 18:14:06'),(4745,36,312,'NE','','2025-11-04 18:14:09','2025-11-04 18:14:09'),(4746,36,313,'NE','','2025-11-04 18:14:12','2025-11-04 18:14:12'),(4747,36,314,'NE','','2025-11-04 18:14:16','2025-11-04 18:14:16'),(4748,36,315,'NE','','2025-11-04 18:14:20','2025-11-04 18:14:20'),(4749,36,316,'NE','','2025-11-04 18:14:23','2025-11-04 18:14:23'),(4750,36,60,'PC','','2025-11-04 18:14:30','2025-11-04 18:14:30'),(4752,36,61,'CF','','2025-11-04 18:14:38','2025-11-04 18:14:38'),(4753,36,62,'CF','','2025-11-04 18:14:41','2025-11-04 18:14:41'),(4754,36,63,'CF','','2025-11-04 18:14:45','2025-11-04 18:14:45'),(4755,36,64,'CF','','2025-11-04 18:14:48','2025-11-04 18:14:48'),(4757,36,65,'CF','','2025-11-04 18:14:54','2025-11-04 18:14:54'),(4758,36,66,'CF','','2025-11-04 18:14:58','2025-11-04 18:14:58'),(4759,36,67,'CF','','2025-11-04 18:15:01','2025-11-04 18:15:01'),(4760,36,68,'CF','','2025-11-04 18:15:05','2025-11-04 18:15:05'),(4761,36,69,'CF','','2025-11-04 18:15:08','2025-11-04 18:15:08'),(4762,36,15,'CF','','2025-11-04 18:15:12','2025-11-04 18:15:12'),(4763,36,16,'CF','','2025-11-04 18:15:18','2025-11-04 18:15:18'),(4764,36,17,'CF','','2025-11-04 18:15:23','2025-11-04 18:15:23'),(4765,36,18,'CF','','2025-11-04 18:15:27','2025-11-04 18:15:27'),(4766,36,24,'CF','','2025-11-04 18:15:31','2025-11-04 18:15:31'),(4767,36,25,'CF','','2025-11-04 18:15:34','2025-11-04 18:15:34'),(4768,36,26,'CF','','2025-11-04 18:15:36','2025-11-04 18:15:36'),(4769,36,27,'CF','','2025-11-04 18:15:39','2025-11-04 18:15:39'),(4770,36,28,'CF','','2025-11-04 18:15:45','2025-11-04 18:15:45'),(4771,36,1,'PC','','2025-11-04 18:15:50','2025-11-04 18:15:50'),(4772,36,2,'CF','','2025-11-04 18:15:54','2025-11-04 18:15:54'),(4773,36,3,'CF','','2025-11-04 18:16:00','2025-11-04 18:16:00'),(4774,36,4,'NE','','2025-11-04 18:16:08','2025-11-04 18:16:08'),(4775,36,5,'CF','','2025-11-04 18:16:16','2025-11-04 18:16:16'),(4776,36,6,'CF','','2025-11-04 18:16:21','2025-11-04 18:16:21'),(4777,36,7,'PC','','2025-11-04 18:16:27','2025-11-04 18:16:27'),(4778,36,8,'CF','','2025-11-04 18:16:34','2025-11-04 18:16:34'),(4779,36,50,'CF','','2025-11-04 18:16:41','2025-11-04 18:16:41'),(4780,36,51,'CF','','2025-11-04 18:16:47','2025-11-04 18:16:47'),(4781,36,52,'CF','','2025-11-04 18:16:50','2025-11-04 18:16:50'),(4782,36,304,'CF','','2025-11-04 18:16:54','2025-11-04 18:16:54'),(4783,36,305,'CF','','2025-11-04 18:16:56','2025-11-04 18:16:56'),(4784,36,317,'CF','','2025-11-04 18:17:00','2025-11-04 18:17:00'),(4785,36,450,'NE','','2025-11-04 18:17:06','2025-11-04 18:17:06'),(4786,36,451,'NE','','2025-11-04 18:17:09','2025-11-04 18:17:09'),(4787,36,452,'NE','','2025-11-04 18:17:11','2025-11-04 18:17:11'),(4788,36,453,'NE','','2025-11-04 18:17:15','2025-11-04 18:17:15'),(4789,36,454,'NE','','2025-11-04 18:17:18','2025-11-04 18:17:18'),(4790,36,455,'NE','','2025-11-04 18:17:22','2025-11-04 18:17:22'),(4791,36,318,'NE','','2025-11-04 18:17:32','2025-11-04 18:17:32'),(4792,36,319,'NE','','2025-11-04 18:17:36','2025-11-04 18:17:36'),(4793,36,320,'NE','','2025-11-04 18:17:41','2025-11-04 18:17:41'),(4794,36,321,'NE','','2025-11-04 18:17:45','2025-11-04 18:17:45'),(4795,36,322,'NE','','2025-11-04 18:17:48','2025-11-04 18:17:48'),(4796,36,323,'NE','','2025-11-04 18:17:50','2025-11-04 18:17:50'),(4797,36,53,'CF','','2025-11-04 18:18:01','2025-11-04 18:18:01'),(4798,36,54,'CF','','2025-11-04 18:18:05','2025-11-04 18:18:05'),(4799,36,55,'CF','','2025-11-04 18:18:09','2025-11-04 18:18:09'),(4800,37,253,'CF','','2025-11-04 18:50:50','2025-11-04 18:50:50'),(4801,37,254,'CF','','2025-11-04 18:50:59','2025-11-04 18:50:59'),(4802,37,255,'CF','','2025-11-04 18:51:02','2025-11-04 18:51:02'),(4803,37,256,'CF','','2025-11-04 18:51:06','2025-11-04 18:51:06'),(4804,37,257,'CF','','2025-11-04 18:51:14','2025-11-04 18:51:14'),(4805,37,20,'PC','','2025-11-04 18:52:37','2025-11-04 18:52:37'),(4807,37,21,'CF','','2025-11-04 18:52:44','2025-11-04 18:52:44'),(4808,37,29,'CF','','2025-11-04 18:54:05','2025-11-04 18:54:05'),(4809,37,30,'CF','','2025-11-04 18:54:17','2025-11-04 18:54:17'),(4810,37,31,'CF','','2025-11-04 18:54:31','2025-11-04 18:54:31'),(4811,37,32,'CF','','2025-11-04 18:54:55','2025-11-04 18:54:55'),(4812,37,33,'CF','','2025-11-04 18:55:02','2025-11-04 18:55:02'),(4813,37,34,'CF','','2025-11-04 18:55:06','2025-11-04 18:55:06'),(4814,37,35,'PC','','2025-11-04 18:55:12','2025-11-04 18:55:12'),(4821,37,36,'CF','','2025-11-04 18:55:30','2025-11-04 18:55:30'),(4822,37,37,'CF','','2025-11-04 18:55:38','2025-11-04 18:55:38'),(4823,37,38,'CF','','2025-11-04 18:56:32','2025-11-04 18:56:32'),(4824,37,39,'PC','','2025-11-04 18:56:41','2025-11-04 18:56:41'),(4825,37,40,'CF','','2025-11-04 18:56:47','2025-11-04 18:56:47'),(4826,37,41,'CF','','2025-11-04 18:57:00','2025-11-04 18:57:00'),(4827,37,42,'PC','','2025-11-04 18:57:24','2025-11-04 18:57:24'),(4829,37,43,'CF','','2025-11-04 18:57:37','2025-11-04 18:57:37'),(4830,37,44,'CF','','2025-11-04 18:57:48','2025-11-04 18:57:48'),(4831,37,45,'CF','','2025-11-04 18:57:53','2025-11-04 18:57:53'),(4832,37,306,'NE','','2025-11-04 18:57:59','2025-11-04 18:57:59'),(4833,37,307,'CF','','2025-11-04 18:58:05','2025-11-04 18:58:05'),(4834,37,308,'CF','','2025-11-04 18:58:11','2025-11-04 18:58:11'),(4835,37,46,'NE','','2025-11-04 18:58:26','2025-11-04 18:58:26'),(4836,37,47,'NC','','2025-11-04 18:58:33','2025-11-04 18:58:33'),(4837,37,48,'CF','','2025-11-04 18:58:41','2025-11-04 18:58:41'),(4838,37,49,'PC','','2025-11-04 18:59:04','2025-11-04 18:59:04'),(4840,37,456,'CF','','2025-11-04 18:59:20','2025-11-04 18:59:20'),(4841,37,457,'CF','','2025-11-04 18:59:29','2025-11-04 18:59:29'),(4842,37,458,'CF','','2025-11-04 18:59:33','2025-11-04 18:59:33'),(4843,37,459,'NE','','2025-11-04 18:59:43','2025-11-04 18:59:43'),(4844,37,56,'NE','','2025-11-04 19:00:18','2025-11-04 19:00:18'),(4845,37,58,'NE','','2025-11-04 19:01:05','2025-11-04 19:01:05'),(4846,37,59,'NE','','2025-11-04 19:01:21','2025-11-04 19:01:21'),(4847,37,309,'NE','','2025-11-04 19:01:25','2025-11-04 19:01:25'),(4848,37,310,'NE','','2025-11-04 19:01:29','2025-11-04 19:01:29'),(4849,37,311,'NE','','2025-11-04 19:01:33','2025-11-04 19:01:33'),(4850,37,312,'NE','','2025-11-04 19:01:36','2025-11-04 19:01:36'),(4851,37,313,'NE','','2025-11-04 19:01:38','2025-11-04 19:01:38'),(4852,37,314,'NE','','2025-11-04 19:01:42','2025-11-04 19:01:42'),(4853,37,315,'NE','','2025-11-04 19:01:44','2025-11-04 19:01:44'),(4854,37,60,'CF','','2025-11-04 19:02:11','2025-11-04 19:02:11'),(4855,37,61,'CF','','2025-11-04 19:02:17','2025-11-04 19:02:17'),(4856,37,62,'CF','','2025-11-04 19:02:21','2025-11-04 19:02:21'),(4857,37,63,'CF','','2025-11-04 19:02:28','2025-11-04 19:02:28'),(4858,37,64,'PC','','2025-11-04 19:02:33','2025-11-04 19:02:33'),(4860,37,65,'CF','','2025-11-04 19:02:41','2025-11-04 19:02:41'),(4861,37,66,'CF','','2025-11-04 19:02:45','2025-11-04 19:02:45'),(4862,37,67,'CF','','2025-11-04 19:02:48','2025-11-04 19:02:48'),(4863,37,68,'CF','','2025-11-04 19:02:52','2025-11-04 19:02:52'),(4864,37,69,'PC','','2025-11-04 19:02:56','2025-11-04 19:02:56'),(4865,37,15,'CF','','2025-11-04 19:03:02','2025-11-04 19:03:02'),(4866,37,16,'CF','','2025-11-04 19:03:06','2025-11-04 19:03:06'),(4867,37,17,'CF','','2025-11-04 19:03:08','2025-11-04 19:03:08'),(4868,37,18,'CF','','2025-11-04 19:03:12','2025-11-04 19:03:12'),(4869,37,24,'CF','','2025-11-04 19:03:15','2025-11-04 19:03:15'),(4870,37,27,'CF','','2025-11-04 19:05:08','2025-11-04 19:05:08'),(4871,37,28,'CF','','2025-11-04 19:05:15','2025-11-04 19:05:15'),(4872,37,1,'PC','','2025-11-04 19:05:19','2025-11-04 19:05:19'),(4873,37,2,'CF','','2025-11-04 19:05:24','2025-11-04 19:05:24'),(4874,37,3,'CF','','2025-11-04 19:05:31','2025-11-04 19:05:31'),(4875,37,4,'NE','','2025-11-04 19:05:35','2025-11-04 19:05:35'),(4876,37,5,'CF','','2025-11-04 19:05:47','2025-11-04 19:05:47'),(4877,37,6,'CF','','2025-11-04 19:05:52','2025-11-04 19:05:52'),(4878,37,7,'PC','','2025-11-04 19:06:01','2025-11-04 19:06:01'),(4879,37,8,'CF','','2025-11-04 19:06:05','2025-11-04 19:06:05'),(4880,37,50,'CF','','2025-11-04 19:06:09','2025-11-04 19:06:09'),(4881,37,51,'PC','','2025-11-04 19:06:15','2025-11-04 19:06:15'),(4883,37,304,'CF','','2025-11-04 19:06:51','2025-11-04 19:06:51'),(4884,37,305,'PC','','2025-11-04 19:07:01','2025-11-04 19:07:01'),(4885,37,317,'CF','','2025-11-04 19:07:11','2025-11-04 19:07:11'),(4886,37,450,'NE','','2025-11-04 19:07:18','2025-11-04 19:07:18'),(4887,37,451,'NE','','2025-11-04 19:07:21','2025-11-04 19:07:21'),(4888,37,452,'NE','','2025-11-04 19:07:23','2025-11-04 19:07:23'),(4889,37,453,'NE','','2025-11-04 19:07:25','2025-11-04 19:07:25'),(4890,37,454,'NE','','2025-11-04 19:07:27','2025-11-04 19:07:27'),(4891,37,455,'NE','','2025-11-04 19:07:30','2025-11-04 19:07:30'),(4892,37,318,'NE','','2025-11-04 19:07:38','2025-11-04 19:07:38'),(4893,37,319,'NE','','2025-11-04 19:07:40','2025-11-04 19:07:40'),(4894,37,320,'NE','','2025-11-04 19:07:42','2025-11-04 19:07:42'),(4895,37,321,'NE','','2025-11-04 19:07:44','2025-11-04 19:07:44'),(4896,37,322,'NE','','2025-11-04 19:08:58','2025-11-04 19:08:58'),(4898,37,323,'NE','','2025-11-04 19:09:12','2025-11-04 19:09:12'),(4899,37,53,'CF','','2025-11-04 19:09:15','2025-11-04 19:09:15'),(4900,20,68,'CF','','2025-11-06 01:49:03','2025-11-06 01:49:03'),(4901,20,69,'CF','','2025-11-06 01:49:10','2025-11-06 01:49:10'),(4902,20,15,'NE','','2025-11-06 01:49:23','2025-11-06 01:49:23'),(4903,20,16,'NE','','2025-11-06 01:49:26','2025-11-06 01:49:26'),(4904,20,17,'NE','','2025-11-06 01:49:30','2025-11-06 01:49:30'),(4905,20,18,'NE','','2025-11-06 01:49:32','2025-11-06 01:49:32'),(4906,20,24,'CF','','2025-11-06 01:49:45','2025-11-06 01:49:45'),(4907,20,25,'CF','','2025-11-06 01:49:50','2025-11-06 01:49:50'),(4909,20,26,'NC','','2025-11-06 01:50:01','2025-11-06 01:50:01'),(4910,20,27,'NE','No havia produtos congelados no dia da auditoria','2025-11-06 01:50:09','2025-11-06 01:50:09'),(4917,20,28,'CF','','2025-11-06 01:51:10','2025-11-06 01:51:10'),(4918,20,1,'PC','Temos um controle prprio de recebimentos, mas foi solicitada a calibrao do termmetro infravermelho para incluirmos o controle de temperatura nesta planilha','2025-11-06 01:51:18','2025-11-06 01:51:18'),(4927,20,2,'CF','','2025-11-06 01:52:08','2025-11-06 01:52:08'),(4928,20,3,'CF','','2025-11-06 01:52:12','2025-11-06 01:52:12'),(4929,20,4,'NE','','2025-11-06 01:52:20','2025-11-06 01:52:20'),(4930,20,5,'CF','','2025-11-06 01:52:26','2025-11-06 01:52:26'),(4933,20,6,'CF','','2025-11-06 01:52:38','2025-11-06 01:52:38'),(4934,20,7,'CF','','2025-11-06 01:53:36','2025-11-06 01:53:36'),(4935,20,8,'PC','Mesma observao anterior: a planilha  preenchida, mas falta o controle de temperatura. Quem recebe os alimentos so os prprios colaboradores que manipulam as carnes ','2025-11-06 01:53:46','2025-11-06 01:53:46'),(4939,20,50,'CF','No dia da auditoria estava conforme, mas eventualmente ocorre a colocao de caixas de papelo na via pblica, requerendo ajuste nesta etapa ','2025-11-06 01:54:35','2025-11-06 01:54:35'),(4946,20,51,'CF','Reforar o uso do produto quaternrio de amnia na parte interna da tampa e na lixeira internamente','2025-11-06 01:55:30','2025-11-06 01:55:30'),(4950,20,52,'CF','','2025-11-06 01:56:03','2025-11-06 01:56:03'),(4951,20,304,'CF','','2025-11-06 01:56:10','2025-11-06 01:56:10'),(4952,20,305,'CF','','2025-11-06 01:56:14','2025-11-06 01:56:14'),(4954,20,317,'CF','','2025-11-06 01:56:19','2025-11-06 01:56:19'),(4955,20,450,'CF','O aparelho de ar condicionado est em bom estado de conservao. Orienta-se a limpeza a cada 3 meses para melhorar a eficcia e a qualidade/segurana do ar ','2025-11-06 01:56:28','2025-11-06 01:56:28'),(4963,20,451,'CF','','2025-11-06 01:57:53','2025-11-06 01:57:53'),(4964,20,452,'PC','No h o procedimento instaurado na prtica, mas geralmente os procedimentos de manipulao no demoram mais de 2 horas usando o mesmo utenslio (pois h etapa em que usam o martelo com plstico e uma etapa com a faca, havendo ainda a etapa de tempero e organizao das caixas)','2025-11-06 01:58:32','2025-11-06 01:58:32'),(4983,20,453,'CF','Tbua maior  usada para carne bovina, na mesa central. Carne de frango  manipulada na mesa ao lado da pia, com tbua menor. ','2025-11-06 02:00:46','2025-11-06 02:00:46'),(4987,20,454,'CF','','2025-11-06 02:01:24','2025-11-06 02:01:24'),(4988,20,455,'CF','','2025-11-06 02:01:28','2025-11-06 02:01:28'),(4989,20,318,'CF','','2025-11-06 02:01:35','2025-11-06 02:01:35'),(4990,20,319,'CF','','2025-11-06 02:01:38','2025-11-06 02:01:38'),(4991,20,320,'CF','','2025-11-06 02:01:45','2025-11-06 02:01:45'),(4992,20,321,'CF','','2025-11-06 02:01:49','2025-11-06 02:01:49'),(4993,20,322,'CF','','2025-11-06 02:01:53','2025-11-06 02:01:53'),(4994,20,323,'CF','','2025-11-06 02:01:57','2025-11-06 02:01:57'),(4999,38,253,'PC','A maior parte das carnes  mantida dentro da cmara o tempo todo. Mas no dia da auditoria, havia duas caixas na parte de baixo da mesa do modelador de hambrguer para que descongelassem mais rpido para o uso. Necessrio ajustar: com as caixas plsticas, observaremos se haver melhora na rapidez do processo. ','2025-11-07 00:34:13','2025-11-07 00:34:13'),(5007,38,254,'CF','','2025-11-07 00:35:39','2025-11-07 00:35:39'),(5008,38,255,'CF','','2025-11-07 00:35:45','2025-11-07 00:35:45'),(5010,38,256,'CF','','2025-11-07 00:35:51','2025-11-07 00:35:51'),(5011,38,257,'PC','A refrigerao dos produtos ao longo da manipulao varia entre 8 a 13 graus Celsius, sendo necessrio ajustar processos e climatizao da sala.','2025-11-07 00:35:58','2025-11-07 00:35:58'),(5024,38,258,'CF','','2025-11-07 00:37:18','2025-11-07 00:37:18'),(5025,38,20,'CF','','2025-11-07 00:37:24','2025-11-07 00:37:24'),(5027,38,21,'NC','Necessrio ajustar cuidados com limpeza, havia marcas de algum lquido prximo a estante do mel (semelhante a refrigerante). Melhorar organizao e limpeza das estantes e piso, verificar PVPS (primeiro que vence, primeiro que sai) ','2025-11-07 00:37:30','2025-11-07 00:37:30'),(5040,38,22,'NC','Havia alguns itens dispostos diretamente sobre o piso. Verificar produtos encostados nas paredes ','2025-11-07 00:38:47','2025-11-07 00:38:47'),(5048,38,23,'CF','','2025-11-07 00:42:37','2025-11-07 00:42:37'),(5049,38,29,'CF','','2025-11-07 00:42:40','2025-11-07 00:42:40'),(5060,38,30,'NC','A cmara fria apresenta piso com muita sujidade decorrente do descongelamento de carne. Necessrio melhorar organizao e disposio dos produtos','2025-11-07 00:45:12','2025-11-07 00:45:12'),(5062,38,31,'NC','Ser necessrio instalar termmetro de ambiente para monitorarmos a cmara fria mais corretamente','2025-11-07 00:46:06','2025-11-07 00:46:06'),(5073,38,32,'CF','','2025-11-07 00:47:36','2025-11-07 00:47:36'),(5074,38,33,'NC','Havia desorganizao na disposio dos produtos, com mistura de tipos (por exemplo: por cima das caixas de molho, havia um utenslio de inox com tampa com frango desfiado) ','2025-11-07 00:47:49','2025-11-07 00:47:49'),(5083,38,34,'CF','','2025-11-07 00:48:44','2025-11-07 00:48:44'),(5084,38,35,'CF','Neste dia, orientei a comearem a usar o detergente alcalino clorado e o quaternrio de amnia ','2025-11-07 00:48:50','2025-11-07 00:48:50'),(5089,38,36,'NC','Constatada mistura de utenslios, sendo necessria a separao por cor corretamente (usar apenas utenslios azuis na sala de manipulao)','2025-11-07 00:49:49','2025-11-07 00:49:49'),(5094,38,37,'CF','','2025-11-07 00:50:27','2025-11-07 00:50:27'),(5095,38,38,'NE','','2025-11-07 00:50:31','2025-11-07 00:50:31'),(5096,38,39,'NC','Muitas lixeiras do estabelecimento esto com pedais comprometidos, e alguns tambm a tampa. Requer reforma ou reposio ','2025-11-07 00:50:37','2025-11-07 00:50:37'),(5100,38,40,'PC','Presena de caixas no corredor da recepo perto da chegada na rea de manipulao. No impede a passagem, mas ocupa espao desta parte e podemos melhorar a organizao ','2025-11-07 00:51:10','2025-11-07 00:51:10'),(5111,38,41,'NC','Presena de moscas ','2025-11-07 00:52:24','2025-11-07 00:52:24'),(5113,38,42,'CF','','2025-11-07 00:52:38','2025-11-07 00:52:38'),(5114,38,43,'PC','Apenas aps ','2025-11-07 00:52:45','2025-11-07 00:52:45'),(5116,38,44,'CF','','2025-11-07 00:52:53','2025-11-07 00:52:53'),(5117,38,45,'CF','','2025-11-07 00:52:57','2025-11-07 00:52:57'),(5118,38,306,'NE','','2025-11-07 00:53:04','2025-11-07 00:53:04'),(5122,38,307,'NE','','2025-11-07 00:53:24','2025-11-07 00:53:24'),(5123,38,308,'NE','','2025-11-07 00:53:30','2025-11-07 00:53:30'),(5124,38,46,'NE','No foi avaliada a temperatura de alimentos quentes no dia da auditoria. ','2025-11-07 00:53:39','2025-11-07 00:53:39'),(5128,38,47,'PC','Na cmara fria e no incio do processo sim, mas ao longo da manipulao a temperatura da carne fica cerca de 13 graus Celsius (ou mais, caso demorem mais a finalizar e tambm com o clima mais quente)','2025-11-07 00:54:03','2025-11-07 00:54:03'),(5140,38,48,'NE','','2025-11-07 00:55:24','2025-11-07 00:55:24'),(5142,38,49,'CF','','2025-11-07 00:55:35','2025-11-07 00:55:35'),(5143,38,456,'NC','Solicitada a contratao. H armadilhas de roedores na rea dos fundos, mas totalmente comprometidas ','2025-11-07 00:55:40','2025-11-07 00:55:40'),(5148,38,457,'NC','','2025-11-07 00:56:23','2025-11-07 00:56:23'),(5150,38,458,'NC','O estabelecimento tem o desafio das falhas de barreira de acesso nas portas e janelas como um todo, o que possibilita o acesso de moscas, principalmente ','2025-11-07 00:56:41','2025-11-07 00:56:41'),(5168,38,459,'NC','Necessrio instalar, no h armadilhas de moscas ','2025-11-07 00:57:59','2025-11-07 00:57:59'),(5172,38,56,'CF','','2025-11-07 00:58:24','2025-11-07 00:58:24'),(5173,38,57,'CF','','2025-11-07 00:58:29','2025-11-07 00:58:29'),(5174,38,58,'CF','','2025-11-07 00:58:59','2025-11-07 00:58:59'),(5175,38,59,'CF','','2025-11-07 00:59:15','2025-11-07 00:59:15'),(5176,38,309,'NE','','2025-11-07 00:59:21','2025-11-07 00:59:21'),(5177,38,310,'NE','Ainda no implementamos planilhas ','2025-11-07 00:59:28','2025-11-07 00:59:28'),(5179,38,311,'PC','Necessita ajustes de limpeza ','2025-11-07 00:59:49','2025-11-07 00:59:49'),(5181,38,312,'NC','','2025-11-07 01:00:07','2025-11-07 01:00:07'),(5182,38,313,'NE','','2025-11-07 01:00:12','2025-11-07 01:00:12'),(5183,38,314,'CF','','2025-11-07 01:00:18','2025-11-07 01:00:18'),(5184,38,315,'NE','Ainda  preciso ter a resposta sobre este documento, pedi ao Giuliano o contato do contador ','2025-11-07 01:00:54','2025-11-07 01:00:54'),(5189,38,316,'CF','','2025-11-07 01:01:23','2025-11-07 01:01:23'),(5190,38,60,'PC','Necessrio cortar mais e higienizar melhor em algumas pessoas no dia da auditoria ','2025-11-07 01:01:33','2025-11-07 01:01:33'),(5198,38,61,'CF','','2025-11-07 01:02:26','2025-11-07 01:02:26'),(5200,38,62,'PC','No dia da avaliao, colaboradores j estavam aparando a barba, mas ainda no estavam totalmente aparadas (precisam ajustar a frequncia que vo fazer a barba)','2025-11-07 01:02:38','2025-11-07 01:02:38'),(5213,38,63,'CF','','2025-11-07 01:05:29','2025-11-07 01:05:29'),(5214,38,64,'PC','H pia que precisa ser instalada na rea de entrada na barreira sanitria. Temos outra pia para mos na parte da cozinha dos molhos, mas gera contrafluxo fazer a barreira por l ','2025-11-07 01:05:36','2025-11-07 01:05:36'),(5221,38,65,'CF','','2025-11-07 01:06:50','2025-11-07 01:06:50'),(5223,38,66,'CF','','2025-11-07 01:07:13','2025-11-07 01:07:13'),(5224,38,67,'PC','Ainda  preciso treinar mais','2025-11-07 01:07:18','2025-11-07 01:07:18'),(5227,38,68,'CF','','2025-11-07 01:07:35','2025-11-07 01:07:35'),(5228,38,69,'NC',' preciso adquirir uniforme completo para todos, alm de EPIs . A limpeza dos aventais ao longo da manipulao precisa ser ajustada: limpar o avental a cada 2h de uso','2025-11-07 01:07:43','2025-11-07 01:07:43'),(5236,38,15,'NE','No foi realizada higienizao de hortifruti no dia da auditoria ','2025-11-07 01:09:30','2025-11-07 01:09:30'),(5244,38,16,'NE','No foi realizada higienizao de hortifruti no dia da auditoria ','2025-11-07 01:10:08','2025-11-07 01:10:08'),(5246,38,17,'NE','No foi realizada higienizao de hortifruti no dia da auditoria ','2025-11-07 01:10:31','2025-11-07 01:10:31'),(5248,38,18,'NE','No foi realizada higienizao de hortifruti no dia da auditoria ','2025-11-07 01:10:57','2025-11-07 01:10:57'),(5251,38,24,'CF','','2025-11-07 01:11:10','2025-11-07 01:11:10'),(5252,38,25,'PC','Os freezers de hambrgueres estavam bons quanto a organizao e limpeza. Mas o freezer que fica no corredor da entrada estava sujo na parte do vidro e nas guias, e tambm precisa ser melhor organizado ','2025-11-07 01:11:14','2025-11-07 01:11:14'),(5265,38,26,'NC','','2025-11-07 01:13:12','2025-11-07 01:13:12'),(5266,38,27,'PC','Apenas alguns produtos encontrados sem etiquetas ','2025-11-07 01:13:17','2025-11-07 01:13:17'),(5269,38,28,'CF','','2025-11-07 01:13:41','2025-11-07 01:13:41'),(5270,38,1,'NE','Ainda no implementamos planilhas na rotina ','2025-11-07 01:14:11','2025-11-07 01:14:11'),(5273,38,2,'CF','','2025-11-07 01:15:03','2025-11-07 01:15:03'),(5274,38,3,'CF','','2025-11-07 01:15:07','2025-11-07 01:15:07'),(5275,38,4,'NE','','2025-11-07 01:15:14','2025-11-07 01:15:14'),(5276,38,5,'CF','','2025-11-07 01:15:20','2025-11-07 01:15:20'),(5277,38,6,'PC','Requer ajustes de organizao e uso de palets , otimizar o espao de mesas, etc','2025-11-07 01:15:43','2025-11-07 01:15:43'),(5281,38,7,'CF','','2025-11-07 01:17:07','2025-11-07 01:17:07'),(5282,38,8,'CF','Ainda iremos implementar planilhas na rotina','2025-11-07 01:17:11','2025-11-07 01:17:11'),(5291,38,50,'PC','Melhoraram a organizao das lixeiras, mas ainda precisamos de mais um continer grande para acomodar o volume de caixas gerado (que  grande, mesmo desmontando e arrumando este resduo em sacos de lixo)','2025-11-07 01:59:38','2025-11-07 01:59:38'),(5295,38,51,'CF','','2025-11-07 02:00:34','2025-11-07 02:00:34'),(5302,38,52,'CF','','2025-11-07 02:01:16','2025-11-07 02:01:16'),(5303,38,304,'CF','','2025-11-07 02:01:20','2025-11-07 02:01:20'),(5304,38,305,'NC','H diversas lixeiras com necessidade de reforma nos pedais e/ou tampa, ou reposio ','2025-11-07 02:01:24','2025-11-07 02:01:24'),(5310,38,317,'CF','','2025-11-07 02:07:45','2025-11-07 02:07:45'),(5315,38,450,'PC','O equipamento aparenta estar funcionando corretamente, porm precisamos reforar a climatizao ambiente ','2025-11-07 02:08:02','2025-11-07 02:08:02'),(5323,38,451,'CF','','2025-11-07 02:08:47','2025-11-07 02:08:47'),(5324,38,452,'NE','Este procedimento ainda no foi implementado na rotina, e ser preciso avaliar a aplicabilidade (verificar quanto tempo usam os utenslios, j que a atividade se concentra especialmente na pesagem, modelagem e empacotamento dos hambrgueres)','2025-11-07 02:08:55','2025-11-07 02:08:55'),(5341,38,453,'CF','Na sala dos hambrgueres,  feita a manipulao exclusivamente de carne bovina ','2025-11-07 02:10:31','2025-11-07 02:10:31'),(5347,38,454,'CF','','2025-11-07 02:11:04','2025-11-07 02:11:04'),(5350,38,455,'NC','Necessrio manter pendurada para esgotar a gua aps higienizao ','2025-11-07 02:14:27','2025-11-07 02:14:27'),(5357,38,318,'PC','','2025-11-07 02:15:27','2025-11-07 02:15:27'),(5359,38,319,'CF','','2025-11-07 02:16:02','2025-11-07 02:16:02'),(5360,38,320,'NE','','2025-11-07 02:16:07','2025-11-07 02:16:07'),(5361,38,321,'CF','','2025-11-07 02:16:13','2025-11-07 02:16:13'),(5362,38,322,'CF','','2025-11-07 02:16:16','2025-11-07 02:16:16'),(5363,38,323,'NC','','2025-11-07 02:16:20','2025-11-07 02:16:20'),(5365,38,53,'NC','','2025-11-07 02:16:47','2025-11-07 02:16:47'),(5366,38,54,'NC','','2025-11-07 02:16:50','2025-11-07 02:16:50'),(5367,38,55,'NC','','2025-11-07 02:16:55','2025-11-07 02:16:55'),(5368,39,253,'CF','','2025-11-07 02:26:39','2025-11-07 02:26:39'),(5369,39,254,'CF','','2025-11-07 02:26:45','2025-11-07 02:26:45'),(5370,39,255,'PC','Necessrio atualizar rtulos (em andamento)','2025-11-07 02:26:50','2025-11-07 02:26:50'),(5374,39,256,'CF','','2025-11-07 02:27:15','2025-11-07 02:27:15'),(5375,39,257,'CF','','2025-11-07 02:27:18','2025-11-07 02:27:18'),(5376,39,258,'CF','','2025-11-07 02:27:24','2025-11-07 02:27:24'),(5377,39,20,'PC','','2025-11-07 02:27:29','2025-11-07 02:27:29'),(5378,39,21,'PC','O depsito do mercado, onde h estoque seco de alimentos, requer mais organizao com palets para produtos que ficam no nvel mais baixo. ','2025-11-07 02:27:33','2025-11-07 02:27:33'),(5379,39,22,'NC','','2025-11-07 02:27:37','2025-11-07 02:27:37'),(5392,39,23,'CF','','2025-11-07 02:30:38','2025-11-07 02:30:38'),(5393,39,29,'CF','','2025-11-07 02:30:42','2025-11-07 02:30:42'),(5394,39,30,'PC','A maior parte das cmaras est limpa e organizada. Requer ajustes na limpeza da parte do fecho da porta da cmara, e tambm de algumas partes da borracha da porta ','2025-11-07 02:30:48','2025-11-07 02:30:48'),(5405,39,31,'CF','','2025-11-07 02:31:38','2025-11-07 02:31:38'),(5406,39,32,'PC','A maior parte dos produtos estava conforme, mas havia alguns sem etiqueta ','2025-11-07 02:31:49','2025-11-07 02:31:49'),(5413,39,33,'NC','No dia da auditoria havia uma pea de carne bovina em contato com uma pea de carne suna na gancheira da cmara fria ','2025-11-07 02:32:16','2025-11-07 02:32:16'),(5417,39,34,'PC','Necessrio ajustar limpeza da mquina de vcuo e a serra-fita est com problema em uma pea, alm dos parafusos da parte inferior estarem enferrujados ','2025-11-07 02:33:33','2025-11-07 02:33:33'),(5429,39,35,'CF','','2025-11-07 02:34:34','2025-11-07 02:34:34'),(5430,39,36,'CF','','2025-11-07 02:34:38','2025-11-07 02:34:38'),(5431,39,37,'CF','','2025-11-07 02:34:42','2025-11-07 02:34:42'),(5432,39,38,'NE','','2025-11-07 02:34:47','2025-11-07 02:34:47'),(5433,39,39,'CF','','2025-11-07 02:34:51','2025-11-07 02:34:51'),(5434,39,40,'CF','','2025-11-07 02:34:57','2025-11-07 02:34:57'),(5435,39,41,'PC','Temos histrico de problema com baratas ','2025-11-07 02:35:01','2025-11-07 02:35:01'),(5442,39,42,'CF','','2025-11-07 02:36:03','2025-11-07 02:36:03'),(5443,39,43,'CF','','2025-11-07 02:36:08','2025-11-07 02:36:08'),(5454,39,44,'PC','Ocorre preparo dos assados na rea dos fundos, mas  feita embalagem na sala de manipulao. Porm, em horrio distinto da manipulao de produtos crus','2025-11-07 02:37:17','2025-11-07 02:37:17'),(5463,39,45,'NC','No temos tbuas de cores distintas, procura-se usar apenas uma para frango e outras para bovino e suno. Mas  necessrio distinguir melhor, inclusive as mesas, se possvel ','2025-11-07 02:38:27','2025-11-07 02:38:27'),(5476,39,306,'NE','','2025-11-07 02:39:28','2025-11-07 02:39:28'),(5477,39,307,'NE','','2025-11-07 02:39:32','2025-11-07 02:39:32'),(5480,39,308,'NE','','2025-11-07 02:39:38','2025-11-07 02:39:38'),(5481,39,46,'NE','','2025-11-07 02:39:43','2025-11-07 02:39:43'),(5483,39,47,'PC','Nos momentos de manipulao, a temperatura chega a cerca de 12 graus Celsius. Mas no armazenamento a temperatura est sempre inferior a 5','2025-11-07 02:39:49','2025-11-07 02:39:49'),(5492,39,48,'NE','','2025-11-07 02:40:40','2025-11-07 02:40:40'),(5497,39,49,'CF','','2025-11-07 02:41:12','2025-11-07 02:41:12'),(5498,39,456,'CF','','2025-11-07 02:41:19','2025-11-07 02:41:19'),(5499,39,457,'PC','Algumas vezes  feita visita com atraso, como foi da ltima vez ','2025-11-07 02:41:22','2025-11-07 02:41:22'),(5501,39,458,'NC','Temos a caixa de gordura muito prxima da entrada do aougue e h perigo de acesso das baratas. Problemas estruturais diversos tambm favorecem baratas e outras pragas ','2025-11-07 02:41:44','2025-11-07 02:41:44'),(5510,39,459,'PC','Uma das armadilhas est queimada e ainda no foi consertada ','2025-11-07 08:20:40','2025-11-07 08:20:40'),(5516,39,56,'CF','','2025-11-07 08:20:52','2025-11-07 08:20:52'),(5518,39,57,'NC','Da parte do aougue  feito o transporte da banha. Mas tambm transportam outros tipos de alimentos que precisam de monitoramento e de carro refrigerado','2025-11-07 08:21:06','2025-11-07 08:21:06'),(5529,39,58,'PC','','2025-11-07 08:22:29','2025-11-07 08:22:29'),(5530,39,59,'CF','','2025-11-07 08:22:35','2025-11-07 08:22:35'),(5532,39,309,'NE','','2025-11-07 08:22:39','2025-11-07 08:22:39'),(5533,39,310,'NC','No h planilha para este procedimento ','2025-11-07 08:22:44','2025-11-07 08:22:44'),(5535,39,311,'PC',' a rea externa dos fundos do aougue, que requer reparos e ajustes para ficar mais organizada e limpa','2025-11-07 08:22:57','2025-11-07 08:22:57'),(5543,39,312,'NC','','2025-11-07 08:24:02','2025-11-07 08:24:02'),(5544,39,313,'NE','','2025-11-07 08:24:08','2025-11-07 08:24:08'),(5545,39,314,'CF','','2025-11-07 08:24:14','2025-11-07 08:24:14'),(5546,39,315,'NC','O veculo utilizado  um carro comum, j apontado anteriormente pela vigilncia sanitria a necessidade de ter um veculo isotrmico com licena ','2025-11-07 08:24:19','2025-11-07 08:24:19'),(5551,39,316,'CF','','2025-11-07 08:24:56','2025-11-07 08:24:56'),(5552,39,60,'CF','','2025-11-07 08:25:01','2025-11-07 08:25:01'),(5553,39,61,'CF','','2025-11-07 08:25:06','2025-11-07 08:25:06'),(5554,39,62,'NC','Apenas um colaborador com barba por fazer, orientado verbalmente ','2025-11-07 08:25:34','2025-11-07 08:25:34'),(5558,39,63,'CF','','2025-11-07 08:25:58','2025-11-07 08:25:58'),(5560,39,64,'NC','Est projetado com a arquiteta para quando houver a reforma','2025-11-07 08:26:04','2025-11-07 08:26:04'),(5566,39,65,'NC',' a mesma de higienizao de utenslios ','2025-11-07 08:26:34','2025-11-07 08:26:34'),(5569,39,66,'NC','Temos apenas este ponto para higiene das mos no setor','2025-11-07 08:26:52','2025-11-07 08:26:52'),(5573,39,67,'CF','','2025-11-07 08:27:27','2025-11-07 08:27:27'),(5574,39,68,'CF','','2025-11-07 08:27:30','2025-11-07 08:27:30'),(5575,39,69,'CF','','2025-11-07 08:27:35','2025-11-07 08:27:35'),(5576,39,15,'NE','','2025-11-07 08:27:39','2025-11-07 08:27:39'),(5577,39,16,'NE','','2025-11-07 08:27:42','2025-11-07 08:27:42'),(5578,39,17,'NE','','2025-11-07 08:27:45','2025-11-07 08:27:45'),(5579,39,18,'NE','','2025-11-07 08:27:48','2025-11-07 08:27:48'),(5580,39,24,'CF','','2025-11-07 08:27:54','2025-11-07 08:27:54'),(5581,39,25,'NC','No dia da auditoria, havia um pedao de carne grudado na parede interna do freezer. Desorganizao: produtos diversos, caixa de papelo, produtos acabados e com a embalagem final, produtos em processamento. Na lateral, havia produto (espetinho) com a embalagem aberta  ','2025-11-07 08:28:01','2025-11-07 08:28:01'),(5607,39,26,'CF','','2025-11-07 08:31:11','2025-11-07 08:31:11'),(5608,39,27,'NC','Havia caixas de produtos em processamento sem etiqueta ','2025-11-07 08:31:23','2025-11-07 08:31:23'),(5611,39,28,'PC','Como s h um freezer, fica tudo armazenado junto: matria-prima e produto em processamento. Solicitar a compra de caixas plsticas para transferir matria-prima das caixas de papelo ','2025-11-07 08:31:45','2025-11-07 08:31:45'),(5626,39,1,'NE','No momento, com o tamanho da equipe e disponibilidade de funes, no conseguimos implementar esta planilha ','2025-11-07 08:33:04','2025-11-07 08:33:04'),(5631,39,2,'CF','','2025-11-07 08:33:35','2025-11-07 08:33:35'),(5632,39,3,'CF','','2025-11-07 08:33:39','2025-11-07 08:33:39'),(5633,39,4,'NE','','2025-11-07 08:33:44','2025-11-07 08:33:44'),(5634,39,5,'CF','','2025-11-07 08:33:48','2025-11-07 08:33:48'),(5635,39,6,'CF','','2025-11-07 08:33:53','2025-11-07 08:33:53'),(5636,39,7,'CF','','2025-11-07 08:33:57','2025-11-07 08:33:57'),(5637,39,8,'PC','Quem estiver presente no local  quem faz o recebimento. Mas todos so treinados para as verificaes necessrias ','2025-11-07 08:34:05','2025-11-07 08:34:05'),(5640,39,50,'NC','Ainda temos problema com o armazenamento das caixas de papelo, que precisam ser armazenadas em um continer fechado ','2025-11-07 08:34:32','2025-11-07 08:34:32'),(5641,39,51,'CF','','2025-11-07 08:34:40','2025-11-07 08:34:40'),(5643,39,52,'CF','','2025-11-07 08:34:47','2025-11-07 08:34:47'),(5644,39,304,'CF','','2025-11-07 08:34:51','2025-11-07 08:34:51'),(5645,39,305,'CF','','2025-11-07 08:34:55','2025-11-07 08:34:55'),(5646,39,317,'CF','','2025-11-07 08:34:58','2025-11-07 08:34:58'),(5652,39,450,'NC','Os equipamentos de ar condicionado estavam com vazamento de gua no dia da auditoria. Foi solicitado o servio de limpeza na semana anterior , que precisa ser executado','2025-11-07 08:35:51','2025-11-07 08:35:51'),(5659,39,451,'CF','Porm, o caimento da gua no  adequado dentro do setor ','2025-11-07 08:36:38','2025-11-07 08:36:38'),(5661,39,452,'PC','Os colaboradores geralmente finalizam as atividades dentro deste perodo. Mas no h o procedimento controlado de trocas a cada 2 horas, porm  mantida a higiene dos utenslios constantemente. Pretende-se implementar tal etapa conforme avanarmos nos outros ajustes ','2025-11-07 08:36:59','2025-11-07 08:36:59'),(5676,39,453,'PC','No  feita a manipulao de produtos diferentes na mesma mesa e tbua, mas no h tbuas de cores diferentes e nem outro sistema que mostre com clareza a distino. Penso que o correto ser tentar determinar mesas com tbuas fixas ','2025-11-07 08:38:25','2025-11-07 08:38:25'),(5686,39,454,'CF','','2025-11-07 08:39:30','2025-11-07 08:39:30'),(5687,39,455,'CF','','2025-11-07 08:39:32','2025-11-07 08:39:32'),(5688,39,318,'NC','Os equipamentos de ar condicionado estavam com vazamento de gua no dia da auditoria. Foi solicitado o servio de limpeza na semana anterior , que precisa ser executado','2025-11-07 08:40:19','2025-11-07 08:40:19'),(5690,39,319,'CF','Caimento de gua  inadequado no setor ','2025-11-07 08:40:24','2025-11-07 08:40:24'),(5692,39,320,'PC','Os colaboradores geralmente finalizam as atividades dentro deste perodo. Mas no h o procedimento controlado de trocas a cada 2 horas, porm  mantida a higiene dos utenslios constantemente. Pretende-se implementar tal etapa conforme avanarmos nos outros ajustes ','2025-11-07 08:41:09','2025-11-07 08:41:09'),(5694,39,321,'PC','No  feita a manipulao de produtos diferentes na mesma mesa e tbua, mas no h tbuas de cores diferentes e nem outro sistema que mostre com clareza a distino. Penso que o correto ser tentar determinar mesas com tbuas fixas ','2025-11-07 08:41:18','2025-11-07 08:41:18'),(5696,39,322,'CF','','2025-11-07 08:41:59','2025-11-07 08:41:59'),(5698,39,323,'CF','','2025-11-07 08:42:06','2025-11-07 08:42:06'),(5699,39,53,'CF','','2025-11-07 08:42:09','2025-11-07 08:42:09'),(5702,39,54,'PC','O ltimo prazo demorou a ser cumprido, mas agora est em dia novamente ','2025-11-07 08:42:15','2025-11-07 08:42:15'),(5706,39,55,'NC','Temos problemas com baratas, principalmente na caixa de gordura que tem falhas de vedao e no forro acima do aougue ','2025-11-07 08:42:53','2025-11-07 08:42:53'),(5710,40,253,'CF','','2025-11-07 18:09:12','2025-11-07 18:09:12'),(5711,40,254,'CF','','2025-11-07 18:09:28','2025-11-07 18:09:28'),(5713,40,255,'PC','Necessrio atualizar rtulos (em andamento)','2025-11-07 18:09:54','2025-11-07 18:09:54'),(5715,40,256,'CF','','2025-11-07 18:10:01','2025-11-07 18:10:01'),(5716,40,257,'NC','No dia da auditoria, havia produtos no refrigerador do autosservio com temperatura acima de 9C, indicando que a temperatura na manipulao ficou elevada e o produto no foi deixado 30 minutos na cmara fria para recuperar o frio antes de ir para o autosservio. Alm disso, havia resqucio de carne moda no moedor com temperatura acima de 14C (o dobro do permitido aps a moagem da carne).','2025-11-07 18:10:07','2025-11-07 18:10:07'),(5730,40,258,'CF','','2025-11-07 18:13:34','2025-11-07 18:13:34'),(5731,40,20,'PC','','2025-11-07 18:13:47','2025-11-07 18:13:47'),(5733,40,21,'NC','O depsito do mercado  pequeno para a necessidade atual (h muitos refrigeradores e freezers). O estoque seco de alimentos requer mais organizao com palets para produtos que ficam no nvel mais baixo, e tambm espao apropriado para lixeiras e outras caixarias, pois atrapalham o manejo dos produtos que ficam nas estantes onde esto dispostos estes objetos.\n','2025-11-07 18:14:08','2025-11-07 18:14:08'),(5749,40,22,'NC','','2025-11-07 18:16:01','2025-11-07 18:16:01'),(5752,40,23,'CF','','2025-11-07 18:16:10','2025-11-07 18:16:10'),(5753,40,29,'CF','','2025-11-07 18:16:13','2025-11-07 18:16:13'),(5754,40,30,'PC','A maior parte das cmaras est limpa e organizada. Requer ajustes na limpeza da parte do fecho da porta da cmara, e tambm de algumas partes da borracha da porta. Observar tambm a limpeza de paredes e cantos da cmara, espaos mais escondidos da vista. ','2025-11-07 18:16:17','2025-11-07 18:16:17'),(5762,40,31,'CF','','2025-11-07 18:17:27','2025-11-07 18:17:27'),(5763,40,32,'CF','','2025-11-07 18:18:16','2025-11-07 18:18:16'),(5764,40,33,'NC','No dia da auditoria havia uma caixa de papelo em cima da gancheira onde estavam peas de carne suna. A maior parte das carnes estava protegida por saco plstico, mas havia peas sem proteo.','2025-11-07 18:20:27','2025-11-07 18:20:27'),(5772,40,34,'PC',' visvel que a maior parte da limpeza est em dia, mas requer ajustes em alguns pontos: \n- Borracha da cmara fria; \n- Maaneta da cmara fria; \n- Cantos da cmara fria;\n- Cantos do balco expositor (piso e laterais);\n- Embaladora de carne moda;\n- Saboneteiras/papeleira (interna e externamente)','2025-11-07 18:22:01','2025-11-07 18:22:01'),(5786,40,35,'CF','','2025-11-07 18:24:02','2025-11-07 18:24:02'),(5788,40,36,'CF','','2025-11-07 18:24:16','2025-11-07 18:24:16'),(5790,40,37,'CF','Conforme descrito anteriormente,  visvel que a higienizao est em dia e que melhoraram os processos aps a aquisio de utenslios como as escovas, e tambm aps orientaes e ajustes na organizao da rotina','2025-11-07 18:24:23','2025-11-07 18:24:23'),(5796,40,38,'NE','','2025-11-07 18:25:21','2025-11-07 18:25:21'),(5797,40,39,'CF','','2025-11-07 18:25:24','2025-11-07 18:25:24'),(5798,40,40,'PC','A rea de manipulao do aougue tem espao limitado e dificulta a circulao, especialmente quando h atividades de recebimento e outras. ','2025-11-07 18:25:28','2025-11-07 18:25:28'),(5806,40,41,'NC','H circulao de moscas, precisa de ajustes estruturais e mais ateno na limpeza em alguns momentos, alm de requerer melhora na refrigerao na rea de atendimento do aougue \n','2025-11-07 18:27:52','2025-11-07 18:27:52'),(5815,40,42,'CF','','2025-11-07 18:28:49','2025-11-07 18:28:49'),(5816,40,43,'CF','','2025-11-07 18:29:13','2025-11-07 18:29:13'),(5817,40,44,'CF','','2025-11-07 18:29:17','2025-11-07 18:29:17'),(5818,40,45,'NC','No temos tbuas de cores distintas, procura-se usar apenas uma para frango e outras para bovino e suno. Mas  necessrio distinguir melhor, inclusive as mesas, se possvel ','2025-11-07 18:29:46','2025-11-07 18:29:46'),(5825,40,306,'NE','','2025-11-07 18:35:11','2025-11-07 18:35:11'),(5826,40,307,'NE','','2025-11-07 18:35:20','2025-11-07 18:35:20'),(5827,40,308,'NE','','2025-11-07 18:35:24','2025-11-07 18:35:24'),(5828,40,46,'NE','','2025-11-07 18:35:27','2025-11-07 18:35:27'),(5829,40,47,'NC','Nos momentos de manipulao, a temperatura chega a cerca de 12 graus Celsius e no armazenamento a temperatura chega a registrar >9C em alguns pontos de produtos','2025-11-07 18:35:47','2025-11-07 18:35:47'),(5837,40,48,'NE','','2025-11-07 18:36:34','2025-11-07 18:36:34'),(5839,40,49,'CF','','2025-11-07 18:36:44','2025-11-07 18:36:44'),(5840,40,456,'CF','','2025-11-07 18:36:53','2025-11-07 18:36:53'),(5841,40,457,'PC','Geralmente est em dia, mas a ltima visita est em atraso para atualizao ','2025-11-07 18:36:57','2025-11-07 18:36:57'),(5843,40,458,'NC','Temos problemas com moscas e mosquitos no setor, conforme relatado anteriormente. Necessita de reparos estruturais e ajustes na higienizao','2025-11-07 18:37:24','2025-11-07 18:37:24'),(5846,40,459,'CF','','2025-11-07 18:38:11','2025-11-07 18:38:11'),(5847,40,56,'NE','','2025-11-07 18:38:23','2025-11-07 18:38:23'),(5849,40,57,'NE','','2025-11-07 18:38:33','2025-11-07 18:38:33'),(5850,40,58,'NE','','2025-11-07 18:38:37','2025-11-07 18:38:37'),(5851,40,59,'NE','','2025-11-07 18:38:39','2025-11-07 18:38:39'),(5852,40,309,'NE','','2025-11-07 18:38:43','2025-11-07 18:38:43'),(5853,40,310,'NE','','2025-11-07 18:38:46','2025-11-07 18:38:46'),(5854,40,311,'NC',' a rea externa na sada do depsito. Estava com o piso sujo ','2025-11-07 18:38:49','2025-11-07 18:38:49'),(5862,40,312,'NC','','2025-11-07 18:40:05','2025-11-07 18:40:05'),(5863,40,313,'NE','','2025-11-07 18:40:10','2025-11-07 18:40:10'),(5864,40,314,'NE','','2025-11-07 18:40:19','2025-11-07 18:40:19'),(5865,40,315,'NE','','2025-11-07 18:40:23','2025-11-07 18:40:23'),(5866,40,316,'NE','','2025-11-07 18:40:26','2025-11-07 18:40:26'),(5867,40,60,'NC','Ajustar a limpeza das unhas e tambm o tamanho em alguns casos','2025-11-07 18:40:31','2025-11-07 18:40:31'),(5874,40,61,'CF','','2025-11-07 18:41:55','2025-11-07 18:41:55'),(5875,40,62,'CF','','2025-11-07 18:41:57','2025-11-07 18:41:57'),(5876,40,63,'CF','','2025-11-07 18:42:00','2025-11-07 18:42:00'),(5877,40,64,'CF','','2025-11-07 18:42:08','2025-11-07 18:42:08'),(5878,40,65,'PC','Dentro do setor de aougue h apenas 1 pia, usada tanto para as mos, como para utenslios. Mas h pia apenas para mos na rea externa (barreira sanitria)','2025-11-07 18:42:13','2025-11-07 18:42:13'),(5881,40,66,'NE','','2025-11-07 18:42:54','2025-11-07 18:42:54'),(5883,40,67,'CF','','2025-11-07 18:43:00','2025-11-07 18:43:00'),(5884,40,68,'CF','','2025-11-07 18:43:04','2025-11-07 18:43:04'),(5885,40,69,'CF','','2025-11-07 18:43:07','2025-11-07 18:43:07'),(5886,40,15,'NE','','2025-11-07 18:43:10','2025-11-07 18:43:10'),(5887,40,16,'NE','','2025-11-07 18:43:12','2025-11-07 18:43:12'),(5888,40,17,'NE','','2025-11-07 18:43:15','2025-11-07 18:43:15'),(5889,40,18,'NE','','2025-11-07 18:43:18','2025-11-07 18:43:18'),(5890,40,24,'CF','','2025-11-07 18:43:21','2025-11-07 18:43:21'),(5892,40,25,'NC','O freezer requer melhorias de organizao, apesar de ter melhorado anteriormente: repor caixas com tampa (esto usando sem tampa e usando plstico para proteger os alimentos, no sendo possvel encaixar bem e arrisca amassar e prejudicar os produtos que foram modelados. Presena de carne cozida/assada no mesmo local que as carnes cruas e outros produtos','2025-11-07 18:43:26','2025-11-07 18:43:26'),(5900,40,26,'CF','','2025-11-07 18:44:52','2025-11-07 18:44:52'),(5901,40,27,'NC','No dia da auditoria havia uma caixa de produto sem etiqueta de identificao (espetos)','2025-11-07 18:44:56','2025-11-07 18:44:56'),(5910,40,28,'NC','','2025-11-07 18:46:27','2025-11-07 18:46:27'),(5911,40,1,'NE','No momento, com o tamanho da equipe e disponibilidade de funes, no conseguimos implementar esta planilha','2025-11-07 18:46:32','2025-11-07 18:46:32'),(5916,40,2,'CF','','2025-11-07 18:47:01','2025-11-07 18:47:01'),(5917,40,3,'CF','','2025-11-07 18:47:07','2025-11-07 18:47:07'),(5918,40,4,'NE','','2025-11-07 18:47:17','2025-11-07 18:47:17'),(5919,40,5,'CF','','2025-11-07 18:47:21','2025-11-07 18:47:21'),(5920,40,6,'CF','','2025-11-07 18:47:24','2025-11-07 18:47:24'),(5921,40,7,'CF','','2025-11-07 18:47:37','2025-11-07 18:47:37'),(5922,40,8,'NC','Quem estiver presente no local  quem faz o recebimento. Precisamos ajustar os procedimentos de verificao no recebimento, algumas vezes vejo que verificam a NF, mas precisa observar melhor as etiquetas e condies dos produtos antes de aceitar (abrir uma caixa, ver como est a embalagem e aspecto, checar a temperatura, etc)','2025-11-07 18:47:49','2025-11-07 18:47:49'),(5931,40,50,'CF','','2025-11-07 18:49:11','2025-11-07 18:49:11'),(5932,40,51,'CF','','2025-11-07 18:49:15','2025-11-07 18:49:15'),(5933,40,52,'CF','','2025-11-07 18:49:19','2025-11-07 18:49:19'),(5934,40,304,'CF','','2025-11-07 18:49:29','2025-11-07 18:49:29'),(5935,40,305,'CF','','2025-11-07 18:49:32','2025-11-07 18:49:32'),(5936,40,317,'CF','','2025-11-07 18:49:35','2025-11-07 18:49:35'),(5937,40,450,'CF','O forador foi ajustado semanas atrs e a climatizao da sala melhorou','2025-11-07 18:49:39','2025-11-07 18:49:39'),(5940,40,451,'PC','O caimento de gua da rea de manipulao no  favorvel, mas conseguem remover a gua residual','2025-11-07 18:50:15','2025-11-07 18:50:15'),(5943,40,452,'PC','Os colaboradores geralmente finalizam as atividades dentro deste perodo. Mas no h o procedimento controlado de trocas a cada 2 horas, porm  mantida a higiene dos utenslios constantemente. Pretende-se implementar tal etapa conforme\navanarmos nos outros ajustes','2025-11-07 18:51:02','2025-11-07 18:51:02'),(5949,40,453,'NC','Algumas vezes vejo troca entre tbuas, precisa ajustar. No h tbuas de cores diferentes e nem outro sistema que mostre com clareza a distino. Penso que o correto ser tentar determinar mesas com tbuas fixas','2025-11-07 18:51:23','2025-11-07 18:51:23'),(5958,40,454,'CF','','2025-11-07 18:52:12','2025-11-07 18:52:12'),(5959,40,455,'CF','','2025-11-07 18:52:16','2025-11-07 18:52:16'),(5960,40,318,'CF','','2025-11-07 18:52:21','2025-11-07 18:52:21'),(5961,40,319,'PC','','2025-11-07 18:52:31','2025-11-07 18:52:31'),(5962,40,320,'PC','','2025-11-07 18:52:50','2025-11-07 18:52:50'),(5963,40,321,'PC','','2025-11-07 18:53:00','2025-11-07 18:53:00'),(5964,40,322,'CF','','2025-11-07 18:53:02','2025-11-07 18:53:02'),(5965,40,323,'CF','','2025-11-07 18:53:04','2025-11-07 18:53:04'),(5966,40,53,'CF','','2025-11-07 18:53:13','2025-11-07 18:53:13'),(5967,40,54,'NC','','2025-11-07 18:53:16','2025-11-07 18:53:16'),(5969,40,55,'NC','','2025-11-07 18:53:29','2025-11-07 18:53:29'),(5972,24,456,'CF','','2025-11-11 00:21:49','2025-11-11 00:21:49'),(5973,24,457,'CF','','2025-11-11 00:21:55','2025-11-11 00:21:55'),(5975,24,458,'PC','','2025-11-11 00:21:58','2025-11-11 00:21:58'),(5977,24,459,'PC','','2025-11-11 00:22:04','2025-11-11 00:22:04'),(5984,41,253,'CF','Descongelamento correto, sob refrigerao e com identificao ','2025-11-13 21:05:18','2025-11-13 21:05:18'),(5985,41,254,'NC','H apenas uma mesa na rea de preparo, comumente havendo manipulao simultnea de carne e outros alimentos','2025-11-13 21:05:24','2025-11-13 21:05:24'),(5998,41,255,'CF','','2025-11-13 21:08:31','2025-11-13 21:08:31'),(5999,41,256,'CF','','2025-11-13 21:08:37','2025-11-13 21:08:37'),(6001,41,257,'NC','A carne atinge temperatura alta na manipulao','2025-11-13 21:09:11','2025-11-13 21:09:11'),(6009,41,258,'CF','','2025-11-13 21:11:31','2025-11-13 21:11:31'),(6010,41,20,'CF','','2025-11-13 21:12:21','2025-11-13 21:12:21'),(6011,41,21,'PC','Necessrio reforar a limpeza em alguns pontos, mas de forma geral estava tudo organizado, identificado e limpo. Observar poeira em latas de mistura de sobremesa lctea','2025-11-13 21:15:46','2025-11-13 21:15:46'),(6021,41,22,'CF','','2025-11-13 21:17:38','2025-11-13 21:17:38'),(6022,41,23,'NC','Produtos vencidos','2025-11-13 21:18:11','2025-11-13 21:18:11'),(6035,41,29,'CF','','2025-11-13 21:24:42','2025-11-13 21:24:42'),(6036,41,30,'PC','Observar estas estruturas das geladeiras. Borrachas e demais estruturas estavam limpas, assim como as duas cmaras frias','2025-11-13 21:25:34','2025-11-13 21:25:34'),(6042,41,31,'CF','Planilha de equipamentos bem completa. A de recebimento de matria-prima tinha apenas duas anotaes do dia 04/11','2025-11-13 21:34:05','2025-11-13 21:34:05'),(6048,41,32,'CF','','2025-11-13 21:38:46','2025-11-13 21:38:46'),(6049,41,33,'CF','','2025-11-13 21:40:20','2025-11-13 21:40:20'),(6050,41,34,'PC','Alguns detalhes para ajuste na limpeza. Observar com mais cuidado o procedimento de limpeza da formadora de hamburguer automtica: odor, resqucio de carne (apenas o da foto) e havia um inseto pequeno quando foi aberta ','2025-11-13 21:43:29','2025-11-13 21:43:29'),(6065,41,35,'CF','','2025-11-13 21:49:50','2025-11-13 21:49:50'),(6066,41,36,'CF','Trazer identificao dos utenslios (produo e sanitrio)','2025-11-13 21:50:02','2025-11-13 21:50:02'),(6074,41,37,'CF','','2025-11-13 21:50:47','2025-11-13 21:50:47'),(6075,41,38,'CF','','2025-11-13 21:50:55','2025-11-13 21:50:55'),(6076,41,39,'NC','H lixeiras com defeito no pedal','2025-11-13 21:51:02','2025-11-13 21:51:02'),(6080,41,40,'CF','','2025-11-13 21:56:37','2025-11-13 21:56:37'),(6081,41,41,'CF','','2025-11-13 21:56:48','2025-11-13 21:56:48'),(6083,41,42,'CF','','2025-11-13 21:56:54','2025-11-13 21:56:54'),(6084,41,43,'PC','','2025-11-13 21:57:01','2025-11-13 21:57:01'),(6085,41,44,'NC','Carne cozida e carne crua na mesma mesa','2025-11-13 21:58:46','2025-11-13 21:58:46'),(6090,41,45,'CF','','2025-11-13 22:00:23','2025-11-13 22:00:23'),(6091,41,306,'CF','','2025-11-13 22:00:29','2025-11-13 22:00:29'),(6092,41,307,'CF','','2025-11-13 22:01:39','2025-11-13 22:01:39'),(6094,41,308,'CF','','2025-11-13 22:01:58','2025-11-13 22:01:58'),(6096,41,46,'NE','','2025-11-13 22:02:03','2025-11-13 22:02:03'),(6097,41,47,'NC','Apenas dentro das cmaras e geladeiras. Em cima da mesa de manipulao, a temperatura ultrapassa os 10 graus Celsius','2025-11-13 22:02:07','2025-11-13 22:02:07'),(6104,41,48,'NE','','2025-11-13 22:03:24','2025-11-13 22:03:24'),(6108,41,49,'NE','','2025-11-13 22:05:07','2025-11-13 22:05:07'),(6109,41,456,'CF','','2025-11-13 22:05:15','2025-11-13 22:05:15'),(6110,41,457,'CF','','2025-11-13 22:05:21','2025-11-13 22:05:21'),(6111,41,458,'CF','','2025-11-13 22:05:37','2025-11-13 22:05:37'),(6112,41,459,'CF','','2025-11-13 22:05:46','2025-11-13 22:05:46'),(6113,41,56,'NE','','2025-11-13 22:05:56','2025-11-13 22:05:56'),(6114,41,57,'NE','','2025-11-13 22:06:02','2025-11-13 22:06:02'),(6115,41,58,'NE','','2025-11-13 22:06:06','2025-11-13 22:06:06'),(6116,41,59,'NE','','2025-11-13 22:06:11','2025-11-13 22:06:11'),(6117,41,309,'NE','','2025-11-13 22:06:13','2025-11-13 22:06:13'),(6118,41,310,'NE','','2025-11-13 22:06:17','2025-11-13 22:06:17'),(6119,41,311,'NE','','2025-11-13 22:06:21','2025-11-13 22:06:21'),(6120,41,312,'NE','','2025-11-13 22:06:28','2025-11-13 22:06:28'),(6121,41,313,'NE','','2025-11-13 22:06:31','2025-11-13 22:06:31'),(6122,41,314,'NE','','2025-11-13 22:06:34','2025-11-13 22:06:34'),(6123,41,315,'NE','','2025-11-13 22:06:36','2025-11-13 22:06:36'),(6124,41,316,'NE','','2025-11-13 22:06:39','2025-11-13 22:06:39'),(6125,41,60,'CF','','2025-11-13 22:07:01','2025-11-13 22:07:01'),(6126,41,61,'PC','','2025-11-13 22:07:09','2025-11-13 22:07:09'),(6127,41,62,'CF','','2025-11-13 22:07:23','2025-11-13 22:07:23'),(6128,41,63,'CF','','2025-11-13 22:07:38','2025-11-13 22:07:38'),(6129,41,64,'CF','','2025-11-13 22:07:43','2025-11-13 22:07:43'),(6130,41,65,'CF','','2025-11-13 22:07:48','2025-11-13 22:07:48'),(6131,41,66,'NE','','2025-11-13 22:07:57','2025-11-13 22:07:57'),(6132,41,67,'CF','','2025-11-13 22:08:02','2025-11-13 22:08:02'),(6133,41,68,'CF','','2025-11-13 22:08:06','2025-11-13 22:08:06'),(6134,41,69,'CF','','2025-11-13 22:08:12','2025-11-13 22:08:12'),(6135,41,15,'CF','','2025-11-13 22:08:19','2025-11-13 22:08:19'),(6136,41,16,'CF','','2025-11-13 22:08:24','2025-11-13 22:08:24'),(6137,41,17,'CF','','2025-11-13 22:08:28','2025-11-13 22:08:28'),(6138,41,18,'CF','','2025-11-13 22:08:31','2025-11-13 22:08:31'),(6139,41,24,'CF','','2025-11-13 22:08:37','2025-11-13 22:08:37'),(6140,41,25,'PC','Lembrar de no manter nada diretamente no piso das cmaras','2025-11-13 22:08:52','2025-11-13 22:08:52'),(6148,41,26,'CF','','2025-11-13 22:10:11','2025-11-13 22:10:11'),(6149,41,27,'CF','','2025-11-13 22:11:02','2025-11-13 22:11:02'),(6153,41,28,'CF','','2025-11-13 22:12:09','2025-11-13 22:12:09'),(6154,41,1,'PC','Em novembro havia apenas 2 registros ','2025-11-13 22:12:27','2025-11-13 22:12:27'),(6157,41,2,'CF','','2025-11-13 22:13:08','2025-11-13 22:13:08'),(6158,41,3,'CF','','2025-11-13 22:13:11','2025-11-13 22:13:11'),(6159,41,4,'NE','','2025-11-13 22:13:16','2025-11-13 22:13:16'),(6161,41,5,'CF','','2025-11-13 22:13:22','2025-11-13 22:13:22'),(6162,41,6,'CF','','2025-11-13 22:13:26','2025-11-13 22:13:26'),(6164,41,7,'CF','','2025-11-13 22:13:32','2025-11-13 22:13:32'),(6165,41,8,'NC','H falhas no controle de recebimento (muitas vezes  feita a entrega sem um responsvel pelos registros e controle)','2025-11-13 22:13:38','2025-11-13 22:13:38'),(6167,41,50,'CF','','2025-11-13 22:14:08','2025-11-13 22:14:08'),(6168,41,51,'CF','','2025-11-13 22:14:12','2025-11-13 22:14:12'),(6169,41,52,'CF','','2025-11-13 22:14:15','2025-11-13 22:14:15'),(6170,41,304,'CF','','2025-11-13 22:14:19','2025-11-13 22:14:19'),(6171,41,305,'PC','Apenas 2 precisam de conserto no pedal','2025-11-13 22:14:22','2025-11-13 22:14:22'),(6174,41,317,'CF','','2025-11-13 22:14:37','2025-11-13 22:14:37'),(6175,41,450,'CF','Porm, a rea de preparo no  corretamente climatizada ','2025-11-13 22:14:44','2025-11-13 22:14:44'),(6181,41,451,'CF','','2025-11-13 22:15:11','2025-11-13 22:15:11'),(6182,41,452,'CF','','2025-11-13 22:15:15','2025-11-13 22:15:15'),(6183,41,453,'CF','','2025-11-13 22:15:17','2025-11-13 22:15:17'),(6184,41,454,'CF','','2025-11-13 22:15:58','2025-11-13 22:15:58'),(6185,41,455,'CF','','2025-11-13 22:16:26','2025-11-13 22:16:26'),(6186,41,53,'CF','','2025-11-13 22:16:31','2025-11-13 22:16:31'),(6189,41,54,'CF','','2025-11-13 22:16:39','2025-11-13 22:16:39'),(6191,41,55,'CF','','2025-11-13 22:16:46','2025-11-13 22:16:46'),(6192,43,253,'CF','','2025-11-18 18:59:49','2025-11-18 18:59:49'),(6194,43,254,'PC','','2025-11-18 19:01:24','2025-11-18 19:01:24'),(6195,43,255,'PC','','2025-11-18 19:02:29','2025-11-18 19:02:29'),(6196,43,256,'PC','','2025-11-18 19:02:42','2025-11-18 19:02:42'),(6197,43,257,'PC','','2025-11-18 19:02:49','2025-11-18 19:02:49'),(6198,43,258,'NC','Limpar o ar condicionado central da cozinha de preparos !\nNesta cozinha ningum tem avental e somente duas colab tem sapatos de segurana!','2025-11-18 19:04:10','2025-11-18 19:04:10'),(6199,43,20,'PC','','2025-11-18 19:04:22','2025-11-18 19:04:22'),(6201,43,21,'PC','','2025-11-18 19:04:38','2025-11-18 19:04:38'),(6202,43,22,'NC','Esto separando os produtos semelhantes \nAinda temos produtos apoiados no piso ','2025-11-18 19:05:02','2025-11-18 19:05:02'),(6208,43,23,'NC','Ainda no comearam a fazer esta rotina','2025-11-18 19:06:53','2025-11-18 19:06:53'),(6209,43,29,'PC','Shimeji sem data de validade \nProdutos podres ( tomate) na geladeira! \nOrganizar numa vasilha todo produto semelhante!','2025-11-18 19:09:28','2025-11-18 19:09:28'),(6230,43,30,'NC','Piso sujo e com resduos de alimentos ','2025-11-18 19:14:39','2025-11-18 19:14:39'),(6236,43,31,'NC','Calibrar os termmetros!\nE deixar em local adequado e  vista de todos ','2025-11-18 19:15:18','2025-11-18 19:15:18'),(6241,43,32,'NC','','2025-11-18 19:16:22','2025-11-18 19:16:22'),(6242,43,33,'PC','Freezer com validades confusas\nE quando retirar produtos estragados jogar fora  imediatamente!','2025-11-18 19:16:28','2025-11-18 19:16:28'),(6251,43,34,'PC','Providenciar escovas da Bralimpia pra limpeza adequada dos equipamentos!','2025-11-18 19:22:15','2025-11-18 19:22:15'),(6252,43,35,'PC','','2025-11-18 19:22:21','2025-11-18 19:22:21'),(6254,43,36,'PC','Os utenslios se misturam nas diferentes reas','2025-11-18 19:23:46','2025-11-18 19:23:46'),(6259,43,37,'PC','','2025-11-18 19:24:53','2025-11-18 19:24:53'),(6261,43,38,'CF','','2025-11-18 19:25:01','2025-11-18 19:25:01'),(6262,43,39,'PC','','2025-11-18 19:25:23','2025-11-18 19:25:23'),(6263,43,40,'NC','','2025-11-18 19:25:32','2025-11-18 19:25:32'),(6264,43,41,'CF','','2025-11-18 19:25:44','2025-11-18 19:25:44'),(6265,43,42,'PC','','2025-11-18 19:25:52','2025-11-18 19:25:52'),(6268,43,43,'PC','','2025-11-18 19:26:49','2025-11-18 19:26:49'),(6269,43,44,'CF','Presena de coisas diferentes das q so necessrias na produo !\nManipuladores usam suas roupas prprias para fazer os pr preparos!\nE at shorts!','2025-11-18 19:27:37','2025-11-18 19:27:37'),(6280,43,45,'PC','Faltam tbuas brancas neste setor de pr preparos! Para os queijos de modo geral!\nPossuem somente as verdes e as amarelas! ','2025-11-18 19:28:54','2025-11-18 19:28:54'),(6294,43,306,'NE','','2025-11-18 19:30:41','2025-11-18 19:30:41'),(6295,43,307,'NE','','2025-11-18 19:30:51','2025-11-18 19:30:51'),(6296,43,308,'PC','','2025-11-18 19:31:09','2025-11-18 19:31:09'),(6297,43,46,'NE','','2025-11-18 19:31:15','2025-11-18 19:31:15'),(6298,43,47,'NE','','2025-11-18 19:31:17','2025-11-18 19:31:17'),(6299,43,48,'NE','','2025-11-18 19:31:19','2025-11-18 19:31:19'),(6300,43,49,'NE','','2025-11-18 19:31:21','2025-11-18 19:31:21'),(6301,43,456,'NE','','2025-11-18 19:31:25','2025-11-18 19:31:25'),(6302,43,457,'CF','','2025-11-18 19:31:36','2025-11-18 19:31:36'),(6317,43,458,'CF','','2025-11-18 19:36:44','2025-11-18 19:36:44'),(6318,43,459,'NE','','2025-11-18 19:36:50','2025-11-18 19:36:50'),(6320,43,56,'NE','','2025-11-18 19:36:56','2025-11-18 19:36:56'),(6321,43,57,'NE','','2025-11-18 19:36:58','2025-11-18 19:36:58'),(6322,43,58,'NE','','2025-11-18 19:37:00','2025-11-18 19:37:00'),(6323,43,59,'NE','','2025-11-18 19:37:02','2025-11-18 19:37:02'),(6324,43,309,'NE','','2025-11-18 19:37:06','2025-11-18 19:37:06'),(6325,43,310,'NE','','2025-11-18 19:37:09','2025-11-18 19:37:09'),(6326,43,311,'NE','','2025-11-18 19:37:12','2025-11-18 19:37:12'),(6327,43,312,'NE','','2025-11-18 19:37:15','2025-11-18 19:37:15'),(6328,43,313,'NE','','2025-11-18 19:37:22','2025-11-18 19:37:22'),(6329,43,314,'NE','','2025-11-18 19:37:27','2025-11-18 19:37:27'),(6330,43,315,'NE','','2025-11-18 19:37:32','2025-11-18 19:37:32'),(6331,43,316,'NE','','2025-11-18 19:37:37','2025-11-18 19:37:37'),(6332,43,60,'CF','','2025-11-18 19:37:47','2025-11-18 19:37:47'),(6335,43,61,'NC','','2025-11-18 20:18:40','2025-11-18 20:18:40'),(6336,43,62,'NC','','2025-11-18 20:18:47','2025-11-18 20:18:47'),(6337,43,63,'NC','','2025-11-18 20:18:54','2025-11-18 20:18:54'),(6338,43,64,'NC','','2025-11-18 20:19:03','2025-11-18 20:19:03'),(6339,43,65,'NE','','2025-11-18 20:19:09','2025-11-18 20:19:09'),(6340,43,66,'PC','','2025-11-18 20:19:17','2025-11-18 20:19:17'),(6342,43,67,'NC','','2025-11-18 20:20:45','2025-11-18 20:20:45'),(6343,43,68,'PC','','2025-11-18 20:20:51','2025-11-18 20:20:51'),(6344,43,69,'NC','No tem aventais e nem todos tem sapatos de segurana!','2025-11-18 20:20:56','2025-11-18 20:20:56'),(6352,43,15,'PC','','2025-11-18 20:21:30','2025-11-18 20:21:30'),(6353,43,16,'PC','','2025-11-18 20:21:36','2025-11-18 20:21:36'),(6354,43,17,'CF','Ainda no realizam a lavagem das frutas e folhas de maneira completa!','2025-11-18 20:22:12','2025-11-18 20:22:12'),(6355,43,18,'PC','','2025-11-18 20:22:18','2025-11-18 20:22:18'),(6356,43,24,'PC','Vamos implantar as identificaes e os nmeros dos equipamentos e colocaremos as planilhas de medidas de temp','2025-11-18 20:22:29','2025-11-18 20:22:29'),(6363,43,25,'NC','','2025-11-18 20:23:22','2025-11-18 20:23:22'),(6364,43,26,'NC','','2025-11-18 20:23:28','2025-11-18 20:23:28'),(6365,43,27,'PC','','2025-11-18 20:23:37','2025-11-18 20:23:37'),(6366,43,28,'PC','','2025-11-18 20:23:48','2025-11-18 20:23:48'),(6367,43,1,'NE','','2025-11-18 20:23:52','2025-11-18 20:23:52'),(6368,43,2,'NC','','2025-11-18 20:23:58','2025-11-18 20:23:58'),(6370,43,3,'PC','','2025-11-18 20:24:04','2025-11-18 20:24:04'),(6373,43,4,'NE','','2025-11-18 20:24:12','2025-11-18 20:24:12'),(6374,43,5,'PC','','2025-11-18 20:24:18','2025-11-18 20:24:18'),(6375,43,6,'PC','','2025-11-18 20:24:28','2025-11-18 20:24:28'),(6376,43,7,'NC','','2025-11-18 20:24:34','2025-11-18 20:24:34'),(6377,43,8,'NC','','2025-11-18 20:24:41','2025-11-18 20:24:41'),(6378,43,50,'NC','','2025-11-18 20:24:49','2025-11-18 20:24:49'),(6381,43,51,'NC','','2025-11-18 20:27:34','2025-11-18 20:27:34'),(6384,43,52,'PC','','2025-11-18 20:28:03','2025-11-18 20:28:03'),(6385,43,304,'PC','','2025-11-18 20:28:16','2025-11-18 20:28:16'),(6387,43,305,'NC','','2025-11-18 20:28:27','2025-11-18 20:28:27'),(6388,43,317,'NE','','2025-11-18 20:28:34','2025-11-18 20:28:34'),(6389,43,450,'NE','','2025-11-18 20:29:14','2025-11-18 20:29:14'),(6390,43,451,'NE','','2025-11-18 20:29:21','2025-11-18 20:29:21'),(6391,43,452,'NE','','2025-11-18 20:29:24','2025-11-18 20:29:24'),(6392,43,453,'NE','','2025-11-18 20:29:28','2025-11-18 20:29:28'),(6393,43,454,'NE','','2025-11-18 20:29:30','2025-11-18 20:29:30'),(6394,43,455,'NE','','2025-11-18 20:29:32','2025-11-18 20:29:32'),(6395,43,53,'CF','','2025-11-18 20:29:38','2025-11-18 20:29:38'),(6396,43,54,'CF','','2025-11-18 20:29:43','2025-11-18 20:29:43'),(6397,43,55,'PC','','2025-11-18 20:29:54','2025-11-18 20:29:54'),(6398,44,253,'CF','','2025-11-19 17:58:22','2025-11-19 17:58:22'),(6399,44,254,'PC','Eventualmente ocorre manipulao de outros produtos (exemplo: coxinha de frango). ','2025-11-19 17:59:27','2025-11-19 17:59:27'),(6404,44,255,'CF','','2025-11-19 17:59:57','2025-11-19 17:59:57'),(6405,44,256,'CF','','2025-11-19 18:00:06','2025-11-19 18:00:06'),(6406,44,257,'PC','A temperatura no final do processo chega em cerca de 9 a 12 graus Celsius. Devemos buscar a reduo: sada do moedor no mximo 7 graus Celsius, de preferncia menos','2025-11-19 18:00:29','2025-11-19 18:00:29'),(6416,44,258,'CF','','2025-11-19 18:02:50','2025-11-19 18:02:50'),(6417,44,20,'CF','','2025-11-19 18:08:45','2025-11-19 18:08:45'),(6418,44,21,'PC','Prateleiras tem ferrugem! No colocar insumos diretamente nesta rea','2025-11-19 18:09:02','2025-11-19 18:09:02'),(6425,44,22,'PC','Alimentos tem que estar afastados das paredes pelo menos 10 cm','2025-11-19 18:10:10','2025-11-19 18:10:10'),(6428,44,23,'NC','Produtos vencidos ','2025-11-19 18:11:17','2025-11-19 18:11:17'),(6431,44,30,'NC','Organizao da cmara em andamento, ainda com muito exsudato da carne pelo piso, estantes e parede. Necessrio limpar o evaporador da cmara fria.','2025-11-19 18:13:56','2025-11-19 18:13:56'),(6441,44,31,'NC','Indicado na planilha de afazeres ','2025-11-19 18:17:56','2025-11-19 18:17:56'),(6445,44,32,'CF','','2025-11-19 18:18:31','2025-11-19 18:18:31'),(6446,44,33,'PC','Organizao em andamento ','2025-11-19 18:20:04','2025-11-19 18:20:04'),(6448,44,34,'PC','No devemos fazer este tipo de situao onde a gordura e a contaminao cruzada aumentam ainda mais! ','2025-11-19 18:20:44','2025-11-19 18:20:44'),(6455,44,35,'PC','No usar este tipo de material!\nVamos pedir pra Serlimp!','2025-11-19 18:22:08','2025-11-19 18:22:08'),(6465,44,36,'CF','','2025-11-19 18:24:55','2025-11-19 18:24:55'),(6466,44,37,'PC','Esse tipo de loua suja chama moscas!','2025-11-19 18:25:07','2025-11-19 18:25:07'),(6472,44,38,'NE','','2025-11-19 18:26:43','2025-11-19 18:26:43'),(6473,44,39,'NC','Lixeira sem tampa nem pedal','2025-11-19 18:26:56','2025-11-19 18:26:56'),(6478,44,40,'NC','Necessrio providenciar as tomadas para poder organizar este ambiente ','2025-11-19 18:27:29','2025-11-19 18:27:29'),(6483,44,41,'CF','','2025-11-19 18:28:42','2025-11-19 18:28:42'),(6484,44,42,'PC','Existe fluxo de pessoas entre as reas!','2025-11-19 18:28:55','2025-11-19 18:28:55'),(6489,44,43,'CF','Falta somente a identificao dos pivetes!','2025-11-19 18:29:40','2025-11-19 18:29:40'),(6493,44,44,'NC','','2025-11-19 18:30:39','2025-11-19 18:30:39'),(6494,44,45,'NC','Tbuas sem condies de uso! S trocando mesmo!','2025-11-19 18:31:22','2025-11-19 18:31:22'),(6504,44,306,'NE','','2025-11-19 18:32:21','2025-11-19 18:32:21'),(6505,44,307,'NE','','2025-11-19 18:32:26','2025-11-19 18:32:26'),(6506,44,308,'NE','','2025-11-19 18:32:32','2025-11-19 18:32:32'),(6507,44,46,'NE','','2025-11-19 18:32:38','2025-11-19 18:32:38'),(6508,44,47,'NE','','2025-11-19 18:32:51','2025-11-19 18:32:51'),(6509,44,48,'NE','','2025-11-19 18:33:03','2025-11-19 18:33:03'),(6510,44,49,'NE','','2025-11-19 18:33:10','2025-11-19 18:33:10'),(6511,44,456,'CF','','2025-11-19 18:33:16','2025-11-19 18:33:16'),(6512,44,457,'CF','','2025-11-19 18:33:19','2025-11-19 18:33:19'),(6513,44,458,'PC','Formigas andando na parede!','2025-11-19 18:33:43','2025-11-19 18:33:43'),(6516,44,459,'NE','','2025-11-19 18:38:41','2025-11-19 18:38:41'),(6517,44,56,'NE','','2025-11-19 18:38:47','2025-11-19 18:38:47'),(6518,44,57,'NE','','2025-11-19 18:38:50','2025-11-19 18:38:50'),(6519,44,58,'NE','','2025-11-19 18:38:58','2025-11-19 18:38:58'),(6520,44,59,'NE','','2025-11-19 18:39:02','2025-11-19 18:39:02'),(6521,44,309,'NE','','2025-11-19 18:39:13','2025-11-19 18:39:13'),(6522,44,310,'NE','','2025-11-19 18:39:18','2025-11-19 18:39:18'),(6523,44,311,'NE','','2025-11-19 18:39:23','2025-11-19 18:39:23'),(6524,44,312,'NE','','2025-11-19 18:39:25','2025-11-19 18:39:25'),(6525,44,313,'NE','','2025-11-19 18:39:28','2025-11-19 18:39:28'),(6526,44,314,'NE','','2025-11-19 18:39:30','2025-11-19 18:39:30'),(6527,44,315,'NE','','2025-11-19 18:39:35','2025-11-19 18:39:35'),(6528,44,316,'NE','','2025-11-19 18:39:44','2025-11-19 18:39:44'),(6529,44,60,'PC','A maior parte estava conforme, apenas alguns com necessidade de aparar melhor algumas unhas ','2025-11-19 18:42:58','2025-11-19 18:42:58'),(6534,44,61,'NC','','2025-11-19 18:43:32','2025-11-19 18:43:32'),(6535,44,62,'NC','','2025-11-19 18:43:39','2025-11-19 18:43:39'),(6536,44,63,'CF','','2025-11-19 18:44:06','2025-11-19 18:44:06'),(6538,44,64,'CF','','2025-11-19 18:44:29','2025-11-19 18:44:29'),(6539,44,65,'CF','','2025-11-19 18:44:33','2025-11-19 18:44:33'),(6541,44,66,'NE','','2025-11-19 18:44:38','2025-11-19 18:44:38'),(6542,44,67,'CF','','2025-11-19 18:45:20','2025-11-19 18:45:20'),(6543,44,68,'CF','','2025-11-19 18:45:49','2025-11-19 18:45:49'),(6544,44,69,'CF','','2025-11-19 18:45:54','2025-11-19 18:45:54'),(6545,44,15,'NE','','2025-11-19 18:46:11','2025-11-19 18:46:11'),(6546,44,16,'NE','','2025-11-19 18:46:13','2025-11-19 18:46:13'),(6547,44,17,'NE','','2025-11-19 18:46:17','2025-11-19 18:46:17'),(6548,44,18,'NE','','2025-11-19 18:46:21','2025-11-19 18:46:21'),(6549,44,24,'CF','Um dos freezers estava acima de -18 no momento da aferio, mas pode ser ciclo do aparelho ou algum pode ter aberto instantes antes do registro. Temperatura dos hambrgueres conforme no interior do equipamento ','2025-11-19 18:46:53','2025-11-19 18:46:53'),(6563,44,25,'CF','','2025-11-19 18:48:26','2025-11-19 18:48:26'),(6564,44,26,'NC','Verificar planilha ','2025-11-19 18:48:32','2025-11-19 18:48:32'),(6566,44,27,'CF','','2025-11-19 18:48:44','2025-11-19 18:48:44'),(6567,44,28,'CF','','2025-11-19 18:48:48','2025-11-19 18:48:48'),(6568,44,1,'NE','','2025-11-19 18:48:55','2025-11-19 18:48:55'),(6569,44,2,'CF','','2025-11-19 18:49:11','2025-11-19 18:49:11'),(6570,44,3,'CF','','2025-11-19 18:49:39','2025-11-19 18:49:39'),(6571,44,4,'NE','','2025-11-19 18:49:42','2025-11-19 18:49:42'),(6572,44,5,'PC','Conversamos sobre o queijo que chegou e foi apoiado em cima da mesa da formadora de hambrguer. Colocar estante para isso e no demorar a guardar na cmara ','2025-11-19 18:49:48','2025-11-19 18:49:48'),(6575,44,6,'CF','','2025-11-19 18:50:47','2025-11-19 18:50:47'),(6576,44,7,'CF','','2025-11-19 18:51:12','2025-11-19 18:51:12'),(6577,44,8,'NE','','2025-11-19 18:51:20','2025-11-19 18:51:20'),(6579,44,50,'NC','Ainda h lixeiras sem tampa ou com outros problemas de integridade. As lixeiras da rea externa ainda requerem ajustes','2025-11-19 18:51:27','2025-11-19 18:51:27'),(6587,44,51,'NC','Esto limpando as lixeiras uma vez por semana, sendo que h falhas mesmo assim','2025-11-19 18:53:03','2025-11-19 18:53:03'),(6594,44,52,'CF','','2025-11-19 18:53:50','2025-11-19 18:53:50'),(6595,44,304,'CF','','2025-11-19 18:54:01','2025-11-19 18:54:01'),(6596,44,305,'NC','','2025-11-19 18:54:05','2025-11-19 18:54:05'),(6597,44,317,'CF','','2025-11-19 18:54:24','2025-11-19 18:54:24'),(6599,44,450,'NC','Sala de molhos: equipamento sem funcionamento. \nSala de carnes: O equipamento estava ligado e funcionando, mas requer verificao da manuteno (limpeza do aparelho). Necessrio ajustar a temperatura da rea das carnes ','2025-11-19 18:54:35','2025-11-19 18:54:35'),(6609,44,451,'CF','','2025-11-19 18:55:57','2025-11-19 18:55:57'),(6610,44,452,'NE','','2025-11-19 18:56:09','2025-11-19 18:56:09'),(6611,44,453,'NC','A sala de carnes  para uso exclusivo de carne bovina, porm, h evidncia de uso do mesmo ambiente para carne de frango. ','2025-11-19 18:56:23','2025-11-19 18:56:23'),(6613,44,454,'CF','','2025-11-19 18:58:03','2025-11-19 18:58:03'),(6614,44,455,'CF','','2025-11-19 18:59:42','2025-11-19 18:59:42'),(6615,44,53,'NE','Ainda no sabemos se o contrato foi resolvido para o CD','2025-11-19 18:59:57','2025-11-19 18:59:57'),(6617,44,54,'NE','','2025-11-19 19:00:10','2025-11-19 19:00:10'),(6619,44,55,'NC','Excesso de moscas interna e externamente. Formigas na cozinha de molhos, perto da pia','2025-11-19 19:00:15','2025-11-19 19:00:15'),(6624,45,460,'CF','','2025-11-25 12:20:35','2025-11-25 12:20:35'),(6625,45,461,'CF','','2025-11-25 12:20:43','2025-11-25 12:20:43'),(6626,45,462,'CF','','2025-11-25 12:20:58','2025-11-25 12:20:58'),(6627,45,463,'CF','','2025-11-25 12:21:06','2025-11-25 12:21:06'),(6628,45,464,'CF','','2025-11-25 12:21:29','2025-11-25 12:21:29'),(6629,45,465,'NE','','2025-11-25 12:21:42','2025-11-25 12:21:42'),(6630,45,466,'NE','','2025-11-25 12:22:17','2025-11-25 12:22:17'),(6631,45,467,'CF','','2025-11-25 12:22:31','2025-11-25 12:22:31'),(6632,45,468,'PC','Tia Maco faz rpido! Mas a temperatura no  adequada! ','2025-11-25 12:27:04','2025-11-25 12:27:04'),(6640,45,469,'CF','','2025-11-25 12:29:35','2025-11-25 12:29:35'),(6641,45,470,'CF','Conforme ','2025-11-25 12:29:42','2025-11-25 12:29:42'),(6644,45,471,'NE','','2025-11-25 12:31:10','2025-11-25 12:31:10'),(6645,45,20,'CF','','2025-11-25 12:31:20','2025-11-25 12:31:20'),(6646,45,21,'PC','Considerando que fizeram dois eventos grandes esto arrumando tudo! ','2025-11-25 12:31:26','2025-11-25 12:31:26'),(6652,45,22,'CF','','2025-11-25 12:32:43','2025-11-25 12:32:43'),(6653,45,23,'CF','','2025-11-25 12:33:18','2025-11-25 12:33:18'),(6654,45,34,'PC','','2025-11-25 12:33:42','2025-11-25 12:33:42'),(6659,45,35,'CF','','2025-11-25 12:34:50','2025-11-25 12:34:50'),(6660,45,36,'CF','','2025-11-25 12:34:57','2025-11-25 12:34:57'),(6661,45,37,'CF','','2025-11-25 12:35:06','2025-11-25 12:35:06'),(6662,45,38,'CF','Usando maquinario e produtos ok','2025-11-25 12:35:12','2025-11-25 12:35:12'),(6668,45,39,'CF','','2025-11-25 12:35:59','2025-11-25 12:35:59'),(6671,45,40,'CF','','2025-11-25 12:38:32','2025-11-25 12:38:32'),(6674,45,41,'CF','','2025-11-25 12:39:26','2025-11-25 12:39:26'),(6675,45,42,'CF','','2025-11-25 12:40:22','2025-11-25 12:40:22'),(6678,45,43,'CF','','2025-11-25 12:41:24','2025-11-25 12:41:24'),(6680,45,44,'CF','','2025-11-25 12:41:38','2025-11-25 12:41:38'),(6682,45,45,'CF','','2025-11-25 12:43:43','2025-11-25 12:43:43'),(6684,45,306,'CF','','2025-11-25 12:45:52','2025-11-25 12:45:52'),(6685,45,307,'CF','','2025-11-25 12:46:58','2025-11-25 12:46:58'),(6686,45,308,'PC','','2025-11-25 12:47:03','2025-11-25 12:47:03'),(6687,45,46,'NE','','2025-11-25 12:47:09','2025-11-25 12:47:09'),(6688,45,47,'NE','','2025-11-25 12:47:11','2025-11-25 12:47:11'),(6689,45,48,'NE','','2025-11-25 12:47:13','2025-11-25 12:47:13'),(6690,45,49,'NE','','2025-11-25 12:47:18','2025-11-25 12:47:18'),(6691,45,456,'NE','','2025-11-25 12:47:21','2025-11-25 12:47:21'),(6692,45,457,'NE','','2025-11-25 12:47:25','2025-11-25 12:47:25'),(6693,45,458,'NE','','2025-11-25 12:47:29','2025-11-25 12:47:29'),(6694,45,459,'CF','','2025-11-25 12:47:42','2025-11-25 12:47:42'),(6695,45,56,'NE','','2025-11-25 12:47:59','2025-11-25 12:47:59'),(6696,45,57,'CF','','2025-11-25 12:48:07','2025-11-25 12:48:07'),(6697,45,58,'NE','','2025-11-25 12:48:12','2025-11-25 12:48:12'),(6698,45,59,'NE','','2025-11-25 12:48:18','2025-11-25 12:48:18'),(6699,45,309,'NE','','2025-11-25 12:48:22','2025-11-25 12:48:22'),(6700,45,310,'NE','','2025-11-25 12:48:27','2025-11-25 12:48:27'),(6701,45,311,'NE','','2025-11-25 12:51:23','2025-11-25 12:51:23'),(6702,45,312,'NE','','2025-11-25 12:51:29','2025-11-25 12:51:29'),(6703,45,313,'NE','','2025-11-25 12:51:34','2025-11-25 12:51:34'),(6704,45,314,'NE','','2025-11-25 12:51:38','2025-11-25 12:51:38'),(6705,45,315,'NE','','2025-11-25 12:51:43','2025-11-25 12:51:43'),(6706,45,316,'NE','','2025-11-25 12:51:50','2025-11-25 12:51:50'),(6707,45,60,'CF','','2025-11-25 12:51:56','2025-11-25 12:51:56'),(6708,45,61,'CF','','2025-11-25 12:52:07','2025-11-25 12:52:07'),(6709,45,62,'CF','','2025-11-25 12:52:15','2025-11-25 12:52:15'),(6714,45,63,'CF','','2025-11-25 12:52:33','2025-11-25 12:52:33'),(6715,45,64,'PC','','2025-11-25 12:52:40','2025-11-25 12:52:40'),(6716,45,65,'PC','','2025-11-25 12:52:47','2025-11-25 12:52:47'),(6717,45,66,'CF','','2025-11-25 12:52:51','2025-11-25 12:52:51'),(6718,45,67,'CF','','2025-11-25 12:53:01','2025-11-25 12:53:01'),(6719,45,68,'PC','Sem papel pois molha tudo! Deveramos subir os suportes pra poder ter o papel e a saboneteira funcionando ','2025-11-25 12:53:19','2025-11-25 12:53:19'),(6726,45,69,'CF','','2025-11-25 12:54:19','2025-11-25 12:54:19'),(6727,45,15,'CF','','2025-11-25 12:54:29','2025-11-25 12:54:29'),(6728,45,16,'CF','','2025-11-25 12:54:33','2025-11-25 12:54:33'),(6729,45,17,'CF','','2025-11-25 12:54:39','2025-11-25 12:54:39'),(6730,45,18,'CF','','2025-11-25 12:54:44','2025-11-25 12:54:44'),(6731,45,24,'CF','','2025-11-25 12:54:51','2025-11-25 12:54:51'),(6734,45,25,'CF','Fazer a restaurao desta fechadura e desta porta ! Ferrugem  contaminao ','2025-11-25 12:55:34','2025-11-25 12:55:34'),(6746,45,26,'PC','Precisa ser comprado outro, calibrado! Ou mandar calibrar este, na Makil','2025-11-25 12:58:35','2025-11-25 12:58:35'),(6754,45,27,'CF','','2025-11-25 12:59:26','2025-11-25 12:59:26'),(6755,45,28,'CF','Est muito bom!','2025-11-25 12:59:32','2025-11-25 12:59:32'),(6761,45,1,'CF','Super bem  feito! Parabns ','2025-11-25 13:00:15','2025-11-25 13:00:15'),(6767,45,2,'CF','','2025-11-25 13:01:55','2025-11-25 13:01:55'),(6768,45,3,'CF','','2025-11-25 13:01:59','2025-11-25 13:01:59'),(6769,45,4,'NE','','2025-11-25 13:02:07','2025-11-25 13:02:07'),(6770,45,5,'CF','','2025-11-25 13:02:14','2025-11-25 13:02:14'),(6771,45,6,'CF','','2025-11-25 13:02:20','2025-11-25 13:02:20'),(6772,45,7,'CF','','2025-11-25 13:02:38','2025-11-25 13:02:38'),(6773,45,8,'CF','','2025-11-25 13:02:46','2025-11-25 13:02:46'),(6774,45,50,'CF','','2025-11-25 13:03:05','2025-11-25 13:03:05'),(6775,45,51,'CF','','2025-11-25 13:03:09','2025-11-25 13:03:09'),(6776,45,52,'CF','','2025-11-25 13:03:13','2025-11-25 13:03:13'),(6777,45,304,'CF','','2025-11-25 13:03:18','2025-11-25 13:03:18'),(6778,45,305,'CF','','2025-11-25 13:03:24','2025-11-25 13:03:24'),(6779,45,317,'CF','','2025-11-25 13:03:35','2025-11-25 13:03:35'),(6780,45,450,'NE','','2025-11-25 13:03:42','2025-11-25 13:03:42'),(6781,45,451,'NE','','2025-11-25 13:03:45','2025-11-25 13:03:45'),(6782,45,452,'NE','','2025-11-25 13:03:46','2025-11-25 13:03:46'),(6783,45,453,'NE','','2025-11-25 13:03:49','2025-11-25 13:03:49'),(6784,45,454,'NE','','2025-11-25 13:03:52','2025-11-25 13:03:52'),(6785,45,455,'NE','','2025-11-25 13:03:57','2025-11-25 13:03:57'),(6786,45,53,'CF','','2025-11-25 13:04:01','2025-11-25 13:04:01'),(6787,45,54,'CF','','2025-11-25 13:04:23','2025-11-25 13:04:23'),(6788,45,55,'PC','Presena de baratas na parte dos utenslios \nRetirar tudo do papelo !\nLimpar mais vezes!','2025-11-25 13:04:27','2025-11-25 13:04:27'),(6800,46,460,'PC','No temos pista fria para descongelar e manter de forma correta a carne! Fica em cima da bancada!','2025-11-25 14:14:03','2025-11-25 14:14:03'),(6810,46,461,'CF','','2025-11-25 14:16:14','2025-11-25 14:16:14'),(6811,46,462,'CF','','2025-11-25 14:16:21','2025-11-25 14:16:21'),(6812,46,463,'CF','','2025-11-25 14:16:31','2025-11-25 14:16:31'),(6813,46,464,'CF','','2025-11-25 14:16:38','2025-11-25 14:16:38'),(6814,46,465,'NE','','2025-11-25 14:17:12','2025-11-25 14:17:12'),(6815,46,466,'PC','','2025-11-25 14:17:20','2025-11-25 14:17:20'),(6816,46,467,'CF','','2025-11-25 14:17:29','2025-11-25 14:17:29'),(6817,46,468,'CF','','2025-11-25 14:17:35','2025-11-25 14:17:35'),(6818,46,469,'CF','Carnes chegando super ok','2025-11-25 14:17:39','2025-11-25 14:17:39'),(6821,46,470,'CF','','2025-11-25 14:18:29','2025-11-25 14:18:29'),(6822,46,471,'NE','','2025-11-25 14:18:33','2025-11-25 14:18:33'),(6823,46,20,'CF','','2025-11-25 14:18:44','2025-11-25 14:18:44'),(6826,46,21,'PC','','2025-11-25 14:19:21','2025-11-25 14:19:21'),(6828,46,22,'CF','','2025-11-25 14:19:43','2025-11-25 14:19:43'),(6829,46,23,'CF','','2025-11-25 14:19:54','2025-11-25 14:19:54'),(6830,46,34,'PC','','2025-11-25 14:20:15','2025-11-25 14:20:15'),(6833,46,35,'CF','Produtos adequados ','2025-11-25 14:20:56','2025-11-25 14:20:56'),(6837,46,36,'CF','','2025-11-25 14:21:39','2025-11-25 14:21:39'),(6840,46,37,'CF','Equipamentos limpos! E utenslios tbem !\nEst tudo seco e sem resduos! Parabns ','2025-11-25 14:22:23','2025-11-25 14:22:23'),(6850,46,38,'CF','','2025-11-25 14:23:37','2025-11-25 14:23:37'),(6851,46,39,'NC','Pedal das lixeiras no funciona! Tanto na cozinha quente quanto na pizzaria! Como no colocar a mo nas tampas ?????','2025-11-25 14:23:44','2025-11-25 14:23:44'),(6866,46,40,'CF','','2025-11-25 14:25:40','2025-11-25 14:25:40'),(6869,46,41,'NC','Lixo orgnico chama pragas urbanas!','2025-11-25 14:26:29','2025-11-25 14:26:29'),(6870,46,42,'CF','','2025-11-25 14:27:24','2025-11-25 14:27:24'),(6872,46,43,'CF','','2025-11-25 14:27:56','2025-11-25 14:27:56'),(6874,46,44,'PC','J tinha sido arrumado! Por isso no temos foto! Mas orientados com relao  contaminao cruzada! Gabriel e Karina','2025-11-25 14:28:16','2025-11-25 14:28:16'),(6884,46,45,'CF','','2025-11-25 14:29:29','2025-11-25 14:29:29'),(6885,46,306,'NC','','2025-11-25 14:29:46','2025-11-25 14:29:46'),(6886,46,307,'CF','','2025-11-25 14:30:28','2025-11-25 14:30:28'),(6887,46,308,'CF','','2025-11-25 14:30:32','2025-11-25 14:30:32'),(6888,46,46,'NE','','2025-11-25 14:30:43','2025-11-25 14:30:43'),(6889,46,47,'NE','','2025-11-25 14:30:49','2025-11-25 14:30:49'),(6890,46,48,'NE','','2025-11-25 14:30:51','2025-11-25 14:30:51'),(6891,46,49,'NE','','2025-11-25 14:30:53','2025-11-25 14:30:53'),(6892,46,456,'NE','','2025-11-25 14:30:55','2025-11-25 14:30:55'),(6893,46,457,'NE','','2025-11-25 14:30:57','2025-11-25 14:30:57'),(6894,46,458,'NE','','2025-11-25 14:30:59','2025-11-25 14:30:59'),(6895,46,459,'NE','','2025-11-25 14:31:03','2025-11-25 14:31:03'),(6896,46,56,'NE','','2025-11-25 14:31:08','2025-11-25 14:31:08'),(6897,46,57,'NE','','2025-11-25 14:31:10','2025-11-25 14:31:10'),(6898,46,58,'NE','','2025-11-25 14:31:12','2025-11-25 14:31:12'),(6899,46,59,'NE','','2025-11-25 14:31:14','2025-11-25 14:31:14'),(6900,46,309,'NE','','2025-11-25 14:31:16','2025-11-25 14:31:16'),(6901,46,310,'NE','','2025-11-25 14:31:18','2025-11-25 14:31:18'),(6902,46,311,'NE','','2025-11-25 14:31:21','2025-11-25 14:31:21'),(6903,46,312,'NE','','2025-11-25 14:31:25','2025-11-25 14:31:25'),(6904,46,313,'NE','','2025-11-25 14:31:27','2025-11-25 14:31:27'),(6905,46,314,'NE','','2025-11-25 14:31:31','2025-11-25 14:31:31'),(6906,46,315,'NE','','2025-11-25 14:31:34','2025-11-25 14:31:34'),(6907,46,316,'NE','','2025-11-25 14:31:38','2025-11-25 14:31:38'),(6908,46,60,'CF','','2025-11-25 14:31:42','2025-11-25 14:31:42'),(6909,46,61,'CF','','2025-11-25 14:31:49','2025-11-25 14:31:49'),(6910,46,62,'CF','','2025-11-25 14:32:05','2025-11-25 14:32:05'),(6911,46,63,'PC','','2025-11-25 14:32:10','2025-11-25 14:32:10'),(6912,46,64,'NC','Falta sabo antissptico e papel para secagem das mos! ','2025-11-25 14:32:19','2025-11-25 14:32:19'),(6918,46,65,'CF','','2025-11-25 14:33:03','2025-11-25 14:33:03'),(6919,46,66,'CF','','2025-11-25 14:33:09','2025-11-25 14:33:09'),(6920,46,67,'PC','','2025-11-25 14:33:16','2025-11-25 14:33:16'),(6921,46,68,'NC','','2025-11-25 14:33:23','2025-11-25 14:33:23'),(6922,46,69,'CF','','2025-11-25 14:33:33','2025-11-25 14:33:33'),(6923,46,15,'CF','','2025-11-25 14:33:38','2025-11-25 14:33:38'),(6924,46,16,'CF','','2025-11-25 14:33:40','2025-11-25 14:33:40'),(6925,46,17,'CF','','2025-11-25 14:33:44','2025-11-25 14:33:44'),(6926,46,18,'CF','','2025-11-25 14:33:47','2025-11-25 14:33:47'),(6927,46,24,'CF','','2025-11-25 14:33:52','2025-11-25 14:33:52'),(6928,46,25,'CF','','2025-11-25 14:33:58','2025-11-25 14:33:58'),(6931,46,26,'NC','Cmaras bem organizadas! \nProdutos separados ! ','2025-11-25 14:36:13','2025-11-25 14:36:13'),(6932,46,27,'CF','Termmetro no localizado! E no est calibrado! ','2025-11-25 14:36:50','2025-11-25 14:36:50'),(6933,46,28,'CF','','2025-11-25 14:36:54','2025-11-25 14:36:54'),(6934,46,1,'NE','','2025-11-25 14:37:01','2025-11-25 14:37:01'),(6935,46,2,'CF','','2025-11-25 14:37:04','2025-11-25 14:37:04'),(6936,46,3,'CF','','2025-11-25 14:37:09','2025-11-25 14:37:09'),(6937,46,4,'NE','','2025-11-25 14:37:14','2025-11-25 14:37:14'),(6938,46,5,'CF','','2025-11-25 14:37:19','2025-11-25 14:37:19'),(6939,46,6,'CF','','2025-11-25 14:37:24','2025-11-25 14:37:24'),(6940,46,7,'PC','No estamos conferindo! Somente confiando no fornecedor! ','2025-11-25 14:37:35','2025-11-25 14:37:35'),(6945,46,8,'CF','','2025-11-25 14:38:01','2025-11-25 14:38:01'),(6946,46,50,'CF','Estamos resolvendo um pouco deixando uma lixeira para o orgnico que s pode ser retirado a noite! Melhor ! Mas aibda h acmulo de papelo! ','2025-11-25 14:38:07','2025-11-25 14:38:07'),(6960,46,51,'CF','','2025-11-25 14:39:38','2025-11-25 14:39:38'),(6961,46,52,'CF','','2025-11-25 14:39:42','2025-11-25 14:39:42'),(6962,46,304,'CF','','2025-11-25 14:39:46','2025-11-25 14:39:46'),(6963,46,305,'NC','','2025-11-25 14:39:50','2025-11-25 14:39:50'),(6964,46,317,'CF','','2025-11-25 14:39:56','2025-11-25 14:39:56'),(6965,46,450,'NE','','2025-11-25 14:40:03','2025-11-25 14:40:03'),(6966,46,451,'NE','','2025-11-25 14:40:06','2025-11-25 14:40:06'),(6967,46,452,'NE','','2025-11-25 14:40:09','2025-11-25 14:40:09'),(6968,46,453,'NE','','2025-11-25 14:40:11','2025-11-25 14:40:11'),(6969,46,454,'NE','','2025-11-25 14:40:14','2025-11-25 14:40:14'),(6970,46,455,'NE','','2025-11-25 14:40:16','2025-11-25 14:40:16'),(6971,46,53,'NE','','2025-11-25 14:40:19','2025-11-25 14:40:19'),(6972,46,54,'CF','','2025-11-25 14:40:25','2025-11-25 14:40:25'),(6973,46,55,'PC','Colaborador relata presena de baratas nesta regio do lixo e escada!\nRealizar reforo ','2025-11-25 14:40:31','2025-11-25 14:40:31'),(6993,48,460,'NE','','2025-11-25 19:14:18','2025-11-25 19:14:18'),(6994,48,461,'NE','','2025-11-25 19:14:25','2025-11-25 19:14:25'),(6995,48,462,'NE','','2025-11-25 19:14:29','2025-11-25 19:14:29'),(6996,48,463,'NE','','2025-11-25 19:14:35','2025-11-25 19:14:35'),(6997,48,464,'NE','','2025-11-25 19:14:39','2025-11-25 19:14:39'),(6998,48,465,'NE','','2025-11-25 19:14:46','2025-11-25 19:14:46'),(7000,48,466,'NE','','2025-11-25 19:14:54','2025-11-25 19:14:54'),(7001,48,467,'NE','','2025-11-25 19:15:00','2025-11-25 19:15:00'),(7002,48,468,'NE','','2025-11-25 19:15:05','2025-11-25 19:15:05'),(7003,48,469,'NE','','2025-11-25 19:15:10','2025-11-25 19:15:10'),(7004,48,470,'NE','','2025-11-25 19:15:14','2025-11-25 19:15:14'),(7005,48,471,'NE','','2025-11-25 19:15:20','2025-11-25 19:15:20'),(7006,48,20,'CF','','2025-11-25 19:15:54','2025-11-25 19:15:54'),(7007,48,21,'CF','','2025-11-25 19:16:05','2025-11-25 19:16:05'),(7008,48,22,'CF','','2025-11-25 19:16:14','2025-11-25 19:16:14'),(7009,48,23,'CF','','2025-11-25 19:16:51','2025-11-25 19:16:51'),(7010,48,34,'CF','','2025-11-25 19:17:30','2025-11-25 19:17:30'),(7011,48,35,'CF','','2025-11-25 19:17:37','2025-11-25 19:17:37'),(7012,47,460,'NE','','2025-11-25 19:18:25','2025-11-25 19:18:25'),(7013,47,461,'NE','','2025-11-25 19:18:30','2025-11-25 19:18:30'),(7016,47,462,'NE','','2025-11-25 19:18:48','2025-11-25 19:18:48'),(7017,47,463,'NE','','2025-11-25 19:18:52','2025-11-25 19:18:52'),(7018,47,464,'NE','','2025-11-25 19:18:55','2025-11-25 19:18:55'),(7019,47,465,'NE','','2025-11-25 19:19:00','2025-11-25 19:19:00'),(7020,47,466,'NE','','2025-11-25 19:19:04','2025-11-25 19:19:04'),(7021,47,467,'NE','','2025-11-25 19:19:10','2025-11-25 19:19:10'),(7022,47,468,'NE','','2025-11-25 19:19:15','2025-11-25 19:19:15'),(7023,47,469,'NE','','2025-11-25 19:19:20','2025-11-25 19:19:20'),(7024,47,470,'NE','','2025-11-25 19:19:24','2025-11-25 19:19:24'),(7025,47,471,'NE','','2025-11-25 19:19:28','2025-11-25 19:19:28'),(7026,47,20,'CF','','2025-11-25 19:19:35','2025-11-25 19:19:35'),(7027,47,21,'CF','','2025-11-25 19:19:43','2025-11-25 19:19:43'),(7028,47,22,'CF','','2025-11-25 19:19:49','2025-11-25 19:19:49'),(7029,47,23,'CF','','2025-11-25 19:19:56','2025-11-25 19:19:56'),(7030,47,34,'CF','','2025-11-25 19:20:01','2025-11-25 19:20:01'),(7034,47,35,'CF','','2025-11-25 19:20:44','2025-11-25 19:20:44'),(7035,47,36,'CF','','2025-11-25 19:20:54','2025-11-25 19:20:54'),(7037,47,37,'CF','','2025-11-25 19:21:17','2025-11-25 19:21:17'),(7038,47,38,'CF','','2025-11-25 19:21:32','2025-11-25 19:21:32'),(7039,47,39,'CF','','2025-11-25 19:21:45','2025-11-25 19:21:45'),(7041,47,40,'CF','','2025-11-25 19:22:18','2025-11-25 19:22:18'),(7043,47,41,'CF','','2025-11-25 19:22:40','2025-11-25 19:22:40'),(7044,47,42,'CF','','2025-11-25 19:22:56','2025-11-25 19:22:56'),(7045,47,43,'CF','Esse balde no sei se recupera, pois est bem mofado!\nAvaliar e se necessrio descartar','2025-11-25 19:23:03','2025-11-25 19:23:03'),(7054,47,44,'NE','','2025-11-25 19:24:17','2025-11-25 19:24:17'),(7055,47,45,'CF','','2025-11-25 19:24:22','2025-11-25 19:24:22'),(7056,47,306,'NC','Estamos sem nenhum registro de temperatura! Onde esto as planilhas?!','2025-11-25 19:24:30','2025-11-25 19:24:30'),(7066,47,307,'CF','','2025-11-25 19:25:43','2025-11-25 19:25:43'),(7068,47,308,'NE','','2025-11-25 19:26:12','2025-11-25 19:26:12'),(7070,47,46,'NE','','2025-11-25 19:26:18','2025-11-25 19:26:18'),(7071,47,47,'NE','','2025-11-25 19:26:22','2025-11-25 19:26:22'),(7072,47,48,'NE','','2025-11-25 19:26:24','2025-11-25 19:26:24'),(7073,47,49,'NE','','2025-11-25 19:26:25','2025-11-25 19:26:25'),(7074,47,456,'CF','','2025-11-25 19:26:27','2025-11-25 19:26:27'),(7075,47,457,'CF','','2025-11-25 19:26:30','2025-11-25 19:26:30'),(7076,47,458,'CF','','2025-11-25 19:26:32','2025-11-25 19:26:32'),(7077,47,459,'PC','Est bem cheia de moscas a armadilha! Precisamos verificar uma vez por semana, no mnimo!','2025-11-25 19:28:10','2025-11-25 19:28:10'),(7093,47,56,'NE','','2025-11-25 19:29:17','2025-11-25 19:29:17'),(7094,47,57,'NE','','2025-11-25 19:29:20','2025-11-25 19:29:20'),(7095,47,58,'NE','','2025-11-25 19:29:23','2025-11-25 19:29:23'),(7096,47,59,'NE','','2025-11-25 19:29:25','2025-11-25 19:29:25'),(7097,47,309,'NE','','2025-11-25 19:29:28','2025-11-25 19:29:28'),(7098,47,310,'NE','','2025-11-25 19:29:30','2025-11-25 19:29:30'),(7099,47,311,'NE','','2025-11-25 19:29:32','2025-11-25 19:29:32'),(7100,47,312,'NE','','2025-11-25 19:29:35','2025-11-25 19:29:35'),(7101,47,313,'NE','','2025-11-25 19:29:37','2025-11-25 19:29:37'),(7102,47,314,'NE','','2025-11-25 19:29:39','2025-11-25 19:29:39'),(7103,47,315,'NE','','2025-11-25 19:29:41','2025-11-25 19:29:41'),(7104,47,316,'NE','','2025-11-25 19:29:45','2025-11-25 19:29:45'),(7105,47,60,'CF','Super em ordem! Parabns ','2025-11-25 19:30:00','2025-11-25 19:30:00'),(7106,47,61,'CF','Todos super em ordem! Parabns!','2025-11-25 19:30:43','2025-11-25 19:30:43'),(7112,47,62,'PC','Colab com uma barbinha ','2025-11-25 19:33:25','2025-11-25 19:33:25'),(7113,47,63,'CF','Colaborador estava com os cabelos sem touca descartvel! Orientado e colocou imediatamente! ','2025-11-25 19:33:31','2025-11-25 19:33:31'),(7127,47,64,'CF','No deixar resduos no ralo !','2025-11-25 19:35:26','2025-11-25 19:35:26'),(7133,47,65,'CF','','2025-11-25 19:35:53','2025-11-25 19:35:53'),(7134,47,66,'NE','','2025-11-25 19:35:58','2025-11-25 19:35:58'),(7135,47,67,'CF','','2025-11-25 19:36:02','2025-11-25 19:36:02'),(7136,47,68,'CF','Okkk','2025-11-25 19:36:06','2025-11-25 19:36:06'),(7138,47,69,'PC','Colaborador orientado !','2025-11-25 19:38:00','2025-11-25 19:38:00'),(7143,47,15,'CF','','2025-11-25 19:38:41','2025-11-25 19:38:41'),(7144,47,16,'CF','','2025-11-25 19:38:43','2025-11-25 19:38:43'),(7145,47,17,'CF','','2025-11-25 19:38:48','2025-11-25 19:38:48'),(7146,47,18,'CF','','2025-11-25 19:38:51','2025-11-25 19:38:51'),(7147,47,24,'CF','Muito limpo, assim como as borrachas!','2025-11-25 19:39:04','2025-11-25 19:39:04'),(7150,47,25,'CF','','2025-11-25 19:39:36','2025-11-25 19:39:36'),(7151,47,26,'NC','Onde est o termmetro?!','2025-11-25 19:39:44','2025-11-25 19:39:44'),(7152,47,27,'CF','','2025-11-25 19:39:50','2025-11-25 19:39:50'),(7153,47,28,'CF','','2025-11-25 19:39:57','2025-11-25 19:39:57'),(7154,47,1,'CF','','2025-11-25 19:40:03','2025-11-25 19:40:03'),(7155,47,2,'CF','','2025-11-25 19:40:11','2025-11-25 19:40:11'),(7156,47,3,'CF','','2025-11-25 19:40:21','2025-11-25 19:40:21'),(7157,47,4,'NE','','2025-11-25 19:40:31','2025-11-25 19:40:31'),(7158,47,5,'CF','Organizar melhor este Gelopar! Tampas corretas para vasilhas corretas !\nE no deixar as bags assim pois correm o risco de escorrer/vazar!','2025-11-25 19:40:39','2025-11-25 19:40:39'),(7172,47,6,'CF','\nAteno ao vencimento deste lote de pistache! Avaliar e trocar a etiqueta se estiver ok\nE essas vasilhas precisam ser etiquetadas tbem, mesmo que o sistema no esteja funcionando! Preencher a mo mesmo!\nVasilhas no podem ficar sem as etiquetas! Nunca!','2025-11-25 19:42:44','2025-11-25 19:42:44'),(7194,47,7,'NE','','2025-11-25 19:45:50','2025-11-25 19:45:50'),(7195,47,8,'CF','','2025-11-25 19:45:56','2025-11-25 19:45:56'),(7196,47,50,'CF','','2025-11-25 19:46:02','2025-11-25 19:46:02'),(7197,47,51,'CF','','2025-11-25 19:46:06','2025-11-25 19:46:06'),(7198,47,52,'CF','','2025-11-25 19:46:10','2025-11-25 19:46:10'),(7199,47,304,'PC','A produo deve tirar o lixo ao final da sua produo! Seno fica esta situao ','2025-11-25 19:46:19','2025-11-25 19:46:19'),(7209,47,305,'CF','','2025-11-25 19:47:11','2025-11-25 19:47:11'),(7210,47,317,'CF','So usados horrios diferentes por conta da retirada!','2025-11-25 19:47:20','2025-11-25 19:47:20'),(7214,47,450,'NE','','2025-11-25 19:47:48','2025-11-25 19:47:48'),(7215,47,451,'NE','','2025-11-25 19:47:50','2025-11-25 19:47:50'),(7217,47,452,'NE','','2025-11-25 19:47:54','2025-11-25 19:47:54'),(7218,47,453,'NE','','2025-11-25 19:47:56','2025-11-25 19:47:56'),(7219,47,454,'NE','','2025-11-25 19:47:58','2025-11-25 19:47:58'),(7220,47,455,'NE','','2025-11-25 19:48:01','2025-11-25 19:48:01'),(7221,47,53,'CF','','2025-11-25 19:48:04','2025-11-25 19:48:04'),(7222,47,54,'CF','','2025-11-25 19:48:09','2025-11-25 19:48:09'),(7223,47,55,'CF','','2025-11-25 19:48:13','2025-11-25 19:48:13'),(7224,49,460,'CF','','2025-11-25 19:49:10','2025-11-25 19:49:10'),(7228,49,461,'PC','Devido ao espao disponvel ser limitado, no  possvel manipular nenhum ingrediente de maneira totalmente isolada. Mas todas as colaboradoras so orientadas a no manipular sobre a mesma superfcie a carne crua e outros produtos.','2025-11-25 19:49:45','2025-11-25 19:49:45'),(7234,49,462,'CF','','2025-11-25 19:50:52','2025-11-25 19:50:52'),(7236,49,463,'CF','','2025-11-25 19:50:58','2025-11-25 19:50:58'),(7237,49,464,'CF','','2025-11-25 19:51:09','2025-11-25 19:51:09'),(7240,49,465,'CF','','2025-11-25 19:51:24','2025-11-25 19:51:24'),(7241,49,466,'CF','','2025-11-25 19:51:44','2025-11-25 19:51:44'),(7242,49,467,'PC','','2025-11-25 19:51:51','2025-11-25 19:51:51'),(7243,49,468,'CF','','2025-11-25 19:51:54','2025-11-25 19:51:54'),(7245,49,469,'CF','','2025-11-25 19:51:57','2025-11-25 19:51:57'),(7246,49,470,'CF','','2025-11-25 19:51:59','2025-11-25 19:51:59'),(7247,49,471,'CF','','2025-11-25 19:52:01','2025-11-25 19:52:01'),(7249,49,20,'PC','Necessrio climatizar o estoque seco para manter a temperatura ambiente mais controlada, evitando danos em produtos como os chocolates, principalmente. ','2025-11-25 19:52:05','2025-11-25 19:52:05'),(7256,49,21,'CF','','2025-11-25 19:52:53','2025-11-25 19:52:53'),(7259,49,22,'CF','','2025-11-25 19:52:57','2025-11-25 19:52:57'),(7260,49,23,'CF','','2025-11-25 19:53:00','2025-11-25 19:53:00'),(7261,49,34,'PC','Os equipamentos esto muito mais limpos, mas ainda h detalhes a observar, conforme mostrado nas imagens. ','2025-11-25 19:53:18','2025-11-25 19:53:18'),(7281,49,35,'PC','H no estoque os produtos profissionais adequados (utilizados em momentos de faxina final), mas na limpeza de manuteno das bancadas est sendo usado produto a base de lcool 46%. Foram orientados no momento para aquisio de lcool 70% (lquido), para as limpezas de bancada durante o dia. O motivo  que o lcool 46% no tem poder bactericida, e o produto em questo tem certa fragrncia residual ao ser aplicado. ','2025-11-25 19:57:49','2025-11-25 19:57:49'),(7291,49,36,'CF','','2025-11-25 20:01:49','2025-11-25 20:01:49'),(7293,49,37,'CF','','2025-11-25 20:01:58','2025-11-25 20:01:58'),(7295,49,38,'CF','','2025-11-25 20:02:10','2025-11-25 20:02:10'),(7296,49,39,'CF','','2025-11-25 20:02:12','2025-11-25 20:02:12'),(7297,49,40,'CF','','2025-11-25 20:02:15','2025-11-25 20:02:15'),(7298,49,41,'CF','','2025-11-25 20:02:17','2025-11-25 20:02:17'),(7299,49,42,'PC','Reforar a orientao do relatrio anterior: limpar as bancadas entre uma tarefa e outra com detergente e sanitizante (conforme mencionado antes: lcool 70%). ','2025-11-25 20:02:28','2025-11-25 20:02:28'),(7307,49,43,'CF','','2025-11-25 20:03:17','2025-11-25 20:03:17'),(7308,49,44,'PC','Mesma considerao mencionada sobre o tamanho limitado da cozinha, mas as colaboradoras so treinadas quanto aos cuidados relacionados a isso. ','2025-11-25 20:03:20','2025-11-25 20:03:20'),(7313,49,45,'CF','','2025-11-25 20:04:50','2025-11-25 20:04:50'),(7314,49,306,'PC','Esto mantendo a pista fria mais frequentemente fechada, mas ainda  necessrio ajustar com a climatizao da cozinha para ficar totalmente conforme. ','2025-11-25 20:04:58','2025-11-25 20:04:58'),(7321,49,307,'PC','','2025-11-25 20:05:49','2025-11-25 20:05:49'),(7324,49,308,'NC','Tudo  feito no mesmo culo e acaba ocorrendo cruzamento. ','2025-11-25 20:06:39','2025-11-25 20:06:39'),(7327,49,46,'NC','Alimentos quentes sobre a bancada em temperatura de cerca de 26C no momento da auditoria, por perodo prolongado de manipulao (geralmente ocorre com as empadas)','2025-11-25 20:07:13','2025-11-25 20:07:13'),(7334,49,47,'NC','Sob refrigerao sim, mas no ambiente de manipulao, no. ','2025-11-25 20:11:35','2025-11-25 20:11:35'),(7339,49,48,'NE','','2025-11-25 20:12:00','2025-11-25 20:12:00'),(7340,49,49,'NE','','2025-11-25 20:12:08','2025-11-25 20:12:08'),(7341,49,456,'CF','','2025-11-25 20:12:16','2025-11-25 20:12:16'),(7342,49,457,'CF','','2025-11-25 20:12:19','2025-11-25 20:12:19'),(7343,49,458,'CF','','2025-11-25 20:12:25','2025-11-25 20:12:25'),(7344,49,459,'CF','','2025-11-25 20:12:27','2025-11-25 20:12:27'),(7345,49,56,'NE','','2025-11-25 20:12:38','2025-11-25 20:12:38'),(7346,49,57,'NE','','2025-11-25 20:12:40','2025-11-25 20:12:40'),(7347,49,58,'NE','','2025-11-25 20:12:43','2025-11-25 20:12:43'),(7348,50,460,'NE','','2025-11-25 21:10:10','2025-11-25 21:10:10'),(7349,50,461,'NE','','2025-11-25 21:10:13','2025-11-25 21:10:13'),(7350,50,462,'NE','','2025-11-25 21:10:15','2025-11-25 21:10:15'),(7351,50,463,'NE','','2025-11-25 21:10:17','2025-11-25 21:10:17'),(7352,50,464,'NE','','2025-11-25 21:10:21','2025-11-25 21:10:21'),(7353,50,465,'NE','','2025-11-25 21:10:25','2025-11-25 21:10:25'),(7354,50,466,'NE','','2025-11-25 21:10:31','2025-11-25 21:10:31'),(7355,50,467,'NE','','2025-11-25 21:10:35','2025-11-25 21:10:35'),(7356,50,468,'NE','','2025-11-25 21:10:39','2025-11-25 21:10:39'),(7357,50,469,'NE','','2025-11-25 21:10:42','2025-11-25 21:10:42'),(7358,50,470,'NE','','2025-11-25 21:10:45','2025-11-25 21:10:45'),(7359,50,471,'NE','','2025-11-25 21:10:50','2025-11-25 21:10:50'),(7360,50,20,'CF','','2025-11-25 21:11:08','2025-11-25 21:11:08'),(7361,50,21,'CF','','2025-11-25 21:20:20','2025-11-25 21:20:20'),(7362,50,22,'CF','','2025-11-25 21:20:45','2025-11-25 21:20:45'),(7364,50,23,'CF','','2025-11-25 21:21:12','2025-11-25 21:21:12'),(7365,50,34,'CF','','2025-11-25 21:21:24','2025-11-25 21:21:24'),(7366,50,35,'CF','Estoque ok','2025-11-25 21:21:33','2025-11-25 21:21:33'),(7368,50,36,'CF','O da piaggio est td separado! Super ok','2025-11-25 21:22:36','2025-11-25 21:22:36'),(7377,50,37,'CF','','2025-11-25 21:23:35','2025-11-25 21:23:35'),(7378,50,38,'CF','','2025-11-25 21:23:41','2025-11-25 21:23:41'),(7379,50,39,'CF','Adquirir uma para reciclado na produo!','2025-11-25 21:24:09','2025-11-25 21:24:09'),(7383,50,40,'CF','Est ok! Somente o totem dever ser retirado!','2025-11-25 21:24:34','2025-11-25 21:24:34'),(7388,50,41,'CF','','2025-11-25 21:25:22','2025-11-25 21:25:22'),(7389,50,42,'CF','','2025-11-25 21:25:31','2025-11-25 21:25:31'),(7390,50,43,'CF','','2025-11-25 21:25:37','2025-11-25 21:25:37'),(7394,50,44,'NE','','2025-11-25 21:29:25','2025-11-25 21:29:25'),(7400,50,45,'CF','','2025-11-25 21:30:22','2025-11-25 21:30:22'),(7401,50,306,'CF','','2025-11-25 21:30:44','2025-11-25 21:30:44'),(7402,50,307,'CF','','2025-11-25 21:30:52','2025-11-25 21:30:52'),(7404,50,308,'CF','','2025-11-25 21:31:05','2025-11-25 21:31:05'),(7405,50,46,'NE','','2025-11-25 21:31:20','2025-11-25 21:31:20'),(7406,50,47,'NE','','2025-11-25 21:31:23','2025-11-25 21:31:23'),(7407,50,48,'NE','','2025-11-25 21:31:28','2025-11-25 21:31:28'),(7408,50,49,'NE','','2025-11-25 21:31:31','2025-11-25 21:31:31'),(7409,50,456,'NE','','2025-11-25 21:31:35','2025-11-25 21:31:35'),(7410,50,457,'CF','','2025-11-25 21:31:44','2025-11-25 21:31:44'),(7411,50,458,'CF','','2025-11-25 21:31:59','2025-11-25 21:31:59'),(7412,50,459,'CF','','2025-11-25 21:32:06','2025-11-25 21:32:06'),(7413,50,56,'NE','','2025-11-25 21:32:11','2025-11-25 21:32:11'),(7414,50,57,'NE','','2025-11-25 21:32:14','2025-11-25 21:32:14'),(7415,50,58,'NE','','2025-11-25 21:32:15','2025-11-25 21:32:15'),(7416,50,59,'NE','','2025-11-25 21:32:17','2025-11-25 21:32:17'),(7417,50,309,'NE','','2025-11-25 21:32:19','2025-11-25 21:32:19'),(7418,50,310,'NE','','2025-11-25 21:32:21','2025-11-25 21:32:21'),(7419,50,311,'NE','','2025-11-25 21:32:23','2025-11-25 21:32:23'),(7420,50,312,'NE','','2025-11-25 21:32:27','2025-11-25 21:32:27'),(7421,50,313,'NE','','2025-11-25 21:32:29','2025-11-25 21:32:29'),(7422,50,314,'NE','','2025-11-25 21:32:33','2025-11-25 21:32:33'),(7423,50,315,'NE','','2025-11-25 21:32:35','2025-11-25 21:32:35'),(7424,50,316,'NE','','2025-11-25 21:32:39','2025-11-25 21:32:39'),(7425,50,60,'CF','','2025-11-25 21:34:58','2025-11-25 21:34:58'),(7427,50,61,'CF','','2025-11-25 21:35:20','2025-11-25 21:35:20'),(7428,50,62,'CF','','2025-11-25 21:35:34','2025-11-25 21:35:34'),(7429,50,63,'CF','','2025-11-25 21:36:10','2025-11-25 21:36:10'),(7430,50,64,'CF','','2025-11-25 21:36:26','2025-11-25 21:36:26'),(7431,50,65,'CF','','2025-11-25 21:36:37','2025-11-25 21:36:37'),(7432,50,66,'CF','','2025-11-25 21:36:42','2025-11-25 21:36:42'),(7433,50,67,'CF','','2025-11-25 21:36:50','2025-11-25 21:36:50'),(7434,50,68,'CF','','2025-11-25 21:37:06','2025-11-25 21:37:06'),(7437,50,69,'CF','','2025-11-25 21:38:07','2025-11-25 21:38:07'),(7438,50,15,'CF','','2025-11-25 21:38:19','2025-11-25 21:38:19'),(7439,50,16,'CF','','2025-11-25 21:38:24','2025-11-25 21:38:24'),(7440,50,17,'CF','','2025-11-25 21:38:29','2025-11-25 21:38:29'),(7441,50,18,'CF','','2025-11-25 21:38:35','2025-11-25 21:38:35'),(7442,50,24,'CF','','2025-11-25 21:38:48','2025-11-25 21:38:48'),(7443,50,25,'CF','','2025-11-25 21:38:59','2025-11-25 21:38:59'),(7444,50,26,'NC','Calibrar e ter sempre um de reservada!','2025-11-25 21:40:05','2025-11-25 21:40:05'),(7449,50,27,'CF','','2025-11-25 21:41:34','2025-11-25 21:41:34'),(7450,50,28,'CF','','2025-11-25 21:41:39','2025-11-25 21:41:39'),(7451,50,1,'CF','','2025-11-25 21:41:45','2025-11-25 21:41:45'),(7452,50,2,'CF','','2025-11-25 21:41:48','2025-11-25 21:41:48'),(7453,50,3,'CF','','2025-11-25 21:41:53','2025-11-25 21:41:53'),(7454,50,4,'NE','','2025-11-25 21:41:57','2025-11-25 21:41:57'),(7458,50,5,'CF','','2025-11-25 21:42:10','2025-11-25 21:42:10'),(7459,50,6,'CF','','2025-11-25 21:42:16','2025-11-25 21:42:16'),(7460,50,7,'NE','','2025-11-25 21:42:23','2025-11-25 21:42:23'),(7461,50,8,'CF','','2025-11-25 21:42:39','2025-11-25 21:42:39'),(7462,50,50,'CF','','2025-11-25 21:42:45','2025-11-25 21:42:45'),(7463,50,51,'CF','','2025-11-25 21:42:49','2025-11-25 21:42:49'),(7464,50,52,'CF','','2025-11-25 21:42:54','2025-11-25 21:42:54'),(7465,50,304,'CF','','2025-11-25 21:42:59','2025-11-25 21:42:59'),(7466,50,305,'CF','','2025-11-25 21:43:03','2025-11-25 21:43:03'),(7467,50,317,'CF','','2025-11-25 21:43:12','2025-11-25 21:43:12'),(7468,50,450,'NE','','2025-11-25 21:43:25','2025-11-25 21:43:25'),(7469,50,451,'NE','','2025-11-25 21:43:33','2025-11-25 21:43:33'),(7470,50,452,'NE','','2025-11-25 21:43:38','2025-11-25 21:43:38'),(7471,50,453,'NE','','2025-11-25 21:43:40','2025-11-25 21:43:40'),(7472,50,454,'NE','','2025-11-25 21:43:42','2025-11-25 21:43:42'),(7473,50,455,'NE','','2025-11-25 21:43:45','2025-11-25 21:43:45'),(7474,50,53,'CF','','2025-11-25 21:43:47','2025-11-25 21:43:47'),(7476,50,54,'CF','','2025-11-25 21:43:59','2025-11-25 21:43:59'),(7477,50,55,'CF','','2025-11-25 21:44:05','2025-11-25 21:44:05'),(7478,49,59,'NE','','2025-11-25 21:59:32','2025-11-25 21:59:32'),(7479,49,309,'NE','','2025-11-25 21:59:35','2025-11-25 21:59:35'),(7480,49,310,'NE','','2025-11-25 21:59:39','2025-11-25 21:59:39'),(7481,49,311,'NE','','2025-11-25 21:59:44','2025-11-25 21:59:44'),(7483,49,312,'NE','','2025-11-25 21:59:48','2025-11-25 21:59:48'),(7484,49,313,'NE','','2025-11-25 21:59:52','2025-11-25 21:59:52'),(7485,49,314,'NE','','2025-11-25 22:00:02','2025-11-25 22:00:02'),(7487,49,315,'NE','','2025-11-25 22:00:04','2025-11-25 22:00:04'),(7488,49,316,'NE','','2025-11-25 22:00:06','2025-11-25 22:00:06'),(7490,49,60,'NC','','2025-11-25 22:00:11','2025-11-25 22:00:11'),(7492,49,61,'NC','','2025-11-25 22:00:19','2025-11-25 22:00:19'),(7496,49,62,'CF','','2025-11-25 22:00:27','2025-11-25 22:00:27'),(7498,49,63,'CF','','2025-11-25 22:00:37','2025-11-25 22:00:37'),(7499,49,64,'PC','H pia no lavatrio geral de clientes, uma pia comum no sanitrio de funcionrias e a pia de lavagem de louas. Necessrio instalar o lavatrio pequeno exclusivo para lavagem das mos.','2025-11-25 22:00:45','2025-11-25 22:00:45'),(7510,49,65,'PC','','2025-11-25 22:01:56','2025-11-25 22:01:56'),(7511,49,66,'CF','','2025-11-25 22:02:04','2025-11-25 22:02:04'),(7512,49,67,'PC','','2025-11-25 22:02:17','2025-11-25 22:02:17'),(7513,49,68,'CF','','2025-11-25 22:02:20','2025-11-25 22:02:20'),(7514,49,69,'CF','','2025-11-25 22:02:31','2025-11-25 22:02:31'),(7515,49,15,'CF','','2025-11-25 22:02:40','2025-11-25 22:02:40'),(7516,49,16,'CF','','2025-11-25 22:02:44','2025-11-25 22:02:44'),(7517,49,17,'CF','','2025-11-25 22:02:46','2025-11-25 22:02:46'),(7518,49,18,'PC','O local  a mesma pia de lavagem de louas, mas h utenslios plsticos para este uso.','2025-11-25 22:02:48','2025-11-25 22:02:48'),(7524,49,24,'PC','H freezer que apresenta temperatura mais alta. Provavelmente conseguiremos ajustar isso com climatizao do estoque onde esto os freezers.','2025-11-25 22:03:38','2025-11-25 22:03:38'),(7533,49,25,'CF','','2025-11-25 22:04:25','2025-11-25 22:04:25'),(7534,49,26,'CF','','2025-11-25 22:04:33','2025-11-25 22:04:33'),(7536,49,27,'CF','Apenas alguns itens sem etiqueta, mas  evidente a melhora neste aspecto de identificao.','2025-11-25 22:04:45','2025-11-25 22:04:45'),(7538,49,28,'CF','','2025-11-25 22:05:13','2025-11-25 22:05:13'),(7542,49,1,'CF','','2025-11-25 22:05:20','2025-11-25 22:05:20'),(7543,49,2,'CF','','2025-11-25 22:05:30','2025-11-25 22:05:30'),(7544,49,3,'CF','','2025-11-25 22:05:34','2025-11-25 22:05:34'),(7545,49,4,'NE','','2025-11-25 22:05:39','2025-11-25 22:05:39'),(7546,49,5,'CF','','2025-11-25 22:05:48','2025-11-25 22:05:48'),(7547,49,6,'PC','Necessrio continuar avanando na organizao (planejar estantes, por exemplo, e outras formas de otimizar o espao e organizar de maneira lgica e prtica).','2025-11-25 22:05:52','2025-11-25 22:05:52'),(7558,49,7,'CF','','2025-11-25 22:07:09','2025-11-25 22:07:09'),(7559,49,8,'CF','','2025-11-25 22:07:17','2025-11-25 22:07:17'),(7560,49,50,'PC','Em alguns momentos, vi mais de uma lixeira aberta durante a manipulao (tanto por volume grande de resduos, como por manter a tampa permanentemente aberta). ','2025-11-25 22:07:21','2025-11-25 22:07:21'),(7566,49,51,'PC','','2025-11-25 22:08:31','2025-11-25 22:08:31'),(7569,49,52,'CF','','2025-11-25 22:08:47','2025-11-25 22:08:47'),(7570,49,304,'CF','','2025-11-25 22:09:00','2025-11-25 22:09:00'),(7571,49,305,'CF','','2025-11-25 22:09:02','2025-11-25 22:09:02'),(7572,49,317,'PC','H alto fluxo de funcionrias e pratos no corredor, podendo ter o risco de cruzar a retirada de lixo e a rea de circulao.','2025-11-25 22:09:06','2025-11-25 22:09:06'),(7582,49,450,'NE','','2025-11-25 22:10:00','2025-11-25 22:10:00'),(7583,49,451,'NE','','2025-11-25 22:10:03','2025-11-25 22:10:03'),(7584,49,452,'NE','','2025-11-25 22:10:07','2025-11-25 22:10:07'),(7585,49,453,'NE','','2025-11-25 22:10:10','2025-11-25 22:10:10'),(7586,49,454,'NE','','2025-11-25 22:10:13','2025-11-25 22:10:13'),(7587,49,455,'NE','','2025-11-25 22:10:15','2025-11-25 22:10:15'),(7588,49,53,'CF','','2025-11-25 22:10:19','2025-11-25 22:10:19'),(7589,49,54,'CF','','2025-11-25 22:10:21','2025-11-25 22:10:21'),(7590,49,55,'PC','Vi algumas formigas pequenas no sanitrio de funcionrias. Assim como tambm vistas nas paredes da cozinha. ','2025-11-25 22:10:25','2025-11-25 22:10:25'),(7596,51,460,'NE','','2025-11-26 11:16:44','2025-11-26 11:16:44'),(7597,51,461,'NE','','2025-11-26 11:16:46','2025-11-26 11:16:46'),(7598,51,462,'NE','','2025-11-26 11:16:53','2025-11-26 11:16:53'),(7599,51,463,'NE','','2025-11-26 11:16:58','2025-11-26 11:16:58'),(7600,51,464,'NE','','2025-11-26 11:17:10','2025-11-26 11:17:10'),(7601,51,465,'NE','','2025-11-26 11:17:30','2025-11-26 11:17:30'),(7602,51,466,'NE','','2025-11-26 11:17:33','2025-11-26 11:17:33'),(7603,51,467,'NE','','2025-11-26 11:17:42','2025-11-26 11:17:42'),(7604,51,468,'NE','','2025-11-26 11:17:49','2025-11-26 11:17:49'),(7605,51,469,'NE','','2025-11-26 11:17:53','2025-11-26 11:17:53'),(7606,51,470,'NE','','2025-11-26 11:18:05','2025-11-26 11:18:05'),(7607,51,471,'NE','','2025-11-26 11:18:11','2025-11-26 11:18:11'),(7608,51,20,'CF','Temperatura do estoque super ok!','2025-11-26 11:18:25','2025-11-26 11:18:25'),(7612,51,21,'CF','Limpo e organizado ','2025-11-26 11:19:05','2025-11-26 11:19:05'),(7614,51,22,'PC','Pode ser ainda mais desencostado das paredes ok?','2025-11-26 11:19:39','2025-11-26 11:19:39'),(7619,51,23,'CF','','2025-11-26 11:20:28','2025-11-26 11:20:28'),(7620,51,34,'CF','Muito limpo e organizado ! Parabns ','2025-11-26 11:20:53','2025-11-26 11:20:53'),(7625,51,35,'CF','Recomendo fortemente identificar novamente todos os picetes e sprays! Com letras maiores e mais evidentes ','2025-11-26 11:22:55','2025-11-26 11:22:55'),(7635,51,36,'CF','Finalizao bem boa!\nRecomendo na abertura limpar os potes de cremes','2025-11-26 11:24:31','2025-11-26 11:24:31'),(7642,51,37,'PC','Precisamos melhorar os resduos dentro das pias pois chama pragas urbanas assim !','2025-11-26 11:25:58','2025-11-26 11:25:58'),(7649,51,38,'CF','','2025-11-26 11:26:45','2025-11-26 11:26:45'),(7652,51,39,'CF','','2025-11-26 11:28:40','2025-11-26 11:28:40'),(7654,51,40,'CF','','2025-11-26 11:29:14','2025-11-26 11:29:14'),(7657,51,41,'CF','Atualizado! Ok','2025-11-26 11:29:50','2025-11-26 11:29:50'),(7659,51,42,'CF','','2025-11-26 11:31:16','2025-11-26 11:31:16'),(7660,51,43,'CF','','2025-11-26 11:31:34','2025-11-26 11:31:34'),(7661,51,44,'NE','','2025-11-26 11:32:08','2025-11-26 11:32:08'),(7662,51,45,'CF','','2025-11-26 11:32:19','2025-11-26 11:32:19'),(7663,51,306,'CF','Planilhas sendo preenchidas!','2025-11-26 11:32:28','2025-11-26 11:32:28'),(7665,51,307,'CF','','2025-11-26 11:33:06','2025-11-26 11:33:06'),(7667,51,308,'NE','','2025-11-26 11:33:10','2025-11-26 11:33:10'),(7668,51,46,'NE','','2025-11-26 11:33:17','2025-11-26 11:33:17'),(7669,51,47,'NE','','2025-11-26 11:33:19','2025-11-26 11:33:19'),(7670,51,48,'NE','','2025-11-26 11:33:21','2025-11-26 11:33:21'),(7671,51,49,'NE','','2025-11-26 11:33:24','2025-11-26 11:33:24'),(7672,51,456,'CF','','2025-11-26 11:33:26','2025-11-26 11:33:26'),(7673,51,457,'CF','Limpeza da caixa dgua vencer em 21/12/25 ! J agendar!','2025-11-26 11:33:33','2025-11-26 11:33:33'),(7688,51,458,'CF','','2025-11-26 11:36:27','2025-11-26 11:36:27'),(7689,51,459,'CF','Barreira sanitria funcionando super bem! Excelente ','2025-11-26 11:37:08','2025-11-26 11:37:08'),(7693,51,56,'NE','','2025-11-26 11:38:27','2025-11-26 11:38:27'),(7694,51,57,'NE','','2025-11-26 11:38:30','2025-11-26 11:38:30'),(7695,51,58,'NE','','2025-11-26 11:38:32','2025-11-26 11:38:32'),(7696,51,59,'NE','','2025-11-26 11:38:41','2025-11-26 11:38:41'),(7697,51,309,'NE','','2025-11-26 11:38:47','2025-11-26 11:38:47'),(7698,51,310,'NE','','2025-11-26 11:38:50','2025-11-26 11:38:50'),(7699,51,311,'NE','','2025-11-26 11:38:54','2025-11-26 11:38:54'),(7700,51,312,'NE','','2025-11-26 11:39:03','2025-11-26 11:39:03'),(7701,51,313,'NE','','2025-11-26 11:39:06','2025-11-26 11:39:06'),(7702,51,314,'NE','','2025-11-26 11:39:10','2025-11-26 11:39:10'),(7703,51,315,'NE','','2025-11-26 11:39:14','2025-11-26 11:39:14'),(7704,51,316,'NE','','2025-11-26 11:39:36','2025-11-26 11:39:36'),(7705,51,60,'CF','','2025-11-26 11:40:12','2025-11-26 11:40:12'),(7706,51,61,'CF','','2025-11-26 11:40:22','2025-11-26 11:40:22'),(7708,51,62,'CF','','2025-11-26 11:40:51','2025-11-26 11:40:51'),(7709,51,63,'CF','Estamos super alinhados ! ','2025-11-26 11:41:01','2025-11-26 11:41:01'),(7712,51,64,'CF','Mas realmente num local de difcil acesso ','2025-11-26 11:41:39','2025-11-26 11:41:39'),(7717,51,65,'CF','','2025-11-26 11:42:07','2025-11-26 11:42:07'),(7718,51,66,'CF','','2025-11-26 11:42:11','2025-11-26 11:42:11'),(7719,51,67,'CF','','2025-11-26 11:42:15','2025-11-26 11:42:15'),(7720,51,68,'CF','','2025-11-26 11:42:20','2025-11-26 11:42:20'),(7721,51,69,'CF','','2025-11-26 11:42:26','2025-11-26 11:42:26'),(7722,51,15,'CF','','2025-11-26 11:42:29','2025-11-26 11:42:29'),(7723,51,16,'CF','','2025-11-26 11:42:35','2025-11-26 11:42:35'),(7724,51,17,'CF','Trazer o sanitizante de verduras e frutas pata dentro da produo, mesmo que seja pouco usado ok?!','2025-11-26 11:43:56','2025-11-26 11:43:56'),(7725,51,18,'CF','','2025-11-26 11:44:02','2025-11-26 11:44:02'),(7726,51,24,'CF','Muito limpo e bem conservado ','2025-11-26 11:44:22','2025-11-26 11:44:22'),(7729,51,25,'CF','','2025-11-26 11:45:03','2025-11-26 11:45:03'),(7730,51,26,'NC','Calibrar todos os termmetros de Todas as lojas!','2025-11-26 11:45:38','2025-11-26 11:45:38'),(7734,51,27,'CF','','2025-11-26 11:46:06','2025-11-26 11:46:06'),(7735,51,28,'CF','','2025-11-26 11:48:00','2025-11-26 11:48:00'),(7738,51,1,'CF','','2025-11-26 11:48:40','2025-11-26 11:48:40'),(7739,51,2,'CF','','2025-11-26 11:48:43','2025-11-26 11:48:43'),(7740,51,3,'CF','','2025-11-26 11:48:47','2025-11-26 11:48:47'),(7741,51,4,'NE','','2025-11-26 11:48:51','2025-11-26 11:48:51'),(7742,51,5,'CF','','2025-11-26 11:48:55','2025-11-26 11:48:55'),(7743,51,6,'CF','','2025-11-26 11:49:02','2025-11-26 11:49:02'),(7745,51,7,'NE','','2025-11-26 11:49:29','2025-11-26 11:49:29'),(7746,51,8,'CF','','2025-11-26 11:49:33','2025-11-26 11:49:33'),(7747,51,50,'CF','','2025-11-26 11:49:37','2025-11-26 11:49:37'),(7749,51,51,'CF','','2025-11-26 11:50:20','2025-11-26 11:50:20'),(7750,51,52,'CF','','2025-11-26 11:50:27','2025-11-26 11:50:27'),(7751,51,304,'CF','','2025-11-26 11:50:31','2025-11-26 11:50:31'),(7752,51,305,'CF','','2025-11-26 11:50:36','2025-11-26 11:50:36'),(7753,51,317,'CF','','2025-11-26 11:50:42','2025-11-26 11:50:42'),(7754,51,450,'CF','Okk','2025-11-26 11:51:10','2025-11-26 11:51:10'),(7757,51,451,'NE','','2025-11-26 11:51:43','2025-11-26 11:51:43'),(7758,51,452,'NE','','2025-11-26 11:51:45','2025-11-26 11:51:45'),(7759,51,453,'NE','','2025-11-26 11:51:47','2025-11-26 11:51:47'),(7760,51,454,'NE','','2025-11-26 11:51:51','2025-11-26 11:51:51'),(7761,51,455,'NE','','2025-11-26 11:51:54','2025-11-26 11:51:54'),(7762,51,53,'CF','','2025-11-26 11:51:59','2025-11-26 11:51:59'),(7763,51,54,'CF','','2025-11-26 11:52:02','2025-11-26 11:52:02'),(7764,51,55,'CF','','2025-11-26 11:52:05','2025-11-26 11:52:05'),(7766,52,460,'NE','','2025-11-26 15:01:41','2025-11-26 15:01:41'),(7767,52,461,'NE','','2025-11-26 15:01:50','2025-11-26 15:01:50'),(7768,52,462,'NE','','2025-11-26 15:01:54','2025-11-26 15:01:54'),(7769,52,463,'NE','','2025-11-26 15:01:57','2025-11-26 15:01:57'),(7770,52,464,'NE','','2025-11-26 15:01:59','2025-11-26 15:01:59'),(7771,52,465,'NE','','2025-11-26 15:02:01','2025-11-26 15:02:01'),(7772,52,466,'NE','','2025-11-26 15:02:05','2025-11-26 15:02:05'),(7773,52,467,'NE','','2025-11-26 15:02:09','2025-11-26 15:02:09'),(7774,52,468,'NE','','2025-11-26 15:02:16','2025-11-26 15:02:16'),(7775,52,469,'NE','','2025-11-26 15:02:20','2025-11-26 15:02:20'),(7776,52,470,'NE','','2025-11-26 15:02:26','2025-11-26 15:02:26'),(7777,52,471,'NE','','2025-11-26 15:02:30','2025-11-26 15:02:30'),(7778,52,20,'CF','Vamos colocar uma placa aqui identificando o estoque seco e mantenha a porta fechada?!\n','2025-11-26 15:04:01','2025-11-26 15:04:01'),(7789,52,21,'CF','Limpo! Parabns ','2025-11-26 15:05:09','2025-11-26 15:05:09'),(7792,52,22,'PC','Manter mais afastado das paredes! \nPelo menos uns 10 cm','2025-11-26 15:05:31','2025-11-26 15:05:31'),(7800,52,23,'CF','Neste ltimo caso, deveria estar o inverso: o mais antigo em cima, pois  o mesmo produto de dois lotes diferentes e vencimentos diferentes!','2025-11-26 15:06:54','2025-11-26 15:06:54'),(7815,52,34,'CF','','2025-11-26 15:09:19','2025-11-26 15:09:19'),(7817,52,35,'CF','','2025-11-26 15:09:52','2025-11-26 15:09:52'),(7819,52,36,'CF','','2025-11-26 15:10:14','2025-11-26 15:10:14'),(7822,52,37,'CF','Freezer super limpo!\n','2025-11-26 15:10:45','2025-11-26 15:10:45'),(7828,52,38,'CF','','2025-11-26 15:11:27','2025-11-26 15:11:27'),(7829,52,39,'CF','','2025-11-26 15:11:36','2025-11-26 15:11:36'),(7831,52,40,'CF','','2025-11-26 15:11:53','2025-11-26 15:11:53'),(7832,52,41,'CF','','2025-11-26 15:12:18','2025-11-26 15:12:18'),(7833,52,42,'CF','rea de produo super limpa!','2025-11-26 15:14:58','2025-11-26 15:14:58'),(7837,52,43,'CF','','2025-11-26 15:15:33','2025-11-26 15:15:33'),(7839,52,44,'NE','','2025-11-26 15:15:50','2025-11-26 15:15:50'),(7840,52,45,'CF','','2025-11-26 15:15:55','2025-11-26 15:15:55'),(7841,52,306,'CF','','2025-11-26 15:16:02','2025-11-26 15:16:02'),(7842,52,307,'CF','','2025-11-26 15:16:34','2025-11-26 15:16:34'),(7843,52,308,'NE','','2025-11-26 15:16:39','2025-11-26 15:16:39'),(7844,52,46,'NE','','2025-11-26 15:16:43','2025-11-26 15:16:43'),(7845,52,47,'NE','','2025-11-26 15:16:46','2025-11-26 15:16:46'),(7846,52,48,'NE','','2025-11-26 15:16:48','2025-11-26 15:16:48'),(7847,52,49,'NE','','2025-11-26 15:16:50','2025-11-26 15:16:50'),(7848,52,456,'NE','','2025-11-26 15:16:52','2025-11-26 15:16:52'),(7849,52,457,'CF','','2025-11-26 15:16:55','2025-11-26 15:16:55'),(7850,52,458,'CF','','2025-11-26 15:16:58','2025-11-26 15:16:58'),(7851,52,459,'CF','','2025-11-26 15:17:01','2025-11-26 15:17:01'),(7856,52,56,'NE','','2025-11-26 15:19:03','2025-11-26 15:19:03'),(7857,52,58,'NE','','2025-11-26 15:19:44','2025-11-26 15:19:44'),(7858,52,59,'NE','','2025-11-26 15:19:47','2025-11-26 15:19:47'),(7859,52,309,'NE','','2025-11-26 15:19:52','2025-11-26 15:19:52'),(7860,52,310,'NE','','2025-11-26 15:20:07','2025-11-26 15:20:07'),(7861,52,311,'NE','','2025-11-26 15:21:11','2025-11-26 15:21:11'),(7862,52,312,'NE','','2025-11-26 15:21:14','2025-11-26 15:21:14'),(7863,52,313,'NE','','2025-11-26 15:21:21','2025-11-26 15:21:21'),(7864,52,314,'NE','','2025-11-26 15:21:25','2025-11-26 15:21:25'),(7865,52,315,'NE','','2025-11-26 15:21:31','2025-11-26 15:21:31'),(7866,52,316,'NE','','2025-11-26 15:21:36','2025-11-26 15:21:36'),(7867,52,60,'CF','','2025-11-26 15:21:53','2025-11-26 15:21:53'),(7869,52,61,'PC','','2025-11-26 15:22:23','2025-11-26 15:22:23'),(7871,52,62,'CF','','2025-11-26 15:24:27','2025-11-26 15:24:27'),(7872,52,63,'CF','','2025-11-26 15:24:31','2025-11-26 15:24:31'),(7873,52,64,'CF','','2025-11-26 15:24:41','2025-11-26 15:24:41'),(7875,52,65,'CF','','2025-11-26 15:25:12','2025-11-26 15:25:12'),(7876,52,66,'CF','','2025-11-26 15:25:26','2025-11-26 15:25:26'),(7877,52,67,'CF','','2025-11-26 15:25:32','2025-11-26 15:25:32'),(7878,52,68,'CF','','2025-11-26 15:25:39','2025-11-26 15:25:39'),(7880,52,69,'CF','','2025-11-26 15:26:04','2025-11-26 15:26:04'),(7881,52,15,'CF','','2025-11-26 15:26:12','2025-11-26 15:26:12'),(7882,52,16,'CF','','2025-11-26 15:26:15','2025-11-26 15:26:15'),(7883,52,17,'CF','','2025-11-26 15:26:18','2025-11-26 15:26:18'),(7884,52,18,'CF','','2025-11-26 15:26:21','2025-11-26 15:26:21'),(7885,52,24,'CF','Equipamento super limpo ','2025-11-26 15:26:27','2025-11-26 15:26:27'),(7889,52,25,'CF','','2025-11-26 15:27:13','2025-11-26 15:27:13'),(7890,52,26,'NC','Como j explicado em todos os grupos os ter precisam estar calibrados! \nNo basta comprar novos ok?!\nEssa no  uma garantia de que esto ok!\n apenas uma nova compra!\n','2025-11-26 15:27:20','2025-11-26 15:27:20'),(7905,52,27,'CF','','2025-11-26 15:28:49','2025-11-26 15:28:49'),(7906,52,28,'CF','','2025-11-26 15:29:00','2025-11-26 15:29:00'),(7909,52,1,'CF','','2025-11-26 15:29:31','2025-11-26 15:29:31'),(7910,52,2,'CF','','2025-11-26 15:29:36','2025-11-26 15:29:36'),(7911,52,3,'CF','','2025-11-26 15:29:42','2025-11-26 15:29:42'),(7912,52,4,'NE','','2025-11-26 15:29:46','2025-11-26 15:29:46'),(7913,52,5,'CF','','2025-11-26 15:29:52','2025-11-26 15:29:52'),(7916,52,6,'CF','','2025-11-26 15:30:41','2025-11-26 15:30:41'),(7918,52,7,'NE','','2025-11-26 15:31:29','2025-11-26 15:31:29'),(7919,52,8,'CF','','2025-11-26 15:32:30','2025-11-26 15:32:30'),(7920,52,50,'CF','','2025-11-26 15:32:34','2025-11-26 15:32:34'),(7921,52,51,'CF','','2025-11-26 15:32:38','2025-11-26 15:32:38'),(7923,52,52,'CF','','2025-11-26 15:33:08','2025-11-26 15:33:08'),(7924,52,304,'CF','','2025-11-26 15:33:12','2025-11-26 15:33:12'),(7925,52,305,'CF','','2025-11-26 15:33:16','2025-11-26 15:33:16'),(7927,52,317,'CF','','2025-11-26 15:33:31','2025-11-26 15:33:31'),(7928,52,450,'NE','','2025-11-26 15:33:36','2025-11-26 15:33:36'),(7929,52,451,'NE','','2025-11-26 15:33:39','2025-11-26 15:33:39'),(7930,52,452,'NE','','2025-11-26 15:33:41','2025-11-26 15:33:41'),(7931,52,453,'NE','','2025-11-26 15:33:44','2025-11-26 15:33:44'),(7932,52,454,'NE','','2025-11-26 15:33:47','2025-11-26 15:33:47'),(7933,52,455,'NE','','2025-11-26 15:33:49','2025-11-26 15:33:49'),(7934,52,53,'CF','','2025-11-26 15:33:54','2025-11-26 15:33:54'),(7935,52,54,'CF','','2025-11-26 15:33:59','2025-11-26 15:33:59'),(7936,52,55,'CF','Comprovantes atualizados!','2025-11-26 15:34:57','2025-11-26 15:34:57'),(7941,53,460,'CF','','2025-11-26 18:10:30','2025-11-26 18:10:30'),(7946,53,461,'CF','No aougue','2025-11-26 18:11:23','2025-11-26 18:11:23'),(7949,53,462,'CF','','2025-11-26 18:11:34','2025-11-26 18:11:34'),(7952,53,463,'CF','','2025-11-26 18:12:30','2025-11-26 18:12:30'),(7953,53,464,'CF','','2025-11-26 18:12:38','2025-11-26 18:12:38'),(7954,53,465,'CF','','2025-11-26 18:13:29','2025-11-26 18:13:29'),(7955,53,466,'CF','','2025-11-26 18:14:50','2025-11-26 18:14:50'),(7957,53,467,'CF','','2025-11-26 18:15:35','2025-11-26 18:15:35'),(7958,53,468,'CF','','2025-11-26 18:15:51','2025-11-26 18:15:51'),(7960,53,469,'CF','','2025-11-26 18:18:02','2025-11-26 18:18:02'),(7961,53,470,'CF','','2025-11-26 18:18:19','2025-11-26 18:18:19'),(7962,53,471,'NE','','2025-11-26 18:19:21','2025-11-26 18:19:21'),(7964,53,20,'CF','','2025-11-26 18:19:29','2025-11-26 18:19:29'),(7965,53,21,'CF','','2025-11-26 18:20:15','2025-11-26 18:20:15'),(7966,53,22,'CF','','2025-11-26 18:20:23','2025-11-26 18:20:23'),(7967,53,23,'CF','','2025-11-26 18:20:39','2025-11-26 18:20:39'),(7968,53,34,'CF','As mquinas da Papello no esto selando direito! Fazer a manuteno novamente!','2025-11-26 18:21:11','2025-11-26 18:21:11'),(7979,53,35,'CF','','2025-11-26 18:22:31','2025-11-26 18:22:31'),(7981,53,36,'CF','','2025-11-26 18:22:49','2025-11-26 18:22:49'),(7984,53,37,'CF','','2025-11-26 18:23:23','2025-11-26 18:23:23'),(7986,53,38,'CF','','2025-11-26 18:25:14','2025-11-26 18:25:14'),(7987,53,39,'CF','','2025-11-26 18:25:49','2025-11-26 18:25:49'),(7990,53,40,'PC','','2025-11-26 18:28:06','2025-11-26 18:28:06'),(7996,53,41,'CF','','2025-11-26 18:28:50','2025-11-26 18:28:50'),(7997,53,42,'CF','','2025-11-26 18:29:03','2025-11-26 18:29:03'),(7999,53,43,'CF','Essa mesa precisa ser pintada embaixo com tinta automotiva!','2025-11-26 18:29:28','2025-11-26 18:29:28'),(8004,53,44,'CF','','2025-11-26 18:30:24','2025-11-26 18:30:24'),(8006,53,45,'CF','','2025-11-26 18:31:01','2025-11-26 18:31:01'),(8007,53,306,'CF','Pista fria bem gelada! Excelente!','2025-11-26 18:31:08','2025-11-26 18:31:08'),(8011,53,307,'CF','','2025-11-26 18:31:43','2025-11-26 18:31:43'),(8013,53,308,'PC','Infelizmente h um pouco de cruzamento !','2025-11-26 18:31:51','2025-11-26 18:31:51'),(8016,53,46,'NE','','2025-11-26 18:32:20','2025-11-26 18:32:20'),(8017,53,47,'NE','','2025-11-26 18:32:24','2025-11-26 18:32:24'),(8018,53,48,'NE','','2025-11-26 18:32:26','2025-11-26 18:32:26'),(8019,53,49,'NE','','2025-11-26 18:32:28','2025-11-26 18:32:28'),(8020,53,456,'CF','','2025-11-26 18:32:32','2025-11-26 18:32:32'),(8021,53,457,'PC','Realizar a dedetizao! No esquecer ','2025-11-26 18:32:38','2025-11-26 18:32:38'),(8022,53,458,'PC','Precisa ser renovada urgente! O calor aumentado faz com que apaream pragas urbanas! \nColaboradores relataram presena de baratas!','2025-11-26 18:32:47','2025-11-26 18:32:47'),(8031,53,459,'CF','Super ok!','2025-11-26 18:33:54','2025-11-26 18:33:54'),(8036,53,56,'NE','','2025-11-26 18:34:46','2025-11-26 18:34:46'),(8037,53,57,'NE','','2025-11-26 18:34:50','2025-11-26 18:34:50'),(8038,53,58,'NE','','2025-11-26 18:34:52','2025-11-26 18:34:52'),(8039,53,59,'NE','','2025-11-26 18:34:54','2025-11-26 18:34:54'),(8040,53,309,'NE','','2025-11-26 18:34:56','2025-11-26 18:34:56'),(8041,53,310,'NE','','2025-11-26 18:34:59','2025-11-26 18:34:59'),(8042,53,311,'NE','','2025-11-26 18:35:01','2025-11-26 18:35:01'),(8043,53,312,'NE','','2025-11-26 18:35:04','2025-11-26 18:35:04'),(8044,53,313,'NE','','2025-11-26 18:35:06','2025-11-26 18:35:06'),(8045,53,314,'NE','','2025-11-26 18:35:08','2025-11-26 18:35:08'),(8046,53,315,'NE','','2025-11-26 18:35:11','2025-11-26 18:35:11'),(8047,53,316,'NE','','2025-11-26 18:35:37','2025-11-26 18:35:37'),(8048,53,60,'CF','','2025-11-26 18:36:31','2025-11-26 18:36:31'),(8049,53,61,'CF','','2025-11-26 18:36:35','2025-11-26 18:36:35'),(8050,53,62,'CF','','2025-11-26 18:36:42','2025-11-26 18:36:42'),(8053,53,63,'CF','','2025-11-26 18:36:53','2025-11-26 18:36:53'),(8054,53,64,'CF','','2025-11-26 18:37:04','2025-11-26 18:37:04'),(8056,53,65,'CF','','2025-11-26 18:37:39','2025-11-26 18:37:39'),(8057,53,66,'CF','','2025-11-26 18:37:43','2025-11-26 18:37:43'),(8058,53,67,'CF','Orientados novamente!','2025-11-26 18:37:49','2025-11-26 18:37:49'),(8063,54,460,'CF','','2025-11-26 18:44:03','2025-11-26 18:44:03'),(8064,54,461,'CF','','2025-11-26 18:44:07','2025-11-26 18:44:07'),(8065,54,462,'CF','','2025-11-26 18:44:11','2025-11-26 18:44:11'),(8066,54,463,'CF','','2025-11-26 18:44:15','2025-11-26 18:44:15'),(8067,54,464,'PC','Em alguns momentos, h produtos expostos na sala de manipulao antes de serem manipulados. Por conta da espera, a temperatura da carne sobe, e ao final da manipulao fica ainda mais alta. Soluo: somente buscar a carne na cmara imediatamente antes de mexer com ela (fazer tudo o que precisa antes: limpar bancada, lavar caixa, afiar faca, entre outras coisas que possam ser necessrias).  \n','2025-11-26 18:44:18','2025-11-26 18:44:18'),(8086,54,465,'CF','','2025-11-26 18:50:04','2025-11-26 18:50:04'),(8087,54,466,'CF','','2025-11-26 18:50:10','2025-11-26 18:50:10'),(8088,54,467,'CF','','2025-11-26 18:50:13','2025-11-26 18:50:13'),(8089,54,468,'CF','','2025-11-26 18:50:16','2025-11-26 18:50:16'),(8090,54,469,'CF','','2025-11-26 18:50:18','2025-11-26 18:50:18'),(8091,54,470,'PC','','2025-11-26 18:50:21','2025-11-26 18:50:21'),(8092,54,471,'CF','','2025-11-26 18:50:23','2025-11-26 18:50:23'),(8093,54,20,'CF','','2025-11-26 18:50:29','2025-11-26 18:50:29'),(8094,54,21,'CF','','2025-11-26 18:50:35','2025-11-26 18:50:35'),(8095,54,22,'CF','','2025-11-26 18:50:39','2025-11-26 18:50:39'),(8096,54,23,'PC','Nesta vistoria estava tudo certo, mas j foi observado tempero com prazo expirado. Reforar o controle na rotina. ','2025-11-26 18:50:44','2025-11-26 18:50:44'),(8100,54,34,'NC','Refrigerador: borrachas com acmulo de inseto, tambm esto rgidas, com frestas e com pontos pretos (necessria troca);\nFreezer: borracha com restos de carne; \nSerra-fita: acmulo de sujidades no volante e porta;\nMoedor: estava montado com restos de gordura e gua, havendo incio de oxidao no disco; \nFatiador de frios: tinta descascando e acmulo de alimento (queijo) na pea dentada','2025-11-26 18:51:28','2025-11-26 18:51:28'),(8116,54,35,'CF','','2025-11-26 18:52:55','2025-11-26 18:52:55'),(8128,54,36,'CF','','2025-11-26 18:53:35','2025-11-26 18:53:35'),(8129,54,37,'PC','H uma pessoa responsvel pela limpeza, mas h necessidade de ajustes em alguns pontos: \n* limpeza da pia, saboneteira e papeleira; \n* limpeza das borrachas do refrigerador e do freezer ','2025-11-26 18:53:39','2025-11-26 18:53:39'),(8149,54,38,'NE','','2025-11-26 18:55:03','2025-11-26 18:55:03'),(8150,54,39,'CF','','2025-11-26 18:55:05','2025-11-26 18:55:05'),(8152,54,40,'CF','','2025-11-26 18:55:17','2025-11-26 18:55:17'),(8153,54,41,'NC','Presena de insetos na borracha do refrigerador. Ao abrir a porta da frente e dos fundos, h rpido acesso de moscas, especialmente devido ao calor e a atrao pela carne manipulada.','2025-11-26 18:55:21','2025-11-26 18:55:21'),(8159,53,68,'CF','Refis repostos! Okk','2025-11-26 18:55:46','2025-11-26 18:55:46'),(8166,53,69,'CF','','2025-11-26 18:56:08','2025-11-26 18:56:08'),(8167,53,15,'CF','','2025-11-26 18:56:12','2025-11-26 18:56:12'),(8168,54,42,'CF','','2025-11-26 18:56:13','2025-11-26 18:56:13'),(8169,53,16,'CF','','2025-11-26 18:56:15','2025-11-26 18:56:15'),(8170,53,17,'CF','','2025-11-26 18:56:18','2025-11-26 18:56:18'),(8171,54,43,'PC','Precisa ajustar a limpeza, conforme relatado anteriormente: moedor, fatiador. ','2025-11-26 18:56:18','2025-11-26 18:56:18'),(8172,53,18,'CF','','2025-11-26 18:56:21','2025-11-26 18:56:21'),(8173,53,24,'CF','','2025-11-26 18:56:25','2025-11-26 18:56:25'),(8175,53,25,'PC','Ainda contm produtos antigos e sem identificao! Retirar assim que possvel!','2025-11-26 18:56:32','2025-11-26 18:56:32'),(8185,54,44,'CF','','2025-11-26 18:57:03','2025-11-26 18:57:03'),(8187,53,26,'NC','Mandar calibrar o termmetro!\nNa Makil Lda custa 65 reais ','2025-11-26 18:57:04','2025-11-26 18:57:04'),(8188,54,45,'PC',' feito o uso de tbua grande para bovino e da tbua mdia para frango, em mesas separadas. Mas h dias em que se manipula bovino na mesa e na tbua do frango, porm com tudo limpo e nunca simultaneamente.','2025-11-26 18:57:10','2025-11-26 18:57:10'),(8202,53,27,'CF','','2025-11-26 18:57:48','2025-11-26 18:57:48'),(8204,53,28,'CF','','2025-11-26 18:57:55','2025-11-26 18:57:55'),(8206,53,1,'CF','','2025-11-26 18:57:59','2025-11-26 18:57:59'),(8210,53,2,'CF','','2025-11-26 18:58:07','2025-11-26 18:58:07'),(8212,53,3,'CF','','2025-11-26 18:58:14','2025-11-26 18:58:14'),(8215,53,4,'NE','','2025-11-26 18:58:20','2025-11-26 18:58:20'),(8217,53,5,'CF','','2025-11-26 18:58:26','2025-11-26 18:58:26'),(8218,54,306,'NE','','2025-11-26 18:58:31','2025-11-26 18:58:31'),(8219,54,307,'NE','','2025-11-26 18:58:34','2025-11-26 18:58:34'),(8220,54,308,'NE','','2025-11-26 18:58:39','2025-11-26 18:58:39'),(8221,54,46,'NE','','2025-11-26 18:58:42','2025-11-26 18:58:42'),(8222,54,47,'CF','','2025-11-26 18:58:45','2025-11-26 18:58:45'),(8225,54,48,'NE','','2025-11-26 18:58:56','2025-11-26 18:58:56'),(8229,54,49,'NE','','2025-11-26 18:59:07','2025-11-26 18:59:07'),(8230,54,456,'CF','','2025-11-26 18:59:10','2025-11-26 18:59:10'),(8231,54,457,'PC','Foi atualizado recentemente, mas as visitas no foram feitas regularmente ao longo do ano.','2025-11-26 18:59:15','2025-11-26 18:59:15'),(8234,53,6,'CF','O transporte do aougue para os restaurantes deve ser feito em caixas trmicas ou com gelox e o mais breve possvel!','2025-11-26 18:59:31','2025-11-26 18:59:31'),(8236,53,7,'CF','','2025-11-26 18:59:42','2025-11-26 18:59:42'),(8237,54,458,'NC','De acordo com o que foi relatado anteriormente, neste dia havia insetos instalados na borracha do refrigerador, alm do fcil acesso de moscas. ','2025-11-26 18:59:43','2025-11-26 18:59:43'),(8238,53,8,'CF','','2025-11-26 18:59:53','2025-11-26 18:59:53'),(8239,53,50,'PC','Ainda deixamos muito tempo o leo e as caixas de papelo no fundo do restaurante!','2025-11-26 19:00:02','2025-11-26 19:00:02'),(8246,54,459,'PC','Estavam limpas, mas o perodo de troca est prolongado (para a armadilha da rea de entrada, que  onde fica calor). \nTroca atualizada para realizar a cada 4 dias ou menos, devido ao aumento do calor. ','2025-11-26 19:00:27','2025-11-26 19:00:27'),(8252,53,51,'CF','','2025-11-26 19:00:45','2025-11-26 19:00:45'),(8254,53,52,'CF','','2025-11-26 19:00:49','2025-11-26 19:00:49'),(8255,53,304,'CF','','2025-11-26 19:00:56','2025-11-26 19:00:56'),(8256,53,305,'CF','','2025-11-26 19:00:59','2025-11-26 19:00:59'),(8258,53,317,'CF','','2025-11-26 19:01:10','2025-11-26 19:01:10'),(8259,53,450,'NE','','2025-11-26 19:01:17','2025-11-26 19:01:17'),(8260,53,451,'NE','','2025-11-26 19:01:20','2025-11-26 19:01:20'),(8261,53,452,'NE','','2025-11-26 19:01:22','2025-11-26 19:01:22'),(8262,53,453,'NE','','2025-11-26 19:01:24','2025-11-26 19:01:24'),(8263,53,454,'NE','','2025-11-26 19:01:27','2025-11-26 19:01:27'),(8265,53,455,'NE','','2025-11-26 19:01:29','2025-11-26 19:01:29'),(8266,53,53,'CF','','2025-11-26 19:01:32','2025-11-26 19:01:32'),(8268,53,54,'PC','','2025-11-26 19:01:54','2025-11-26 19:01:54'),(8269,53,55,'PC','','2025-11-26 19:01:58','2025-11-26 19:01:58'),(8271,55,460,'CF','Esto tirando as carnes do congelador e deixando nos refrigeradores at o momento do uso.','2025-11-26 19:05:57','2025-11-26 19:05:57'),(8280,54,56,'PC','H caixas que no fecham completamente para o transporte, sendo necessria a tomada de alguma das decises como correo:\n* troca do tipo de caixa, com tampas que fixem melhor ao fechar OU\n* aquisio de mais caixas, para distribuir melhor a quantidade de bifes e permitir que feche completamente ','2025-11-26 19:06:31','2025-11-26 19:06:31'),(8284,55,461,'PC','','2025-11-26 19:06:42','2025-11-26 19:06:42'),(8297,55,462,'PC','Havia carne no refrigerador sem etiqueta de identificao.\nMas tambm havia produtos etiquetados.','2025-11-26 19:08:04','2025-11-26 19:08:04'),(8300,54,57,'NC','No transporte no h controle de temperatura.','2025-11-26 19:08:12','2025-11-26 19:08:12'),(8304,54,58,'CF','','2025-11-26 19:08:29','2025-11-26 19:08:29'),(8305,54,59,'CF','','2025-11-26 19:08:32','2025-11-26 19:08:32'),(8308,54,309,'NE','','2025-11-26 19:08:36','2025-11-26 19:08:36'),(8310,54,310,'NC','Necessita calibrao no termmetro infravermelho do estabelecimento, conforme solicitado anteriormente. ','2025-11-26 19:08:41','2025-11-26 19:08:41'),(8316,55,463,'PC','','2025-11-26 19:09:10','2025-11-26 19:09:10'),(8317,55,464,'PC','Ser implementada a planilha de controle de temperatura.','2025-11-26 19:09:21','2025-11-26 19:09:21'),(8321,54,311,'CF','','2025-11-26 19:09:51','2025-11-26 19:09:51'),(8322,54,312,'CF','','2025-11-26 19:10:22','2025-11-26 19:10:22'),(8324,55,465,'NC','No  feita higienizao das embalagens, elas so retiradas das caixas e armazenadas nos freezers.','2025-11-26 19:10:50','2025-11-26 19:10:50'),(8327,54,313,'NE','','2025-11-26 19:12:51','2025-11-26 19:12:51'),(8328,54,314,'CF','','2025-11-26 19:12:58','2025-11-26 19:12:58'),(8329,54,315,'NE','O veculo no  apropriado para transporte de alimentos (automvel de uso pessoal). ','2025-11-26 19:13:05','2025-11-26 19:13:05'),(8332,55,466,'CF','','2025-11-26 19:13:14','2025-11-26 19:13:14'),(8335,54,316,'CF','','2025-11-26 19:13:32','2025-11-26 19:13:32'),(8336,54,60,'CF','','2025-11-26 19:13:37','2025-11-26 19:13:37'),(8337,54,61,'CF','','2025-11-26 19:13:42','2025-11-26 19:13:42'),(8338,54,62,'CF','','2025-11-26 19:13:44','2025-11-26 19:13:44'),(8341,54,63,'CF','','2025-11-26 19:13:51','2025-11-26 19:13:51'),(8342,54,64,'CF','','2025-11-26 19:13:54','2025-11-26 19:13:54'),(8343,54,65,'PC','A pia interna  usada tanto para mos, como para lavar utenslios. Mas h pia externa apenas para lavar as mos. ','2025-11-26 19:13:58','2025-11-26 19:13:58'),(8347,54,66,'CF','','2025-11-26 19:14:28','2025-11-26 19:14:28'),(8348,55,467,'PC','','2025-11-26 19:14:29','2025-11-26 19:14:29'),(8349,54,67,'PC','Um dos colaboradores higienizou corretamente as mos antes de iniciar a manipulao. Outro colaborador no higienizou as mos.','2025-11-26 19:14:32','2025-11-26 19:14:32'),(8350,55,468,'PC','','2025-11-26 19:14:38','2025-11-26 19:14:38'),(8351,55,469,'PC','','2025-11-26 19:14:46','2025-11-26 19:14:46'),(8353,55,470,'PC','','2025-11-26 19:14:53','2025-11-26 19:14:53'),(8355,55,471,'NC','','2025-11-26 19:14:58','2025-11-26 19:14:58'),(8358,54,68,'CF','','2025-11-26 19:15:10','2025-11-26 19:15:10'),(8359,54,69,'CF','','2025-11-26 19:15:15','2025-11-26 19:15:15'),(8360,55,20,'CF','Ar condicionado foi instalado.','2025-11-26 19:15:21','2025-11-26 19:15:21'),(8361,54,16,'NE','','2025-11-26 19:15:51','2025-11-26 19:15:51'),(8362,54,17,'NE','','2025-11-26 19:15:54','2025-11-26 19:15:54'),(8364,54,18,'NE','','2025-11-26 19:15:57','2025-11-26 19:15:57'),(8365,54,24,'CF','','2025-11-26 19:16:01','2025-11-26 19:16:01'),(8366,54,25,'NC','Sujidade na borracha do freezer e acmulo de produtos cozidos e crus no mesmo equipamento (estando um dos produtos cozidos com parte exposta).','2025-11-26 19:16:08','2025-11-26 19:16:08'),(8379,54,26,'NC','Necessrio calibrar o termmetro infravermelho para darmos incio aos registros.','2025-11-26 19:17:00','2025-11-26 19:17:00'),(8380,55,21,'PC','Esto organizando, mas ainda precisa de melhorias.','2025-11-26 19:17:08','2025-11-26 19:17:08'),(8386,54,27,'PC','Havia produtos crneos manipulados bem embalados e com etiqueta contendo data, mas uma das frmas de produto cozido estava com uma parte desembalada. ','2025-11-26 19:17:24','2025-11-26 19:17:24'),(8387,55,22,'NC','Ainda tem produtos no cho, tambm esto usando paletes de madeira. Precisa ser substitudo por paletes de plstico, produtos no devem estar em contato com o cho.','2025-11-26 19:17:27','2025-11-26 19:17:27'),(8388,54,28,'NE','','2025-11-26 19:17:37','2025-11-26 19:17:37'),(8392,54,1,'PC','Precisamos do termmetro calibrado para comearmos a preencher relatrio de recebimento com esta informao. Atualmente h controle prprio, com o nome do fornecedor, nmero da nota, nome do recebedor','2025-11-26 19:18:00','2025-11-26 19:18:00'),(8402,54,2,'CF','','2025-11-26 19:19:30','2025-11-26 19:19:30'),(8403,54,3,'CF','','2025-11-26 19:19:33','2025-11-26 19:19:33'),(8404,54,4,'NE','','2025-11-26 19:19:37','2025-11-26 19:19:37'),(8405,54,5,'CF','','2025-11-26 19:19:40','2025-11-26 19:19:40'),(8406,54,6,'CF','Utenslios limpos, organizados e sem mau cheiro. ','2025-11-26 19:19:43','2025-11-26 19:19:43'),(8407,55,23,'NC','Relataram que esto comeando, mas ainda no tem essa verificao e controle.','2025-11-26 19:19:46','2025-11-26 19:19:46'),(8422,55,34,'PC','','2025-11-26 19:20:42','2025-11-26 19:20:42'),(8425,54,7,'CF','','2025-11-26 19:20:50','2025-11-26 19:20:50'),(8426,55,35,'PC','','2025-11-26 19:20:53','2025-11-26 19:20:53'),(8427,54,8,'CF','','2025-11-26 19:20:53','2025-11-26 19:20:53'),(8429,54,50,'PC','Em alguns momentos h armazenamento de caixa de papelo na via pblica. No foi observado no dia da avaliao.','2025-11-26 19:20:58','2025-11-26 19:20:58'),(8435,54,51,'NC','As lixeiras estavam com incio de odor ao abrir, indicando necessidade de ajuste na desinfeco.  preciso reforar o uso do produto quaternrio de amnia nas duas lixeiras, diariamente (borrifar nas tampas e em toda a lixeira por dentro, inclusive no prprio saco de lixo).','2025-11-26 19:21:32','2025-11-26 19:21:32'),(8442,54,52,'PC','No h acmulo para retirada diria, sendo realizado em dias alternados. Porm, h necessidade de reforar a desinfeco, conforme relatado no item anterior (principalmente com o aumento do calor). ','2025-11-26 19:22:39','2025-11-26 19:22:39'),(8462,55,36,'PC','Cada rea tem seus utenslios, mas eles ainda se misturam. Uma alternativa seria separao por cores, cada setor ter um cor especfica ','2025-11-26 19:25:20','2025-11-26 19:25:20'),(8468,55,37,'PC','','2025-11-26 19:26:08','2025-11-26 19:26:08'),(8470,55,38,'CF','','2025-11-26 19:26:17','2025-11-26 19:26:17'),(8472,55,39,'NC','Ainda temos lixeiras sem tampa e com pedal quebrado','2025-11-26 19:28:08','2025-11-26 19:28:08'),(8481,55,40,'CF','','2025-11-26 19:30:02','2025-11-26 19:30:02'),(8483,55,41,'CF','','2025-11-26 19:30:22','2025-11-26 19:30:22'),(8485,55,42,'PC','','2025-11-26 19:41:19','2025-11-26 19:41:19'),(8487,55,43,'PC','','2025-11-26 19:41:33','2025-11-26 19:41:33'),(8491,55,44,'PC','','2025-11-26 19:42:39','2025-11-26 19:42:39'),(8493,55,45,'PC','','2025-11-26 19:42:50','2025-11-26 19:42:50'),(8494,55,306,'PC','','2025-11-26 19:43:39','2025-11-26 19:43:39'),(8496,55,307,'PC','','2025-11-26 19:45:24','2025-11-26 19:45:24'),(8498,55,308,'CF','','2025-11-26 19:46:08','2025-11-26 19:46:08'),(8500,55,46,'NE','','2025-11-26 19:46:17','2025-11-26 19:46:17'),(8502,55,47,'NE','','2025-11-26 19:46:23','2025-11-26 19:46:23'),(8503,55,48,'NE','','2025-11-26 19:46:27','2025-11-26 19:46:27'),(8505,55,49,'NE','','2025-11-26 19:46:33','2025-11-26 19:46:33'),(8507,55,456,'CF','Ficaram de confirmar o nome da empresa, mas tem uma empresa especfica que os atende 1x por ms.','2025-11-26 19:46:42','2025-11-26 19:46:42'),(8512,55,457,'CF','','2025-11-26 19:47:19','2025-11-26 19:47:19'),(8513,55,458,'PC','A rea externa possui moscas e por ser ambiente aberto atrai pragas e vetores.','2025-11-26 19:48:02','2025-11-26 19:48:02'),(8522,55,459,'NE','','2025-11-26 19:48:49','2025-11-26 19:48:49'),(8523,55,56,'NE','','2025-11-26 19:48:55','2025-11-26 19:48:55'),(8524,55,57,'NE','','2025-11-26 19:49:00','2025-11-26 19:49:00'),(8526,55,58,'NE','','2025-11-26 19:49:06','2025-11-26 19:49:06'),(8528,55,59,'NE','','2025-11-26 19:49:14','2025-11-26 19:49:14'),(8530,55,309,'NE','','2025-11-26 19:49:23','2025-11-26 19:49:23'),(8532,55,310,'NE','','2025-11-26 19:49:33','2025-11-26 19:49:33'),(8534,55,311,'NE','','2025-11-26 19:49:40','2025-11-26 19:49:40'),(8536,55,312,'NE','','2025-11-26 19:49:48','2025-11-26 19:49:48'),(8538,55,313,'NE','','2025-11-26 19:49:55','2025-11-26 19:49:55'),(8540,55,314,'NE','','2025-11-26 19:50:02','2025-11-26 19:50:02'),(8542,55,315,'NE','','2025-11-26 19:50:12','2025-11-26 19:50:12'),(8544,55,316,'NE','','2025-11-26 19:50:29','2025-11-26 19:50:29'),(8546,55,60,'CF','','2025-11-26 19:50:41','2025-11-26 19:50:41'),(8548,55,61,'NC','Vrios funcionrios ainda utilizam adornos, piercing...','2025-11-26 19:50:53','2025-11-26 19:50:53'),(8556,55,62,'NC','Vrios funcionrios de barba e bigode.','2025-11-26 19:51:23','2025-11-26 19:51:23'),(8562,55,63,'PC','','2025-11-26 19:51:49','2025-11-26 19:51:49'),(8564,55,64,'NC','Ainda esto adaptando as pias, no existe pia exclusiva.','2025-11-26 19:52:01','2025-11-26 19:52:01'),(8567,55,65,'NE','No ','2025-11-26 19:52:22','2025-11-26 19:52:22'),(8580,55,66,'PC','Ainda esto adaptando as pias.','2025-11-26 19:53:31','2025-11-26 19:53:31'),(8583,55,67,'NC','Ainda no foi realizado oficina de lavagem de mos,  preciso determinar o uso das pias para lavagem das mos.','2025-11-26 19:53:51','2025-11-26 19:53:51'),(8590,55,68,'NE','Em algumas pias tem papel toalha e sabonete, mas a pia no est exclusiva para higienizao das mos.','2025-11-26 19:54:57','2025-11-26 19:54:57'),(8596,55,69,'NC','Funcionrios trabalhando com suas prprias roupas (at shorts). Todos precisam estar devidamente uniformizados.','2025-11-26 19:55:36','2025-11-26 19:55:36'),(8602,55,15,'PC','','2025-11-26 19:56:25','2025-11-26 19:56:25'),(8604,55,16,'NE','Ainda no fazem esse procedimento. Ser implementado, juntamente com uma oficina de higienizao de Hortifruti ','2025-11-26 19:56:44','2025-11-26 19:56:44'),(8610,55,17,'NE','Lavam com gua, mas ainda no  utilizado o sanitizante, ento no  feito um novo enxgue.','2025-11-26 19:57:22','2025-11-26 19:57:22'),(8613,55,18,'NE','Ainda no tem utenslios exclusivos para essa finalidade.','2025-11-26 19:58:51','2025-11-26 19:58:51'),(8617,55,24,'NE','A planilha de temperatura comeou a ser implementada hoje. Iro comear o preenchimento das planilhas de acompanhamento de temperatura.','2025-11-26 20:00:39','2025-11-26 20:00:39'),(8621,55,25,'PC','Esto buscando deixar mais organizado, mas ainda d pra melhorar. Tambm  preciso realizar a limpeza dos equipamentos.','2025-11-26 20:01:46','2025-11-26 20:01:46'),(8629,55,26,'NE','Hoje esto comeando com as planilhas. Mas os termmetros ainda precisam ser calibrados.','2025-11-26 20:02:36','2025-11-26 20:02:36'),(8635,55,27,'CF','','2025-11-26 20:03:28','2025-11-26 20:03:28'),(8637,55,28,'PC','Esto tentando organizar dessa forma','2025-11-26 20:03:36','2025-11-26 20:03:36'),(8639,55,1,'NE','','2025-11-26 20:03:54','2025-11-26 20:03:54'),(8641,55,2,'NE','Ainda no existe uma planilha de controle de recebimento.','2025-11-26 20:04:05','2025-11-26 20:04:05'),(8653,55,3,'PC','','2025-11-26 20:05:04','2025-11-26 20:05:04'),(8656,55,4,'NE','','2025-11-26 20:05:18','2025-11-26 20:05:18'),(8658,55,5,'CF','','2025-11-26 20:05:29','2025-11-26 20:05:29'),(8659,55,6,'PC','A organizao ainda precisa de melhorias ','2025-11-26 20:05:39','2025-11-26 20:05:39'),(8662,55,7,'NE','Esse controle de temperatura e conferncia ainda no  realizado ','2025-11-26 20:06:07','2025-11-26 20:06:07'),(8667,55,8,'NE','Tem 2 responsveis, mas ainda no tem preenchimento de planilha.','2025-11-26 20:06:32','2025-11-26 20:06:32'),(8672,55,50,'NC','Fica armazenado na rea externa, em rea sem cobertura.','2025-11-26 20:06:58','2025-11-26 20:06:58'),(8676,55,51,'NC','Havia lixeiras com resto de comida e sujeira','2025-11-26 20:07:20','2025-11-26 20:07:20'),(8680,55,52,'PC','Dentro das reas de manipulao e salo so retirados aps o expediente. Mas na rea externa permanecem at colocarem nas lixeiras que trazem da rua.','2025-11-26 20:07:45','2025-11-26 20:07:45'),(8690,55,304,'NE','','2025-11-26 20:09:07','2025-11-26 20:09:07'),(8692,55,305,'NC','Ainda temos lixeiras quebradas, (sem tampa, com pedal danificado) com abertura nas tampas.','2025-11-26 20:09:17','2025-11-26 20:09:17'),(8699,55,317,'PC','','2025-11-26 20:10:17','2025-11-26 20:10:17'),(8701,55,450,'NE','','2025-11-26 20:10:25','2025-11-26 20:10:25'),(8703,55,451,'NE','','2025-11-26 20:10:28','2025-11-26 20:10:28'),(8705,55,452,'NE','','2025-11-26 20:10:35','2025-11-26 20:10:35'),(8707,55,453,'NE','','2025-11-26 20:10:38','2025-11-26 20:10:38'),(8709,55,454,'NE','','2025-11-26 20:10:42','2025-11-26 20:10:42'),(8711,55,455,'NE','','2025-11-26 20:10:45','2025-11-26 20:10:45'),(8713,55,53,'CF','Relataram que tem empresa especfica realizando esse servio.','2025-11-26 20:10:53','2025-11-26 20:10:53'),(8716,55,54,'CF','A princpio 1x ao ms.','2025-11-26 20:11:13','2025-11-26 20:11:13'),(8721,55,55,'PC','Na rea externa ainda h pragas.','2025-11-26 20:11:27','2025-11-26 20:11:27'),(8728,56,460,'CF','','2025-11-27 12:15:11','2025-11-27 12:15:11'),(8729,56,461,'PC','','2025-11-27 12:15:20','2025-11-27 12:15:20'),(8730,56,462,'CF','','2025-11-27 12:15:32','2025-11-27 12:15:32'),(8731,56,463,'CF','','2025-11-27 12:15:36','2025-11-27 12:15:36'),(8732,56,464,'CF','','2025-11-27 12:15:42','2025-11-27 12:15:42'),(8733,56,465,'CF','','2025-11-27 12:15:46','2025-11-27 12:15:46'),(8734,56,466,'CF','','2025-11-27 12:15:57','2025-11-27 12:15:57'),(8735,56,467,'PC','','2025-11-27 12:16:01','2025-11-27 12:16:01'),(8736,56,468,'CF','','2025-11-27 12:16:05','2025-11-27 12:16:05'),(8737,56,469,'CF','','2025-11-27 12:16:10','2025-11-27 12:16:10'),(8738,56,470,'CF','','2025-11-27 12:16:14','2025-11-27 12:16:14'),(8739,56,471,'CF','','2025-11-27 12:16:17','2025-11-27 12:16:17'),(8740,56,20,'PC','','2025-11-27 12:16:30','2025-11-27 12:16:30'),(8741,56,21,'CF','','2025-11-27 12:16:35','2025-11-27 12:16:35'),(8742,56,22,'CF','','2025-11-27 12:16:39','2025-11-27 12:16:39'),(8743,56,23,'CF','','2025-11-27 12:16:43','2025-11-27 12:16:43'),(8744,56,34,'PC','','2025-11-27 12:16:58','2025-11-27 12:16:58'),(8745,56,35,'PC','','2025-11-27 12:17:08','2025-11-27 12:17:08'),(8746,56,36,'CF','','2025-11-27 12:17:29','2025-11-27 12:17:29'),(8747,56,37,'CF','','2025-11-27 12:17:31','2025-11-27 12:17:31'),(8748,56,38,'CF','','2025-11-27 12:17:45','2025-11-27 12:17:45'),(8749,56,39,'CF','','2025-11-27 12:17:47','2025-11-27 12:17:47'),(8750,56,40,'CF','','2025-11-27 12:17:50','2025-11-27 12:17:50'),(8751,56,41,'CF','','2025-11-27 12:17:53','2025-11-27 12:17:53'),(8752,56,42,'PC','','2025-11-27 12:18:10','2025-11-27 12:18:10'),(8753,56,43,'CF','','2025-11-27 12:18:17','2025-11-27 12:18:17'),(8754,56,44,'CF','','2025-11-27 12:18:21','2025-11-27 12:18:21'),(8755,56,45,'CF','','2025-11-27 12:18:32','2025-11-27 12:18:32'),(8756,56,306,'PC','','2025-11-27 12:18:49','2025-11-27 12:18:49'),(8757,56,307,'CF','','2025-11-27 12:18:58','2025-11-27 12:18:58'),(8758,56,308,'PC','','2025-11-27 12:19:10','2025-11-27 12:19:10'),(8759,56,46,'NE','','2025-11-27 12:19:16','2025-11-27 12:19:16'),(8760,56,47,'NE','','2025-11-27 12:19:19','2025-11-27 12:19:19'),(8761,56,48,'NE','','2025-11-27 12:19:21','2025-11-27 12:19:21'),(8762,56,49,'NE','','2025-11-27 12:19:26','2025-11-27 12:19:26'),(8765,56,456,'CF','','2025-11-27 12:19:40','2025-11-27 12:19:40'),(8766,56,457,'CF','','2025-11-27 12:19:44','2025-11-27 12:19:44'),(8767,56,458,'CF','','2025-11-27 12:19:48','2025-11-27 12:19:48'),(8768,56,459,'CF','','2025-11-27 12:19:55','2025-11-27 12:19:55'),(8769,56,56,'NE','','2025-11-27 12:20:01','2025-11-27 12:20:01'),(8770,56,57,'NE','','2025-11-27 12:20:03','2025-11-27 12:20:03'),(8771,56,58,'NE','','2025-11-27 12:20:05','2025-11-27 12:20:05'),(8772,56,59,'NE','','2025-11-27 12:20:08','2025-11-27 12:20:08'),(8773,56,309,'NE','','2025-11-27 12:20:10','2025-11-27 12:20:10'),(8774,56,310,'NE','','2025-11-27 12:20:12','2025-11-27 12:20:12'),(8775,56,311,'NE','','2025-11-27 12:20:14','2025-11-27 12:20:14'),(8776,56,312,'NE','','2025-11-27 12:20:17','2025-11-27 12:20:17'),(8777,56,313,'NE','','2025-11-27 12:20:19','2025-11-27 12:20:19'),(8778,56,314,'NE','','2025-11-27 12:20:22','2025-11-27 12:20:22'),(8779,56,315,'NE','','2025-11-27 12:20:24','2025-11-27 12:20:24'),(8780,56,316,'NE','','2025-11-27 12:20:26','2025-11-27 12:20:26'),(8781,56,60,'NC','','2025-11-27 12:20:40','2025-11-27 12:20:40'),(8782,56,61,'NC','','2025-11-27 12:20:44','2025-11-27 12:20:44'),(8783,56,62,'PC','','2025-11-27 12:20:49','2025-11-27 12:20:49'),(8785,56,63,'CF','','2025-11-27 12:20:59','2025-11-27 12:20:59'),(8786,56,64,'PC','','2025-11-27 12:21:14','2025-11-27 12:21:14'),(8790,56,65,'PC','','2025-11-27 12:21:21','2025-11-27 12:21:21'),(8791,56,66,'CF','','2025-11-27 12:21:26','2025-11-27 12:21:26'),(8792,56,67,'PC','','2025-11-27 12:21:35','2025-11-27 12:21:35'),(8793,56,68,'CF','','2025-11-27 12:21:42','2025-11-27 12:21:42'),(8794,56,69,'CF','','2025-11-27 12:21:45','2025-11-27 12:21:45'),(8795,56,15,'CF','','2025-11-27 12:21:50','2025-11-27 12:21:50'),(8796,56,16,'CF','','2025-11-27 12:21:52','2025-11-27 12:21:52'),(8797,56,17,'CF','','2025-11-27 12:21:56','2025-11-27 12:21:56'),(8798,56,18,'CF','','2025-11-27 12:21:58','2025-11-27 12:21:58'),(8799,56,24,'CF','','2025-11-27 12:22:00','2025-11-27 12:22:00'),(8800,56,25,'CF','','2025-11-27 12:22:02','2025-11-27 12:22:02'),(8801,56,26,'CF','','2025-11-27 12:22:04','2025-11-27 12:22:04'),(8802,56,27,'CF','','2025-11-27 12:22:06','2025-11-27 12:22:06'),(8803,56,28,'CF','','2025-11-27 12:22:09','2025-11-27 12:22:09'),(8804,56,1,'CF','','2025-11-27 12:22:19','2025-11-27 12:22:19'),(8805,56,2,'CF','','2025-11-27 12:22:32','2025-11-27 12:22:32'),(8806,56,3,'CF','','2025-11-27 12:22:44','2025-11-27 12:22:44'),(8807,56,4,'NE','','2025-11-27 12:22:50','2025-11-27 12:22:50'),(8808,56,5,'CF','','2025-11-27 12:22:59','2025-11-27 12:22:59'),(8810,56,6,'PC','','2025-11-27 12:23:21','2025-11-27 12:23:21'),(8812,56,7,'CF','','2025-11-27 12:23:36','2025-11-27 12:23:36'),(8813,56,8,'CF','','2025-11-27 12:23:41','2025-11-27 12:23:41'),(8814,56,50,'PC','','2025-11-27 12:23:55','2025-11-27 12:23:55'),(8815,56,51,'PC','','2025-11-27 12:24:01','2025-11-27 12:24:01'),(8816,56,52,'CF','','2025-11-27 12:24:04','2025-11-27 12:24:04'),(8817,56,304,'CF','','2025-11-27 12:24:08','2025-11-27 12:24:08'),(8818,56,305,'CF','','2025-11-27 12:24:11','2025-11-27 12:24:11'),(8819,56,317,'CF','','2025-11-27 12:24:22','2025-11-27 12:24:22'),(8820,56,450,'NE','','2025-11-27 12:24:29','2025-11-27 12:24:29'),(8821,56,451,'NE','','2025-11-27 12:24:32','2025-11-27 12:24:32'),(8822,56,452,'NE','','2025-11-27 12:24:34','2025-11-27 12:24:34'),(8823,56,453,'NE','','2025-11-27 12:24:35','2025-11-27 12:24:35'),(8824,56,454,'NE','','2025-11-27 12:24:37','2025-11-27 12:24:37'),(8825,56,455,'NE','','2025-11-27 12:24:39','2025-11-27 12:24:39'),(8826,56,53,'CF','','2025-11-27 12:24:42','2025-11-27 12:24:42'),(8827,56,54,'CF','','2025-11-27 12:24:56','2025-11-27 12:24:56'),(8828,56,55,'PC','','2025-11-27 12:24:59','2025-11-27 12:24:59'),(8862,54,15,'NE','','2025-11-27 16:53:36','2025-11-27 16:53:36'),(8880,54,304,'CF','','2025-11-27 16:57:57','2025-11-27 16:57:57'),(8881,54,305,'CF','','2025-11-27 16:58:00','2025-11-27 16:58:00'),(8882,54,317,'CF','','2025-11-27 16:58:04','2025-11-27 16:58:04'),(8883,54,450,'PC','O ar condicionado funciona bem, mas precisamos reduzir a temperatura ambiente para manipulao (conforme exigido pelo SIM de Rolndia, 10C). ','2025-11-27 16:58:10','2025-11-27 16:58:10'),(8888,54,451,'CF','','2025-11-27 16:58:55','2025-11-27 16:58:55'),(8889,54,452,'CF','','2025-11-27 16:59:00','2025-11-27 16:59:00'),(8890,54,453,'CF','','2025-11-27 16:59:03','2025-11-27 16:59:03'),(8891,54,454,'CF','','2025-11-27 16:59:06','2025-11-27 16:59:06'),(8892,54,455,'CF','','2025-11-27 16:59:09','2025-11-27 16:59:09'),(8893,54,53,'CF','','2025-11-27 16:59:13','2025-11-27 16:59:13'),(8894,54,54,'PC','','2025-11-27 16:59:16','2025-11-27 16:59:16'),(8895,54,55,'NC','','2025-11-27 16:59:21','2025-11-27 16:59:21'),(8897,57,460,'PC','Colocam em uma cmara fria, mas ela  de congelamento e no resfriamento, ento fica aberta. J esto providenciando o ajuste, tcnico veio essa semana, mas precisar vir de novo, pois o ajuste no foi funcional.','2025-11-27 18:54:55','2025-11-27 18:54:55'),(8904,57,461,'PC','No so todos alimentos que so manipulados no mesmo local, mas usam a mesma bancada para preparos de outros produtos tambm. ','2025-11-27 18:57:00','2025-11-27 18:57:00'),(8924,57,462,'PC','Hambrgueres possuem etiquetas. Mas quando sobra algum produto, esto sendo colocados em recipientes e levados para refrigerador. Mas precisa ser etiquetado tambm.','2025-11-27 18:59:58','2025-11-27 18:59:58'),(8934,57,463,'PC','So usados recipientes cobertos por plsticos filmes.','2025-11-27 19:01:37','2025-11-27 19:01:37'),(8939,57,464,'PC','Esto retirando as carnes somente no momento do uso. Mas ainda no tem controle de temperatura sendo realizado.','2025-11-27 19:02:16','2025-11-27 19:02:16'),(8943,57,465,'NC','Esse procedimento no  realizado. Aps os produtos serem recebidos, so colocados direto na cmara fria.','2025-11-27 19:03:45','2025-11-27 19:03:45'),(8952,57,466,'PC','','2025-11-27 19:04:53','2025-11-27 19:04:53'),(8953,57,467,'PC','','2025-11-27 19:04:56','2025-11-27 19:04:56'),(8954,57,468,'PC','','2025-11-27 19:04:58','2025-11-27 19:04:58'),(8955,57,469,'PC','','2025-11-27 19:05:01','2025-11-27 19:05:01'),(8956,57,470,'PC','','2025-11-27 19:05:03','2025-11-27 19:05:03'),(8957,57,471,'NC','','2025-11-27 19:05:07','2025-11-27 19:05:07'),(8958,57,20,'PC','Alguns ambientes esto com a temperatura adequada. Mas esse ar na sala de pr preparo no est suprindo o calor, ambiente quente. Necessrio verificar se o ar est funcionando perfeitamente.','2025-11-27 19:05:25','2025-11-27 19:05:25'),(8959,57,21,'PC','Reorganizaram o local onde fica o estoque seco, mas os pes no podem ficar em caixas de papelo. Precisam estar em estrados ou caixas brancas.','2025-11-27 19:06:31','2025-11-27 19:06:31'),(8978,57,22,'PC','Ainda temos produtos em contato com o cho e parede. Isso no deve ocorrer.','2025-11-27 19:09:59','2025-11-27 19:09:59'),(8983,57,23,'NE','Esse procedimento ainda no est realizado','2025-11-27 19:10:56','2025-11-27 19:10:56'),(8989,57,34,'PC','Temos equipamentos com sujeira visvel.','2025-11-27 19:11:46','2025-11-27 19:11:46'),(8993,57,35,'PC','','2025-11-27 19:14:12','2025-11-27 19:14:12'),(8997,57,36,'NC','No esto separados por reas, no tem nenhuma identificao para separao entre ambientes.','2025-11-27 19:14:32','2025-11-27 19:14:32'),(9004,57,37,'PC','Realizam a higienizao, mas  preciso organizar um cronograma de limpeza.','2025-11-27 19:15:58','2025-11-27 19:15:58'),(9009,57,38,'CF','','2025-11-27 19:17:22','2025-11-27 19:17:22'),(9011,57,39,'PC','Algumas lixeiras j foram substitudas, mas ainda temos algumas com pedal quebrado.','2025-11-27 19:18:29','2025-11-27 19:18:29'),(9016,57,40,'CF','No dia da auditoria as reas de circulao no estavam obstrudas, havia espao para circular.','2025-11-27 19:19:33','2025-11-27 19:19:33'),(9025,57,41,'NC','Ainda temos a presena de moscas no processo de produo.','2025-11-27 19:20:19','2025-11-27 19:20:19'),(9032,57,42,'PC','','2025-11-27 19:20:51','2025-11-27 19:20:51'),(9034,57,43,'PC','','2025-11-27 19:21:02','2025-11-27 19:21:02'),(9036,57,44,'CF','','2025-11-27 19:21:16','2025-11-27 19:21:16'),(9038,57,45,'PC','J temos algumas cores separadas, mas no todas','2025-11-27 19:22:18','2025-11-27 19:22:18'),(9044,57,306,'PC','','2025-11-27 19:22:52','2025-11-27 19:22:52'),(9045,57,307,'PC','','2025-11-27 19:24:09','2025-11-27 19:24:09'),(9047,57,308,'PC','','2025-11-27 19:24:31','2025-11-27 19:24:31'),(9049,57,46,'NE','','2025-11-27 19:24:57','2025-11-27 19:24:57'),(9054,57,47,'NE','','2025-11-27 19:25:48','2025-11-27 19:25:48'),(9055,57,48,'NE','','2025-11-27 19:26:18','2025-11-27 19:26:18'),(9057,57,49,'NE','','2025-11-27 19:26:31','2025-11-27 19:26:31'),(9059,57,456,'CF','','2025-11-27 19:26:40','2025-11-27 19:26:40'),(9061,57,457,'CF','Esto realizando visita 1x ao ms.','2025-11-27 19:26:48','2025-11-27 19:26:48'),(9066,57,458,'PC','Ainda temos presena de pragas.','2025-11-27 19:27:06','2025-11-27 19:27:06'),(9070,57,459,'NE','Ainda  preciso providenciar as armadilhas.','2025-11-27 19:27:30','2025-11-27 19:27:30'),(9073,57,56,'NE','','2025-11-27 19:27:45','2025-11-27 19:27:45'),(9075,57,57,'NE','','2025-11-27 19:27:53','2025-11-27 19:27:53'),(9076,57,58,'NE','','2025-11-27 19:27:56','2025-11-27 19:27:56'),(9077,57,59,'NE','','2025-11-27 19:28:00','2025-11-27 19:28:00'),(9078,57,309,'NE','','2025-11-27 19:28:03','2025-11-27 19:28:03'),(9079,57,310,'NE','','2025-11-27 19:28:07','2025-11-27 19:28:07'),(9080,57,311,'NE','','2025-11-27 19:28:09','2025-11-27 19:28:09'),(9081,57,312,'NE','','2025-11-27 19:28:13','2025-11-27 19:28:13'),(9082,57,313,'NE','','2025-11-27 19:28:16','2025-11-27 19:28:16'),(9083,57,314,'NE','','2025-11-27 19:28:19','2025-11-27 19:28:19'),(9084,57,315,'NE','','2025-11-27 19:28:22','2025-11-27 19:28:22'),(9085,57,316,'NE','','2025-11-27 19:28:27','2025-11-27 19:28:27'),(9086,57,60,'CF','','2025-11-27 19:28:37','2025-11-27 19:28:37'),(9087,57,61,'NC','Ainda temos funcionrios usando adornos.','2025-11-27 19:28:45','2025-11-27 19:28:45'),(9089,57,62,'PC','No dia da auditoria estavam ser barba','2025-11-27 19:29:43','2025-11-27 19:29:43'),(9093,57,63,'NC','Havia um funcionrio da Ita recolhendo leo, sem uso de touca.','2025-11-27 19:30:14','2025-11-27 19:30:14'),(9095,57,64,'PC','No processo somente temos uma pia exclusiva, mas no est sendo usada para lavagem de mos.\n','2025-11-27 19:30:23','2025-11-27 19:30:23'),(9103,57,65,'NC','','2025-11-27 19:32:20','2025-11-27 19:32:20'),(9105,57,66,'PC','Lavam as mos em outras pias, mas no em uma especfica.','2025-11-27 19:32:54','2025-11-27 19:32:54'),(9120,57,67,'NE','','2025-11-27 19:35:08','2025-11-27 19:35:08'),(9122,57,68,'NC','Papel toalha tem, mas sabonete no. No entanto a pia no est sendo utilizada para lavar as mos.','2025-11-27 19:35:28','2025-11-27 19:35:28'),(9126,57,69,'PC','','2025-11-27 19:36:13','2025-11-27 19:36:13'),(9128,57,15,'PC','Estamos implementando o uso de sanitizante ','2025-11-27 19:36:43','2025-11-27 19:36:43'),(9132,57,16,'PC','','2025-11-27 19:37:08','2025-11-27 19:37:08'),(9134,57,17,'PC','','2025-11-27 19:37:35','2025-11-27 19:37:35'),(9136,57,18,'PC','Ainda no tem utenslios exclusivos para essa finalidade.','2025-11-27 19:37:40','2025-11-27 19:37:40'),(9140,57,24,'PC','Ainda no est sendo realizado o controle de temperatura dos equipamentos.','2025-11-27 19:38:39','2025-11-27 19:38:39'),(9148,57,25,'NC','Precisa ser realizada a limpeza dos equipamentos.\nAinda temos caixas de papelo (com excesso da caixa de sorvete.\nProdutos prontos ainda misturados.','2025-11-27 19:39:25','2025-11-27 19:39:25'),(9169,57,26,'NE','Ainda esto providenciando os termmetros ','2025-11-27 19:42:07','2025-11-27 19:42:07'),(9173,57,27,'NC','Produtos crus sendo colocados junto com produtos prontos para consumo. Colocados em recipientes, sem identificao.\nProdutos sendo armazenados com sacolas.','2025-11-27 19:43:29','2025-11-27 19:43:29'),(9183,57,28,'NC','','2025-11-27 19:45:10','2025-11-27 19:45:10'),(9185,57,1,'NE','','2025-11-27 19:45:21','2025-11-27 19:45:21'),(9186,57,2,'NE','Ainda no realizao esse procedimento','2025-11-27 19:45:25','2025-11-27 19:45:25'),(9190,57,3,'PC','','2025-11-27 19:45:49','2025-11-27 19:45:49'),(9192,58,460,'CF','','2025-11-27 19:48:07','2025-11-27 19:48:07'),(9194,58,461,'CF','','2025-11-27 19:48:37','2025-11-27 19:48:37'),(9195,58,462,'CF','','2025-11-27 19:48:42','2025-11-27 19:48:42'),(9196,58,464,'CF','','2025-11-27 19:50:07','2025-11-27 19:50:07'),(9197,58,465,'CF','','2025-11-27 19:50:16','2025-11-27 19:50:16'),(9198,58,466,'CF','','2025-11-27 19:50:22','2025-11-27 19:50:22'),(9199,58,467,'CF','','2025-11-27 19:50:28','2025-11-27 19:50:28'),(9200,58,468,'CF','','2025-11-27 19:50:31','2025-11-27 19:50:31'),(9201,58,469,'CF','','2025-11-27 19:50:35','2025-11-27 19:50:35'),(9202,58,470,'CF','','2025-11-27 19:50:40','2025-11-27 19:50:40'),(9203,58,471,'CF','','2025-11-27 19:50:59','2025-11-27 19:50:59'),(9204,58,20,'CF','','2025-11-27 19:51:07','2025-11-27 19:51:07'),(9207,58,21,'CF','','2025-11-27 19:51:59','2025-11-27 19:51:59'),(9208,57,4,'NE','','2025-11-27 19:52:06','2025-11-27 19:52:06'),(9212,57,5,'PC','','2025-11-27 19:53:01','2025-11-27 19:53:01'),(9214,58,22,'CF','','2025-11-27 19:53:09','2025-11-27 19:53:09'),(9215,57,6,'PC','','2025-11-27 19:53:14','2025-11-27 19:53:14'),(9217,58,23,'CF','','2025-11-27 19:53:20','2025-11-27 19:53:20'),(9218,57,7,'NE','No realizam essa conferncia atualmente.','2025-11-27 19:53:30','2025-11-27 19:53:30'),(9220,58,34,'CF','Utenslios super limpos! Parabns!','2025-11-27 19:53:34','2025-11-27 19:53:34'),(9222,57,8,'NE','','2025-11-27 19:53:42','2025-11-27 19:53:42'),(9225,57,50,'PC','','2025-11-27 19:53:55','2025-11-27 19:53:55'),(9231,57,51,'PC',' preciso estabelecer rotina de lavagem de lixeiras.','2025-11-27 19:54:37','2025-11-27 19:54:37'),(9233,58,35,'CF','','2025-11-27 19:54:39','2025-11-27 19:54:39'),(9236,57,52,'CF','','2025-11-27 19:54:54','2025-11-27 19:54:54'),(9239,57,304,'PC','','2025-11-27 19:55:09','2025-11-27 19:55:09'),(9242,58,36,'CF','Precisamos pensar em como cobrir estes utenslios!','2025-11-27 19:55:20','2025-11-27 19:55:20'),(9249,58,37,'CF','','2025-11-27 19:56:01','2025-11-27 19:56:01'),(9250,58,38,'CF','','2025-11-27 19:56:05','2025-11-27 19:56:05'),(9251,58,39,'PC','','2025-11-27 19:56:17','2025-11-27 19:56:17'),(9252,57,305,'PC','Alguns funcionam, mas ainda tem lixeiras que precisam ser substitudas ','2025-11-27 19:57:06','2025-11-27 19:57:06'),(9255,58,40,'CF','','2025-11-27 19:57:19','2025-11-27 19:57:19'),(9256,58,41,'CF','','2025-11-27 19:57:25','2025-11-27 19:57:25'),(9258,57,317,'PC','Usam o mesmo local de entrada e sada','2025-11-27 19:57:35','2025-11-27 19:57:35'),(9260,58,42,'CF','','2025-11-27 19:57:39','2025-11-27 19:57:39'),(9264,57,450,'NE','','2025-11-27 19:58:03','2025-11-27 19:58:03'),(9265,57,451,'NE','','2025-11-27 19:58:06','2025-11-27 19:58:06'),(9266,57,452,'NE','','2025-11-27 19:58:09','2025-11-27 19:58:09'),(9267,57,453,'NE','','2025-11-27 19:58:12','2025-11-27 19:58:12'),(9268,57,454,'NE','','2025-11-27 19:58:15','2025-11-27 19:58:15'),(9269,57,455,'NE','','2025-11-27 19:58:18','2025-11-27 19:58:18'),(9271,57,53,'CF','','2025-11-27 19:58:26','2025-11-27 19:58:26'),(9272,57,54,'CF','1x ao ms ','2025-11-27 19:58:31','2025-11-27 19:58:31'),(9273,58,43,'CF','','2025-11-27 19:58:31','2025-11-27 19:58:31'),(9275,58,44,'CF','','2025-11-27 19:58:38','2025-11-27 19:58:38'),(9276,57,55,'PC','','2025-11-27 19:58:41','2025-11-27 19:58:41'),(9278,58,45,'CF','Chefinho! Adorei a notcia das tbuas pretas novas!!','2025-11-27 19:58:44','2025-11-27 19:58:44'),(9286,58,306,'CF','Geladeiras','2025-11-27 20:00:04','2025-11-27 20:00:04'),(9289,58,307,'CF','','2025-11-27 20:00:20','2025-11-27 20:00:20'),(9291,58,308,'CF','','2025-11-27 20:00:39','2025-11-27 20:00:39'),(9292,58,46,'NE','','2025-11-27 20:00:46','2025-11-27 20:00:46'),(9293,58,47,'NE','','2025-11-27 20:00:48','2025-11-27 20:00:48'),(9294,58,48,'NE','','2025-11-27 20:00:51','2025-11-27 20:00:51'),(9295,58,49,'NE','','2025-11-27 20:00:53','2025-11-27 20:00:53'),(9296,58,456,'CF','Momento de renovar a dedetizao!','2025-11-27 20:00:58','2025-11-27 20:00:58'),(9301,58,457,'PC','','2025-11-27 20:02:19','2025-11-27 20:02:19'),(9302,58,458,'CF','','2025-11-27 20:02:29','2025-11-27 20:02:29'),(9303,58,459,'NE','As armadilhas deveriam estar em cima das portas!','2025-11-27 20:02:51','2025-11-27 20:02:51'),(9308,58,56,'NE','','2025-11-27 20:03:33','2025-11-27 20:03:33'),(9309,58,57,'NE','','2025-11-27 20:03:41','2025-11-27 20:03:41'),(9310,58,58,'NE','','2025-11-27 20:03:51','2025-11-27 20:03:51'),(9311,58,59,'NE','','2025-11-27 20:03:53','2025-11-27 20:03:53'),(9312,58,309,'NE','','2025-11-27 20:03:55','2025-11-27 20:03:55'),(9313,58,310,'NE','','2025-11-27 20:03:57','2025-11-27 20:03:57'),(9314,58,311,'NE','','2025-11-27 20:04:21','2025-11-27 20:04:21'),(9315,58,312,'NE','','2025-11-27 20:04:24','2025-11-27 20:04:24'),(9316,58,313,'NE','','2025-11-27 20:04:29','2025-11-27 20:04:29'),(9317,58,314,'NE','','2025-11-27 20:04:32','2025-11-27 20:04:32'),(9318,58,315,'NE','','2025-11-27 20:04:36','2025-11-27 20:04:36'),(9319,58,316,'NE','','2025-11-27 20:04:42','2025-11-27 20:04:42'),(9320,58,60,'CF','','2025-11-27 20:04:51','2025-11-27 20:04:51'),(9322,58,61,'CF','','2025-11-27 20:05:15','2025-11-27 20:05:15'),(9326,58,62,'CF','','2025-11-27 20:09:01','2025-11-27 20:09:01'),(9327,58,63,'CF','','2025-11-27 20:09:19','2025-11-27 20:09:19'),(9328,58,64,'NE','','2025-11-27 20:09:27','2025-11-27 20:09:27'),(9330,58,65,'PC','','2025-11-27 20:09:35','2025-11-27 20:09:35'),(9332,58,66,'CF','','2025-11-27 20:10:23','2025-11-27 20:10:23'),(9333,58,67,'CF','','2025-11-27 20:10:29','2025-11-27 20:10:29'),(9334,58,68,'CF','','2025-11-27 20:10:36','2025-11-27 20:10:36'),(9336,58,69,'CF','','2025-11-27 20:11:01','2025-11-27 20:11:01'),(9337,58,15,'CF','','2025-11-27 20:11:05','2025-11-27 20:11:05'),(9338,58,16,'CF','','2025-11-27 20:11:09','2025-11-27 20:11:09'),(9339,58,17,'CF','','2025-11-27 20:11:12','2025-11-27 20:11:12'),(9340,58,18,'CF','','2025-11-27 20:11:15','2025-11-27 20:11:15'),(9341,58,24,'CF','Est sendo feita corretamente! Parabns ','2025-11-27 20:11:22','2025-11-27 20:11:22'),(9347,58,25,'CF','','2025-11-27 20:15:06','2025-11-27 20:15:06'),(9349,58,26,'CF','','2025-11-27 20:17:30','2025-11-27 20:17:30'),(9351,58,27,'CF','','2025-11-27 20:18:04','2025-11-27 20:18:04'),(9352,58,28,'CF','','2025-11-27 20:18:11','2025-11-27 20:18:11'),(9354,58,1,'CF','','2025-11-27 20:20:00','2025-11-27 20:20:00'),(9356,58,2,'CF','','2025-11-27 20:20:35','2025-11-27 20:20:35'),(9357,58,3,'CF','','2025-11-27 20:21:04','2025-11-27 20:21:04'),(9358,58,4,'NE','','2025-11-27 20:21:14','2025-11-27 20:21:14'),(9361,58,5,'CF','','2025-11-27 20:21:31','2025-11-27 20:21:31'),(9362,58,6,'CF','','2025-11-27 20:21:54','2025-11-27 20:21:54'),(9363,58,7,'CF','','2025-11-27 20:22:03','2025-11-27 20:22:03'),(9364,58,8,'CF','','2025-11-27 20:22:16','2025-11-27 20:22:16'),(9365,58,50,'CF','','2025-11-27 20:22:21','2025-11-27 20:22:21'),(9366,58,51,'CF','','2025-11-27 20:22:25','2025-11-27 20:22:25'),(9367,58,52,'CF','','2025-11-27 20:22:29','2025-11-27 20:22:29'),(9368,58,304,'CF','','2025-11-27 20:22:35','2025-11-27 20:22:35'),(9369,58,305,'CF','','2025-11-27 20:22:38','2025-11-27 20:22:38'),(9371,58,450,'NE','','2025-11-27 20:24:29','2025-11-27 20:24:29'),(9372,58,451,'NE','','2025-11-27 20:24:36','2025-11-27 20:24:36'),(9373,58,452,'NE','','2025-11-27 20:24:53','2025-11-27 20:24:53'),(9374,58,453,'NE','','2025-11-27 20:24:56','2025-11-27 20:24:56'),(9375,58,454,'NE','','2025-11-27 20:24:58','2025-11-27 20:24:58'),(9376,58,455,'NE','','2025-11-27 20:25:01','2025-11-27 20:25:01'),(9377,58,53,'NE','','2025-11-27 20:25:03','2025-11-27 20:25:03'),(9378,58,54,'PC','','2025-11-27 20:25:12','2025-11-27 20:25:12'),(9379,58,55,'CF','','2025-11-27 20:25:58','2025-11-27 20:25:58'),(9380,59,460,'CF','','2025-11-28 14:37:32','2025-11-28 14:37:32'),(9381,59,461,'CF','','2025-11-28 14:37:41','2025-11-28 14:37:41'),(9382,59,462,'CF','','2025-11-28 14:37:44','2025-11-28 14:37:44'),(9383,59,463,'CF','','2025-11-28 14:37:47','2025-11-28 14:37:47'),(9385,59,464,'PC','Havia um pacote no refrigerador de autosservio com pontos de temperatura alta. Reforar a etapa de deixar os pacotes sempre na cmara fria antes de abastecer a seo (mnimo 30 minutos). Outros produtos do refrigerador estavam com temperatura correta.','2025-11-28 14:37:52','2025-11-28 14:37:52'),(9391,59,465,'CF','','2025-11-28 14:38:52','2025-11-28 14:38:52'),(9399,59,20,'PC','As embalagens esto bem protegidas em caixa plstica com tampa. Mas os molhos e a farinha de kibe podem ficar mais adequados com alguma proteo no estrado de madeira (pois depois so levados pro aougue, ficam em contato com as mesas de inox). Pensar em revestir o estrado ou ento ter uma grande caixa plstica tambm para estes itens da imagem. ','2025-11-28 14:39:17','2025-11-28 14:39:17'),(9407,60,460,'CF','','2025-11-28 14:52:34','2025-11-28 14:52:34'),(9408,60,461,'CF','','2025-11-28 14:52:37','2025-11-28 14:52:37'),(9410,60,462,'CF','','2025-11-28 14:52:41','2025-11-28 14:52:41'),(9412,60,463,'CF','','2025-11-28 14:52:45','2025-11-28 14:52:45'),(9426,59,21,'NC','O depsito  mantido limpo e as estantes so organizadas e com separao entre produtos de limpeza e alimentos. Porm, como h limitao de espao para o nvel de atividade que  realizada, a organizao do espao no geral fica comprometida (necessrio expandir para se adequar, h grande volume de freezers e geladeiras, espao dificultado para trabalhar com lixeiras e caixarias, espao comprometido para troca de botas, etc). No dia da avaliao, ao lado do freezer de carnes havia panos pendurados. ','2025-11-29 12:24:31','2025-11-29 12:24:31'),(9446,59,22,'CF','','2025-11-29 12:28:06','2025-11-29 12:28:06'),(9447,59,23,'CF','','2025-11-29 12:28:10','2025-11-29 12:28:10'),(9448,59,34,'PC','Os equipamentos da sala de manipulao estavam limpos e esto todos em bom estado de conservao (moedor, serra-fita, balco, cmara fria). A embaladora de carne moda foi deixada no depsito com restos de carne, conforme mostrado nas imagens. ','2025-11-29 12:28:14','2025-11-29 12:28:14'),(9462,59,35,'CF','','2025-11-29 12:31:06','2025-11-29 12:31:06'),(9463,59,36,'CF','Os utenslios esto bem conservados e separados para uso apenas no aougue. O nico ponto de ajuste  limpar melhor as escovas azuis usadas na limpeza de utenslios e equipamentos.','2025-11-29 12:31:11','2025-11-29 12:31:11'),(9469,59,37,'CF','','2025-11-29 12:32:06','2025-11-29 12:32:06'),(9470,59,38,'NE','','2025-11-29 12:32:09','2025-11-29 12:32:09'),(9471,59,39,'CF','','2025-11-29 12:32:15','2025-11-29 12:32:15'),(9472,59,40,'NC','Tanto a sala de manipulao como o depsito, h impedimento de circulao em alguns pontos, especialmente quando h mais pessoas no mesmo local. Isso por conta do espao limitado e a quantidade de instalaes e equipamentos nestes ambientes, conforme j mencionado anteriormente.  ','2025-11-29 12:32:33','2025-11-29 12:32:33'),(9484,59,41,'PC','Nesta visita havia menos moscas, mas ainda foi presenciado moscas na rea de atendimento e at tentando entrar na cmara fria. Indicado resfriar mais a rea de atendimento do aougue (ar condicionado no direcionado diretamente na mesa). ','2025-11-29 12:33:51','2025-11-29 12:33:51'),(9495,59,42,'CF','','2025-11-29 12:35:18','2025-11-29 12:35:18'),(9497,59,43,'CF','','2025-11-29 12:37:30','2025-11-29 12:37:30'),(9498,59,44,'CF','','2025-11-29 12:37:39','2025-11-29 12:37:39'),(9499,59,45,'NC','No temos tbuas de cores distintas, procura-se usar apenas uma para frango e outras para bovino e suno. Mas  necessrio distinguir melhor, inclusive as mesas, se possvel ','2025-11-29 12:38:04','2025-11-29 12:38:04'),(9501,59,306,'NE','','2025-11-29 12:38:14','2025-11-29 12:38:14'),(9502,59,307,'NE','','2025-11-29 12:38:21','2025-11-29 12:38:21'),(9503,59,308,'NE','','2025-11-29 12:38:23','2025-11-29 12:38:23'),(9504,59,46,'NE','','2025-11-29 12:38:27','2025-11-29 12:38:27'),(9505,59,47,'NE','','2025-11-29 12:38:31','2025-11-29 12:38:31'),(9506,59,48,'NE','','2025-11-29 12:38:34','2025-11-29 12:38:34'),(9507,59,49,'NE','','2025-11-29 12:38:56','2025-11-29 12:38:56'),(9508,59,456,'CF','','2025-11-29 12:39:00','2025-11-29 12:39:00'),(9509,59,457,'PC','A vistoria que deveria ter sido feita em agosto no foi feita, estando em atraso. Solicitada a renovao. ','2025-11-29 12:39:04','2025-11-29 12:39:04'),(9516,59,458,'PC','Conforme mencionado anteriormente,  necessrio reforar o controle de moscas. Os principais fatores so: rebaixar a temperatura da rea de atendimento do aougue, reforar a higienizao de maneira constante diariamente (j houve grande melhora) e evitar deixar carnes expostas, bem como tbuas e facas usadas na mesa. ','2025-11-29 12:39:36','2025-11-29 12:39:36'),(9524,59,459,'NC','Uma das armadilhas est sem funcionamento, sendo necessria a troca da lmpada e verificar se  necessrio algum tipo de conserto. ','2025-11-29 12:40:55','2025-11-29 12:40:55'),(9529,59,56,'NE','','2025-11-29 12:43:05','2025-11-29 12:43:05'),(9530,59,57,'NE','','2025-11-29 12:43:18','2025-11-29 12:43:18'),(9532,59,58,'NE','','2025-11-29 12:43:45','2025-11-29 12:43:45'),(9535,59,59,'NE','','2025-11-29 12:43:53','2025-11-29 12:43:53'),(9536,59,309,'NE','','2025-11-29 12:43:56','2025-11-29 12:43:56'),(9538,59,310,'NE','','2025-11-29 12:44:00','2025-11-29 12:44:00'),(9539,59,311,'CF','','2025-11-29 12:44:05','2025-11-29 12:44:05'),(9540,59,312,'NC','','2025-11-29 12:44:36','2025-11-29 12:44:36'),(9551,59,313,'NE','','2025-11-29 12:45:13','2025-11-29 12:45:13'),(9553,59,314,'NE','','2025-11-29 12:45:16','2025-11-29 12:45:16'),(9554,59,315,'NE','','2025-11-29 12:45:23','2025-11-29 12:45:23'),(9556,59,316,'NE','','2025-11-29 12:45:29','2025-11-29 12:45:29'),(9557,59,60,'CF','','2025-11-29 12:45:32','2025-11-29 12:45:32'),(9558,59,61,'CF','','2025-11-29 12:45:36','2025-11-29 12:45:36'),(9559,59,62,'CF','','2025-11-29 12:45:39','2025-11-29 12:45:39'),(9560,59,63,'CF','','2025-11-29 12:45:49','2025-11-29 12:45:49'),(9561,59,64,'CF','','2025-11-29 12:45:52','2025-11-29 12:45:52'),(9562,59,65,'PC','Dentro do setor de aougue h apenas 1 pia, usada tanto para as mos, como para utenslios. Mas h pia apenas para mos na rea externa (barreira sanitria).','2025-11-29 12:45:58','2025-11-29 12:45:58'),(9568,59,66,'CF','','2025-11-29 12:46:23','2025-11-29 12:46:23'),(9569,59,67,'CF','','2025-11-29 12:46:33','2025-11-29 12:46:33'),(9570,59,68,'CF','','2025-11-29 12:46:35','2025-11-29 12:46:35'),(9571,59,69,'CF','','2025-11-29 12:46:37','2025-11-29 12:46:37'),(9572,59,15,'NE','','2025-11-29 12:46:41','2025-11-29 12:46:41'),(9573,59,16,'NE','','2025-11-29 12:46:48','2025-11-29 12:46:48'),(9574,59,17,'NE','','2025-11-29 12:46:50','2025-11-29 12:46:50'),(9575,59,18,'NE','','2025-11-29 12:46:51','2025-11-29 12:46:51'),(9576,59,24,'PC','Ao longo de toda a visita, um dos freezers do autosservio estava com o marcador de temperatura registrando -14C. Foi verificado 3 vezes durante a visita e no alterou. Foi solicitado ao colaborador que confere temperaturas que monitorasse durante a tarde, e caso no mudasse, que fosse alertado  gerente. A planilha de controle de temperaturas est com falhas, devido  dificuldade em controlar rotineiramente a temperatura dos equipamentos com as demandas de outras atividades. Observar se era ciclo do freezer ou se houve algum problema. OBS: NECESSRIO LIMPAR A ESTRUTURA DE VENTILAO DO EQUIPAMENTO, conforme mostrado na imagem','2025-11-29 12:46:56','2025-11-29 12:46:56'),(9591,59,25,'CF','','2025-11-29 12:50:22','2025-11-29 12:50:22'),(9592,59,26,'PC','Conforme mencionado anteriormente,  feita a tentativa de monitoramento na rotina, mas no h um colaborador que consiga realizar esta atividade com a frequncia necessria todos os dias. Mas h termmetro calibrado no estabelecimento','2025-11-29 12:50:33','2025-11-29 12:50:33'),(9601,59,27,'CF','','2025-11-29 12:52:16','2025-11-29 12:52:16'),(9602,59,28,'PC','Existem produtos cozidos no freezer, mas esto identificados e embalados totalmente. Orienta-se novamente que sejam retirados do freezer da produo, para evitar problemas com visitas da vigilncia sanitria. ','2025-11-29 12:52:25','2025-11-29 12:52:25'),(9610,59,1,'NE','No momento, com o tamanho da equipe e disponibilidade de funes, no conseguimos implementar esta planilha','2025-11-29 12:54:05','2025-11-29 12:54:05'),(9612,59,2,'CF','','2025-11-29 12:54:11','2025-11-29 12:54:11'),(9618,59,3,'PC','No momento do recebimento, geralmente os fornecedores adentram a cmara fria e deixam as embalagens. Algumas vezes  verificado, mas nem sempre. ','2025-11-29 12:54:29','2025-11-29 12:54:29'),(9623,59,4,'NE','','2025-11-29 12:55:06','2025-11-29 12:55:06'),(9624,59,5,'CF','','2025-11-29 12:55:10','2025-11-29 12:55:10'),(9625,59,6,'CF','','2025-11-29 12:55:43','2025-11-29 12:55:43'),(9628,59,7,'CF','','2025-11-29 12:56:03','2025-11-29 12:56:03'),(9629,59,8,'NC','Quem estiver presente no local  quem faz o recebimento. Precisamos ajustar os procedimentos de verificao no recebimento, algumas vezes vejo que verificam a NF, mas precisa observar melhor as etiquetas e condies dos produtos antes de aceitar (abrir uma caixa, ver como est a embalagem e aspecto, checar a temperatura, etc)','2025-11-29 12:56:27','2025-11-29 12:56:27'),(9634,59,50,'CF','','2025-11-29 12:56:39','2025-11-29 12:56:39'),(9635,59,51,'CF','','2025-11-29 12:56:46','2025-11-29 12:56:46'),(9636,59,52,'CF','','2025-11-29 12:56:49','2025-11-29 12:56:49'),(9637,59,304,'CF','','2025-11-29 12:56:51','2025-11-29 12:56:51'),(9638,59,305,'CF','','2025-11-29 12:56:54','2025-11-29 12:56:54'),(9639,59,317,'CF','','2025-11-29 12:56:56','2025-11-29 12:56:56'),(9640,59,450,'CF','A climatizao da sala desta vez estava marcando abaixo de 16C. ','2025-11-29 12:57:02','2025-11-29 12:57:02'),(9643,59,451,'NC','O caimento de gua da rea de manipulao no  favorvel, mas conseguem remover a gua residual. Porm, no dia da avaliao, havia bastante gua residual nos equipamentos e superfcies: mesa e serra-fita, conforme mostra a imagem. Necessrio reforar o uso de bom rodo para esta atividade e manter todas as superfcies secas. ','2025-11-29 12:57:34','2025-11-29 12:57:34'),(9656,59,452,'PC','Os colaboradores geralmente finalizam as atividades dentro deste perodo.\nMas no h o procedimento controlado de trocas a cada 2 horas, porm  mantida a higiene dos utenslios constantemente. Pretende-se implementar tal etapa conforme avanarmos nos outros ajustes','2025-11-29 13:02:29','2025-11-29 13:02:29'),(9657,59,453,'NC','Algumas vezes vejo troca entre tbuas, precisa ajustar. No h tbuas de cores diferentes e nem outro sistema que mostre com clareza a distino. Penso que o correto ser tentar determinar mesas com tbuas fixas','2025-11-29 13:02:43','2025-11-29 13:02:43'),(9661,59,454,'CF','','2025-11-29 13:02:57','2025-11-29 13:02:57'),(9662,59,455,'CF','','2025-11-29 13:02:59','2025-11-29 13:02:59'),(9666,60,464,'CF','','2025-11-29 13:06:23','2025-11-29 13:06:23'),(9667,60,465,'CF','','2025-11-29 13:06:25','2025-11-29 13:06:25'),(9668,60,466,'CF','','2025-11-29 13:06:28','2025-11-29 13:06:28'),(9669,60,467,'CF','','2025-11-29 13:06:31','2025-11-29 13:06:31'),(9670,60,468,'CF','','2025-11-29 13:06:40','2025-11-29 13:06:40'),(9671,60,469,'CF','','2025-11-29 13:06:46','2025-11-29 13:06:46'),(9672,60,470,'CF','','2025-11-29 13:06:50','2025-11-29 13:06:50'),(9673,60,471,'CF','','2025-11-29 13:06:53','2025-11-29 13:06:53'),(9674,60,20,'PC','O estoque fica calor em alguns momentos; necessrio ajustar a parte estrutural devido ao mau cheiro gerado em vrios momentos (checagem de encanamentos e parte interna de paredes)','2025-11-29 13:08:57','2025-11-29 13:08:57'),(9679,60,21,'PC','O depsito do mercado, onde h estoque seco de alimentos, requer mais organizao com palets para produtos que ficam no nvel mais baixo.','2025-11-29 13:09:44','2025-11-29 13:09:44'),(9684,60,22,'PC','Nesta visita no foi observada no conformidade, mas em alguns momentos h produtos em contato com o piso','2025-11-29 13:10:07','2025-11-29 13:10:07'),(9687,60,23,'CF','','2025-11-29 13:10:52','2025-11-29 13:10:52'),(9688,60,34,'PC','Necessrio reforar a limpeza das portas e borracha das cmaras frias do aougue, conforme as imagens. Demais equipamentos e utenslios estavam limpos e bem conservados','2025-11-29 13:11:00','2025-11-29 13:11:00'),(9690,60,35,'CF','','2025-11-29 13:11:04','2025-11-29 13:11:04'),(9691,60,36,'CF','','2025-11-29 13:11:06','2025-11-29 13:11:06'),(9699,60,37,'CF','','2025-11-29 13:13:43','2025-11-29 13:13:43'),(9700,60,38,'NE','','2025-11-29 13:13:50','2025-11-29 13:13:50'),(9701,60,39,'CF','','2025-11-29 13:13:59','2025-11-29 13:13:59'),(9702,60,40,'CF','','2025-11-29 13:14:02','2025-11-29 13:14:02'),(9703,60,41,'NC','Ainda temos que lidar com a questo das baratas (especialmente relacionado com a vedao de caixas de passagem e caixa de gordura, frestas em estruturas) e estamos com aumento de moscas pela falha das armadilhas do setor. ','2025-11-29 13:14:08','2025-11-29 13:14:08'),(9711,60,42,'CF','','2025-11-29 13:15:58','2025-11-29 13:15:58'),(9712,60,43,'CF','','2025-11-29 13:16:08','2025-11-29 13:16:08'),(9713,60,44,'PC','Ocorre preparo dos assados na rea dos fundos, mas  feita embalagem na sala de manipulao. Porm, em horrio distinto da manipulao de produtos crus','2025-11-29 13:16:19','2025-11-29 13:16:19'),(9717,60,45,'NC','No temos tbuas de cores distintas, procura-se usar apenas uma para frango e outras para bovino e suno. Mas  necessrio distinguir melhor, inclusive as mesas, se possvel','2025-11-29 13:16:32','2025-11-29 13:16:32'),(9723,60,306,'NE','','2025-11-29 13:16:53','2025-11-29 13:16:53'),(9724,60,307,'NE','','2025-11-29 13:16:56','2025-11-29 13:16:56'),(9725,60,308,'NE','','2025-11-29 13:16:57','2025-11-29 13:16:57'),(9726,60,46,'NE','','2025-11-29 13:17:08','2025-11-29 13:17:08'),(9727,60,47,'PC','Nos momentos de manipulao, a temperatura chega a cerca de 12 graus Celsius. Mas no armazenamento a temperatura est sempre inferior a 5','2025-11-29 13:17:22','2025-11-29 13:17:22'),(9731,60,48,'NE','','2025-11-29 13:17:32','2025-11-29 13:17:32'),(9733,60,49,'NE','','2025-11-29 13:17:34','2025-11-29 13:17:34'),(9735,60,456,'CF','','2025-11-29 13:17:37','2025-11-29 13:17:37'),(9736,60,457,'CF','','2025-11-29 13:17:40','2025-11-29 13:17:40'),(9737,60,458,'NC','Temos a caixa de gordura muito prxima da entrada do aougue e h perigo de acesso das baratas (j presenciado em visitas e tambm relatado pelos colaboradores). Problemas estruturais diversos tambm favorecem baratas e outras pragas. Com a falha das armadilhas de moscas e a chegada das temperaturas mais altas, estamos com aumento destes vetores, conforme mencionado anteriormente','2025-11-29 13:17:43','2025-11-29 13:17:43'),(9746,60,459,'NC','Todas as armadilhas do setor esto apagadas, necessrio repor luminrias e verificar se  preciso algum tipo de conserto. ','2025-11-29 13:18:40','2025-11-29 13:18:40'),(9749,60,56,'CF','','2025-11-29 13:19:17','2025-11-29 13:19:17'),(9750,60,57,'NC','Da parte do aougue  feito o transporte da banha. Mas tambm transportam outros tipos de alimentos que precisam de monitoramento e de carro refrigerado','2025-11-29 13:19:19','2025-11-29 13:19:19'),(9755,60,58,'PC','','2025-11-29 13:19:39','2025-11-29 13:19:39'),(9757,60,59,'CF','','2025-11-29 13:19:42','2025-11-29 13:19:42'),(9758,60,309,'NE','','2025-11-29 13:19:46','2025-11-29 13:19:46'),(9759,60,310,'NC',' No h planilha para este procedimento','2025-11-29 13:20:01','2025-11-29 13:20:01'),(9761,60,311,'PC',' a rea externa dos fundos do aougue, que requer reparos e ajustes para ficar mais organizada e limpa','2025-11-29 13:20:14','2025-11-29 13:20:14'),(9765,60,312,'NC','','2025-11-29 13:20:29','2025-11-29 13:20:29'),(9766,60,313,'NE','','2025-11-29 13:20:31','2025-11-29 13:20:31'),(9767,60,314,'CF','','2025-11-29 13:20:40','2025-11-29 13:20:40'),(9768,60,315,'NC','O veculo utilizado  um carro comum, j apontado anteriormente pela vigilncia sanitria a necessidade de ter um veculo isotrmico com licena','2025-11-29 13:20:42','2025-11-29 13:20:42'),(9771,60,316,'CF','','2025-11-29 13:21:01','2025-11-29 13:21:01'),(9772,60,60,'CF','','2025-11-29 13:21:10','2025-11-29 13:21:10'),(9773,60,61,'CF','','2025-11-29 13:21:13','2025-11-29 13:21:13'),(9775,60,62,'CF','','2025-11-29 13:21:16','2025-11-29 13:21:16'),(9776,60,63,'CF','','2025-11-29 13:21:18','2025-11-29 13:21:18'),(9777,60,64,'NC',' Est projetado com a arquiteta para quando houver a reforma','2025-11-29 13:21:23','2025-11-29 13:21:23'),(9780,60,65,'NC',' a mesma de higienizao de utenslios','2025-11-29 13:21:46','2025-11-29 13:21:46'),(9785,60,66,'NC','Temos apenas este ponto para higiene das mos no setor','2025-11-29 13:22:06','2025-11-29 13:22:06'),(9786,60,67,'CF','','2025-11-29 13:22:12','2025-11-29 13:22:12'),(9787,60,68,'CF','','2025-11-29 13:22:15','2025-11-29 13:22:15'),(9788,60,69,'CF','','2025-11-29 13:22:18','2025-11-29 13:22:18'),(9789,60,15,'NE','','2025-11-29 13:22:23','2025-11-29 13:22:23'),(9790,60,16,'NE','','2025-11-29 13:22:25','2025-11-29 13:22:25'),(9791,60,17,'NE','','2025-11-29 13:22:27','2025-11-29 13:22:27'),(9792,60,18,'NE','','2025-11-29 13:22:30','2025-11-29 13:22:30'),(9793,60,24,'CF','','2025-11-29 13:22:35','2025-11-29 13:22:35'),(9794,60,25,'PC','No dia da auditoria, o freezer estava mais limpo e organizado e com produtos identificados, mas ainda precisamos resolver a situao dos produtos deixados em caixa de papelo (verificar vdeo com as dimenses necessrias das caixas a serem adquiridas para isso).','2025-11-29 13:22:37','2025-11-29 13:22:37'),(9801,60,26,'PC',' feito o monitoramento por colaboradora que controla o depsito, mas no  possvel realizar o monitoramento todos os dias. Mas h termmetro calibrado no estabelecimento','2025-11-29 13:24:30','2025-11-29 13:24:30'),(9807,60,27,'CF','','2025-11-29 13:25:28','2025-11-29 13:25:28'),(9808,60,28,'PC','Como s h um freezer, fica tudo armazenado junto: matria-prima e produto em processamento. Solicitar a compra de caixas plsticas para transferir matria-prima das caixas de papelo','2025-11-29 13:25:34','2025-11-29 13:25:34'),(9815,60,1,'NE',' No momento, com o tamanho da equipe e disponibilidade de funes, no conseguimos implementar esta planilha','2025-11-29 13:25:57','2025-11-29 13:25:57'),(9819,60,2,'CF','','2025-11-29 13:26:30','2025-11-29 13:26:30'),(9820,60,3,'CF','','2025-11-29 13:26:33','2025-11-29 13:26:33'),(9821,60,4,'NE','','2025-11-29 13:26:36','2025-11-29 13:26:36'),(9823,60,5,'CF','','2025-11-29 13:26:42','2025-11-29 13:26:42'),(9824,60,6,'CF','','2025-11-29 13:26:46','2025-11-29 13:26:46'),(9825,60,7,'CF','','2025-11-29 13:26:53','2025-11-29 13:26:53'),(9826,60,8,'PC','Quem estiver presente no local  quem faz o recebimento. Mas todos so treinados para as verificaes necessrias','2025-11-29 13:26:56','2025-11-29 13:26:56'),(9833,60,50,'NC','Ainda temos problema com o armazenamento das caixas de papelo, que precisam ser armazenadas em um continer fechado','2025-11-29 13:27:16','2025-11-29 13:27:16'),(9837,60,51,'CF','','2025-11-29 13:27:35','2025-11-29 13:27:35'),(9838,60,52,'CF','','2025-11-29 13:27:37','2025-11-29 13:27:37'),(9839,60,304,'CF','','2025-11-29 13:27:39','2025-11-29 13:27:39'),(9840,60,305,'CF','','2025-11-29 13:27:41','2025-11-29 13:27:41'),(9841,60,317,'CF','','2025-11-29 13:27:43','2025-11-29 13:27:43'),(9842,60,450,'PC','Os equipamentos esto funcionando bem e no foi verificada evidncia de vazamento de gua no momento da visita, mas  preciso confirmar se foi realizado conserto e limpeza dos equipamentos','2025-11-29 13:27:47','2025-11-29 13:27:47'),(9843,60,451,'CF',' Porm, o caimento da gua no  adequado dentro do setor','2025-11-29 13:27:49','2025-11-29 13:27:49'),(9850,60,452,'PC','Os colaboradores geralmente finalizam as atividades dentro deste perodo.\nMas no h o procedimento controlado de trocas a cada 2 horas, porm  mantida a higiene dos utenslios constantemente. Pretende-se implementar tal etapa conforme avanarmos nos outros ajustes','2025-11-29 13:29:12','2025-11-29 13:29:12'),(9854,60,453,'PC','No  feita a manipulao de produtos diferentes na mesma mesa e tbua, mas no h tbuas de cores diferentes e nem outro sistema que mostre com clareza a distino. Penso que o correto ser tentar determinar mesas com tbuas fixa','2025-11-29 13:29:29','2025-11-29 13:29:29'),(9859,60,454,'CF','','2025-11-29 13:29:38','2025-11-29 13:29:38'),(9860,60,455,'CF','','2025-11-29 13:29:41','2025-11-29 13:29:41'),(9861,60,53,'CF','','2025-11-29 13:29:43','2025-11-29 13:29:43'),(9862,60,54,'CF','','2025-11-29 13:29:45','2025-11-29 13:29:45'),(9863,60,55,'NC','','2025-11-29 13:29:49','2025-11-29 13:29:49'),(9864,61,460,'CF','','2025-12-01 14:15:05','2025-12-01 14:15:05'),(9865,61,461,'CF','','2025-12-01 14:15:58','2025-12-01 14:15:58'),(9866,61,462,'CF','','2025-12-01 14:16:00','2025-12-01 14:16:00'),(9867,61,463,'CF','','2025-12-01 14:16:03','2025-12-01 14:16:03'),(9868,61,464,'CF','','2025-12-01 14:16:06','2025-12-01 14:16:06'),(9869,61,465,'CF','','2025-12-01 14:16:09','2025-12-01 14:16:09'),(9870,61,466,'CF','','2025-12-01 14:16:11','2025-12-01 14:16:11'),(9871,62,460,'CF','','2025-12-02 16:23:29','2025-12-02 16:23:29'),(9872,62,461,'CF','','2025-12-02 16:23:32','2025-12-02 16:23:32'),(9873,62,462,'CF','','2025-12-02 16:23:36','2025-12-02 16:23:36'),(9874,62,463,'CF','','2025-12-02 16:23:41','2025-12-02 16:23:41'),(9875,62,464,'CF','','2025-12-02 16:23:44','2025-12-02 16:23:44'),(9876,62,465,'CF','','2025-12-02 16:23:48','2025-12-02 16:23:48'),(9877,62,466,'CF','','2025-12-02 16:23:52','2025-12-02 16:23:52'),(9878,62,467,'CF','','2025-12-02 16:23:55','2025-12-02 16:23:55'),(9879,62,468,'CF','','2025-12-02 16:23:58','2025-12-02 16:23:58'),(9880,62,469,'CF','','2025-12-02 16:24:01','2025-12-02 16:24:01'),(9881,62,470,'CF','','2025-12-02 16:24:05','2025-12-02 16:24:05'),(9882,62,471,'CF','','2025-12-02 16:24:09','2025-12-02 16:24:09'),(9883,62,20,'CF','','2025-12-02 16:24:13','2025-12-02 16:24:13'),(9884,62,21,'CF','','2025-12-02 16:24:17','2025-12-02 16:24:17'),(9885,62,22,'CF','','2025-12-02 16:24:20','2025-12-02 16:24:20'),(9886,62,23,'CF','','2025-12-02 16:24:23','2025-12-02 16:24:23'),(9887,62,34,'CF','','2025-12-02 16:24:36','2025-12-02 16:24:36'),(9888,62,35,'CF','','2025-12-02 16:24:41','2025-12-02 16:24:41'),(9889,62,36,'CF','','2025-12-02 16:24:46','2025-12-02 16:24:46'),(9890,62,37,'CF','','2025-12-02 16:24:50','2025-12-02 16:24:50'),(9891,62,38,'CF','','2025-12-02 16:26:41','2025-12-02 16:26:41'),(9892,62,39,'CF','','2025-12-02 16:26:44','2025-12-02 16:26:44'),(9893,62,40,'CF','','2025-12-02 16:27:18','2025-12-02 16:27:18'),(9894,62,41,'CF','','2025-12-02 16:27:20','2025-12-02 16:27:20'),(9895,62,42,'CF','','2025-12-02 16:27:23','2025-12-02 16:27:23'),(9896,62,43,'CF','','2025-12-02 16:27:27','2025-12-02 16:27:27'),(9897,42,460,'CF','','2025-12-03 18:48:27','2025-12-03 18:48:27'),(9898,42,461,'CF','','2025-12-03 18:48:33','2025-12-03 18:48:33'),(9899,42,462,'CF','','2025-12-03 18:48:35','2025-12-03 18:48:35'),(9900,42,463,'CF','','2025-12-03 18:48:37','2025-12-03 18:48:37'),(9901,42,464,'CF','','2025-12-03 18:48:40','2025-12-03 18:48:40'),(9902,42,465,'CF','','2025-12-03 18:48:42','2025-12-03 18:48:42'),(9903,42,20,'CF','','2025-12-03 18:48:45','2025-12-03 18:48:45'),(9904,42,21,'CF','','2025-12-03 18:48:47','2025-12-03 18:48:47'),(9905,42,22,'CF','','2025-12-03 18:48:49','2025-12-03 18:48:49'),(9906,42,23,'CF','','2025-12-03 18:48:50','2025-12-03 18:48:50'),(9909,42,472,'CF','','2025-12-03 18:48:56','2025-12-03 18:48:56'),(9911,42,473,'PC','','2025-12-03 18:48:59','2025-12-03 18:48:59'),(9913,42,474,'CF','','2025-12-03 18:49:02','2025-12-03 18:49:02'),(9916,42,475,'CF','','2025-12-03 18:49:37','2025-12-03 18:49:37'),(9918,42,476,'PC','','2025-12-03 18:49:41','2025-12-03 18:49:41'),(9924,42,477,'CF','','2025-12-03 18:49:52','2025-12-03 18:49:52'),(9927,42,478,'CF','','2025-12-03 18:49:57','2025-12-03 18:49:57'),(9930,42,479,'CF','','2025-12-03 18:50:04','2025-12-03 18:50:04'),(9932,42,480,'CF','','2025-12-03 18:50:08','2025-12-03 18:50:08'),(9938,42,481,'CF','','2025-12-03 18:50:18','2025-12-03 18:50:18'),(9945,42,42,'NE','','2025-12-03 18:56:57','2025-12-03 18:56:57'),(9948,42,43,'NE','','2025-12-03 18:57:00','2025-12-03 18:57:00'),(9952,42,44,'NE','','2025-12-03 18:57:05','2025-12-03 18:57:05'),(9954,42,45,'NE','','2025-12-03 18:57:07','2025-12-03 18:57:07'),(9956,42,306,'NE','','2025-12-03 18:57:09','2025-12-03 18:57:09'),(9958,42,307,'PC','','2025-12-03 18:57:12','2025-12-03 18:57:12'),(9959,42,308,'PC','','2025-12-03 18:57:17','2025-12-03 18:57:17'),(9960,42,46,'NE','','2025-12-03 18:57:19','2025-12-03 18:57:19'),(9961,42,47,'NC','','2025-12-03 18:57:21','2025-12-03 18:57:21'),(9963,42,48,'NE','','2025-12-03 18:57:23','2025-12-03 18:57:23'),(9964,42,49,'NC','','2025-12-03 18:57:27','2025-12-03 18:57:27'),(9966,42,456,'NC','','2025-12-03 18:57:30','2025-12-03 18:57:30'),(9973,42,457,'NC','','2025-12-03 18:57:47','2025-12-03 18:57:47'),(9974,42,458,'NC','','2025-12-03 18:57:49','2025-12-03 18:57:49'),(9976,42,459,'NC','','2025-12-03 18:57:52','2025-12-03 18:57:52'),(9977,42,56,'NC','','2025-12-03 18:57:55','2025-12-03 18:57:55'),(9978,42,57,'NE','','2025-12-03 18:57:57','2025-12-03 18:57:57'),(9980,42,58,'NE','','2025-12-03 18:57:59','2025-12-03 18:57:59'),(9982,42,59,'NC','','2025-12-03 18:58:01','2025-12-03 18:58:01'),(9984,42,309,'NE','M','2025-12-03 18:58:02','2025-12-03 18:58:02'),(9986,42,310,'NC','','2025-12-03 18:58:04','2025-12-03 18:58:04'),(9987,42,311,'NE','','2025-12-03 18:58:05','2025-12-03 18:58:05'),(9991,42,312,'NE','','2025-12-03 18:58:18','2025-12-03 18:58:18'),(9995,42,313,'NE','','2025-12-03 18:58:22','2025-12-03 18:58:22'),(9997,42,314,'NC','','2025-12-03 18:58:24','2025-12-03 18:58:24'),(9999,42,315,'NC','','2025-12-03 18:58:26','2025-12-03 18:58:26'),(10001,42,316,'NE','','2025-12-03 18:58:29','2025-12-03 18:58:29'),(10003,42,60,'CF','','2025-12-03 18:58:32','2025-12-03 18:58:32'),(10005,42,61,'CF','Dheixjalq. Olwbdksk. ','2025-12-03 18:58:34','2025-12-03 18:58:34'),(10007,42,62,'PC','Sem barba, mas  necessrio proteo para pelos dos braos. ','2025-12-03 18:58:37','2025-12-03 18:58:37'),(10008,42,63,'NE','','2025-12-03 18:58:38','2025-12-03 18:58:38'),(10010,42,64,'PC','H pia na cozinha, mas  utilizada para lavagens de mos e utenslios tambm. ','2025-12-03 18:58:40','2025-12-03 18:58:40'),(10012,42,65,'CF','','2025-12-03 18:58:42','2025-12-03 18:58:42'),(10014,42,66,'CF',' possvel lavar as mos no lado externo da cozinha. ','2025-12-03 18:58:44','2025-12-03 18:58:44'),(10015,42,67,'CF','','2025-12-03 18:58:46','2025-12-03 18:58:46'),(10017,42,68,'NE','','2025-12-03 18:58:48','2025-12-03 18:58:48'),(10020,42,69,'NE','','2025-12-03 18:58:53','2025-12-03 18:58:53'),(10023,42,15,'NE','','2025-12-03 18:58:56','2025-12-03 18:58:56'),(10026,42,16,'NE','','2025-12-03 18:58:59','2025-12-03 18:58:59'),(10032,42,17,'NE','','2025-12-03 18:59:02','2025-12-03 18:59:02'),(10034,42,18,'NE','','2025-12-03 18:59:05','2025-12-03 18:59:05'),(10042,42,24,'CF','','2025-12-03 18:59:48','2025-12-03 18:59:48'),(10054,42,25,'PC','O armazenamento encontra-se limpo e organizado, mas  necessrio separar melhor os tipos de alimentos. ','2025-12-03 19:00:53','2025-12-03 19:00:53'),(10055,42,26,'PC','','2025-12-03 19:01:03','2025-12-03 19:01:03'),(10056,42,27,'CF','','2025-12-03 19:01:17','2025-12-03 19:01:17'),(10057,42,28,'PC','','2025-12-03 19:01:28','2025-12-03 19:01:28'),(10108,42,1,'CF','','2025-12-03 19:13:19','2025-12-03 19:13:19'),(10117,42,2,'CF','','2025-12-03 19:18:22','2025-12-03 19:18:22'),(10142,42,3,'CF','','2025-12-03 19:27:59','2025-12-03 19:27:59'),(10145,42,4,'CF','','2025-12-03 19:28:04','2025-12-03 19:28:04'),(10147,42,5,'CF','','2025-12-03 19:28:09','2025-12-03 19:28:09'),(10148,42,6,'CF','','2025-12-03 19:28:16','2025-12-03 19:28:16'),(10150,42,7,'CF','A conferncia  feita em frente a cmara fria, em local arejado e protegido. H mesa no local para apoio . ','2025-12-03 19:28:30','2025-12-03 19:28:30'),(10154,42,8,'CF','','2025-12-03 19:28:57','2025-12-03 19:28:57'),(10156,42,50,'CF','','2025-12-03 19:29:05','2025-12-03 19:29:05'),(10158,42,51,'PC','','2025-12-03 19:29:24','2025-12-03 19:29:24'),(10160,63,460,'CF','','2025-12-07 21:27:24','2025-12-07 21:27:24'),(10161,63,461,'CF','','2025-12-07 21:27:27','2025-12-07 21:27:27'),(10162,63,462,'CF','','2025-12-07 21:27:40','2025-12-07 21:27:40'),(10163,63,463,'CF','','2025-12-07 21:27:45','2025-12-07 21:27:45'),(10164,63,464,'PC','Em alguns momentos h produtos expostos na sala de manipulao antes de serem manipulados. A exposio prolongada dos alimentos provoca elevao da temperatura, ento a soluo  buscar as carnes na cmara fria imediatamente antes de comear a manipulao (fazer tudo o que precisar fazer antes, como a limpeza da bancada, lavagem das mos, etc)','2025-12-07 21:27:50','2025-12-07 21:27:50'),(10177,63,465,'CF','','2025-12-07 21:29:48','2025-12-07 21:29:48'),(10178,63,20,'CF','','2025-12-07 21:30:02','2025-12-07 21:30:02'),(10179,63,21,'CF','','2025-12-07 21:30:05','2025-12-07 21:30:05'),(10186,63,22,'CF','','2025-12-07 21:31:33','2025-12-07 21:31:33'),(10187,63,23,'PC','Observar, pois h visitas em que observo temperos com a validade expirada armazenados. ','2025-12-07 21:31:41','2025-12-07 21:31:41'),(10193,63,472,'PC','Pote de temperos com muito resduo de gordura ao redor; outro balde de temperos tambm com bastante sujidade ao redor; serra-fita com resduo de carne ','2025-12-07 21:32:32','2025-12-07 21:32:32'),(10206,63,473,'CF','Usam detergente neutro e gua sanitria, mas precisamos ajustar a diluio do produto. Ainda temos o quaternrio de amnia para ser usado como desinfetante (e a gua sanitria como branqueador de facas e tbuas). Mas recomenda-se usar o detergente alcalino clorado por conta das vantagens de praticidade, principalmente. ','2025-12-07 21:37:10','2025-12-07 21:37:10'),(10220,63,474,'CF','Os utenslios so usados apenas dentro do aougue e no h cruzamento com outros utenslios usados em rea externa ou sanitrios. ','2025-12-07 21:39:13','2025-12-07 21:39:13'),(10223,63,475,'PC','Est sendo realizada, mas requer ajustes importantes: limpeza de refrigeradores, freezer, instalaes de sabonete e papel. ','2025-12-07 21:40:00','2025-12-07 21:40:00'),(10231,63,476,'CF','','2025-12-07 21:40:39','2025-12-07 21:40:39'),(10232,63,477,'NE','','2025-12-07 21:40:43','2025-12-07 21:40:43'),(10233,63,478,'NC','Uma das lixeiras estava com muita sujidade aderida e seca, indicando que est assim h mais de um dia. ','2025-12-07 21:40:47','2025-12-07 21:40:47'),(10239,63,479,'CF','','2025-12-07 21:41:53','2025-12-07 21:41:53'),(10240,63,480,'PC','H muitas moscas que entram com facilidade na rea de manipulao ','2025-12-07 21:41:56','2025-12-07 21:41:56'),(10245,63,481,'NE','Precisamos comear a usar: \nPlanilha de recebimento (necessrio calibrar o termmetro infravermelho para comear a registrar a temperatura dos produtos recebidos); \nPlanilha de higienizao;\nPlanilha de expedio (tambm precisa medir a temperatura dos produtos)','2025-12-07 21:42:28','2025-12-07 21:42:28'),(10255,63,42,'CF','','2025-12-07 22:14:05','2025-12-07 22:14:05'),(10256,63,43,'CF','','2025-12-07 22:14:07','2025-12-07 22:14:07'),(10257,63,44,'NE','','2025-12-07 22:14:10','2025-12-07 22:14:10'),(10259,63,45,'PC','Usa-se tbuas de diferentes tamanhos, mas algumas vezes vejo uso da mesma tbua para bovino e para frango (mas sempre em momentos distintos).','2025-12-07 22:14:16','2025-12-07 22:14:16'),(10262,63,306,'NE','','2025-12-07 22:15:03','2025-12-07 22:15:03'),(10263,63,307,'NE','','2025-12-07 22:15:08','2025-12-07 22:15:08'),(10265,63,308,'NE','','2025-12-07 22:15:12','2025-12-07 22:15:12'),(10266,63,46,'NE','','2025-12-07 22:15:15','2025-12-07 22:15:15'),(10267,63,47,'NE','','2025-12-07 22:15:56','2025-12-07 22:15:56'),(10268,63,48,'NE','','2025-12-07 22:16:42','2025-12-07 22:16:42'),(10269,63,49,'NE','','2025-12-07 22:16:44','2025-12-07 22:16:44'),(10270,63,456,'CF','','2025-12-07 22:16:49','2025-12-07 22:16:49'),(10272,63,457,'PC','Foi renovado recentemente, mas houve falha na atualizao ao longo do ano todo ','2025-12-07 22:16:51','2025-12-07 22:16:51'),(10274,63,458,'NC','H acesso fcil de moscas ','2025-12-07 22:17:13','2025-12-07 22:17:13'),(10276,63,459,'CF','','2025-12-07 22:17:27','2025-12-07 22:17:27'),(10278,63,56,'PC','H caixas que no fecham completamente para o\ntransporte, sendo necessria a tomada de alguma das decises como correo: troca do tipo de caixa, com tampas que fixem melhor ao fechar OU aquisio de mais caixas, para distribuir melhor a quantidade de bifes\ne permitir que os feche completamente','2025-12-07 22:17:56','2025-12-07 22:17:56'),(10306,63,57,'NC','No h controle de temperatura na expedio e nem na chegada ao restaurante. ','2025-12-07 22:20:42','2025-12-07 22:20:42'),(10310,63,58,'CF','','2025-12-07 22:21:27','2025-12-07 22:21:27'),(10317,63,59,'CF','','2025-12-07 22:21:55','2025-12-07 22:21:55'),(10318,63,309,'NE','','2025-12-07 22:21:58','2025-12-07 22:21:58'),(10319,63,310,'NC','Necessita calibrao no termmetro infravermelho do estabelecimento, conforme solicitado anteriormente ','2025-12-07 22:22:01','2025-12-07 22:22:01'),(10325,63,311,'CF','','2025-12-07 22:22:44','2025-12-07 22:22:44'),(10326,63,312,'CF','','2025-12-07 22:22:47','2025-12-07 22:22:47'),(10327,63,313,'NE','','2025-12-07 22:22:51','2025-12-07 22:22:51'),(10328,63,314,'CF','','2025-12-07 22:22:56','2025-12-07 22:22:56'),(10329,63,315,'NC',' necessrio regularizar o transporte dos produtos com veculo isotrmico ','2025-12-07 22:22:58','2025-12-07 22:22:58'),(10335,63,316,'CF','','2025-12-07 22:23:28','2025-12-07 22:23:28'),(10336,63,60,'CF','','2025-12-07 22:23:51','2025-12-07 22:23:51'),(10338,63,61,'CF','','2025-12-07 22:23:55','2025-12-07 22:23:55'),(10339,63,62,'CF','','2025-12-07 22:23:57','2025-12-07 22:23:57'),(10340,63,63,'CF','','2025-12-07 22:23:59','2025-12-07 22:23:59'),(10341,63,64,'CF','','2025-12-07 22:24:01','2025-12-07 22:24:01'),(10342,63,65,'CF','','2025-12-07 22:24:07','2025-12-07 22:24:07'),(10343,63,66,'CF','Ainda recomenda-se a instalao de uma pia pequena com acionamento automtico na torneira para a sala de manipulao','2025-12-07 22:24:25','2025-12-07 22:24:25'),(10348,63,67,'CF','','2025-12-07 22:25:11','2025-12-07 22:25:11'),(10349,63,68,'CF','','2025-12-07 22:25:20','2025-12-07 22:25:20'),(10350,63,69,'CF','','2025-12-07 22:25:23','2025-12-07 22:25:23'),(10351,63,15,'NE','','2025-12-07 22:25:26','2025-12-07 22:25:26'),(10352,63,16,'NE','','2025-12-07 22:25:28','2025-12-07 22:25:28'),(10353,63,17,'NE','','2025-12-07 22:25:30','2025-12-07 22:25:30'),(10354,63,18,'NE','','2025-12-07 22:25:32','2025-12-07 22:25:32'),(10355,63,24,'CF','','2025-12-07 22:25:57','2025-12-07 22:25:57'),(10356,63,25,'CF','','2025-12-07 22:26:04','2025-12-07 22:26:04'),(10357,63,26,'NC','','2025-12-07 22:26:07','2025-12-07 22:26:07'),(10359,63,27,'NE','Freezer estava vazio no dia da auditoria ','2025-12-07 22:26:13','2025-12-07 22:26:13'),(10363,63,28,'CF','','2025-12-07 22:26:53','2025-12-07 22:26:53'),(10364,63,1,'PC','H controle prprio de recebimento, mas foi solicitada a calibrao do termmetro infravermelho para incluirmos o controle de temperatura nesta planilha','2025-12-07 22:26:59','2025-12-07 22:26:59'),(10369,63,2,'CF','','2025-12-07 22:27:44','2025-12-07 22:27:44'),(10370,63,3,'CF','','2025-12-07 22:27:46','2025-12-07 22:27:46'),(10371,63,4,'NE','','2025-12-07 22:27:50','2025-12-07 22:27:50'),(10372,63,5,'CF','','2025-12-07 22:27:56','2025-12-07 22:27:56'),(10373,63,6,'CF','','2025-12-07 22:28:01','2025-12-07 22:28:01'),(10374,63,7,'CF','','2025-12-07 22:28:04','2025-12-07 22:28:04'),(10375,63,8,'CF','','2025-12-07 22:28:07','2025-12-07 22:28:07'),(10379,63,50,'CF','','2025-12-07 22:28:26','2025-12-07 22:28:26'),(10382,63,51,'NC','No dia da avaliao havia uma lixeira com sujidades aderidas e secas, indicando necessidade de reforo na limpeza diariamente ','2025-12-07 22:28:46','2025-12-07 22:28:46'),(10385,63,52,'PC','No h acmulo de lixo para retirada diria, sendo realizado em dias alternados. Porm, h necessidade de reforar desinfeco. ','2025-12-07 22:29:20','2025-12-07 22:29:20'),(10390,63,304,'CF','','2025-12-07 22:30:50','2025-12-07 22:30:50'),(10391,63,305,'CF','','2025-12-07 22:30:53','2025-12-07 22:30:53'),(10392,63,317,'CF','','2025-12-07 22:30:56','2025-12-07 22:30:56'),(10393,63,450,'CF','Equipamento de ar condicionado est em bom estado de conservao. Orienta-se limpeza a cada 3 meses para melhorar a eficcia. Lembrar que o SIM de Rolndia exigiu climatizao a 10C por conta da carne moda. ','2025-12-07 22:31:04','2025-12-07 22:31:04'),(10404,63,451,'CF','','2025-12-07 22:32:23','2025-12-07 22:32:23'),(10405,63,452,'CF','Geralmente a tarefa com as facas no dura mais do que 2 horas','2025-12-07 22:32:27','2025-12-07 22:32:27'),(10414,63,453,'PC','Tem o uso das tbuas de tamanho diferente, mas em alguns momentos  usada a mesma tbua para carne de espcies distintas (mas nunca simultaneamente). H faca amarela para manipulao de frango e branca para manipulao de bovino ','2025-12-07 22:33:41','2025-12-07 22:33:41'),(10432,63,454,'CF','','2025-12-07 22:36:50','2025-12-07 22:36:50'),(10433,63,455,'CF','','2025-12-07 22:36:54','2025-12-07 22:36:54'),(10434,63,53,'CF','','2025-12-07 22:36:57','2025-12-07 22:36:57'),(10435,63,54,'PC','Foi atualizado em 06/10, mas necessita reforar a atualizao a cada 3 meses. ','2025-12-07 22:37:13','2025-12-07 22:37:13'),(10438,63,55,'NC','H fcil acesso de moscas ao abrir as portas','2025-12-07 22:38:54','2025-12-07 22:38:54'),(10441,62,472,'PC','','2025-12-08 21:00:38','2025-12-08 21:00:38'),(10456,62,473,'PC','','2025-12-08 21:02:08','2025-12-08 21:02:08'),(10469,62,474,'CF','','2025-12-08 21:02:54','2025-12-08 21:02:54');
/*!40000 ALTER TABLE `respostas` ENABLE KEYS */;
UNLOCK TABLES;

--
-- Table structure for table `topicos`
--

DROP TABLE IF EXISTS `topicos`;
/*!40101 SET @saved_cs_client     = @@character_set_client */;
/*!50503 SET character_set_client = utf8mb4 */;
CREATE TABLE `topicos` (
  `id` int(11) NOT NULL AUTO_INCREMENT,
  `nome_tema` varchar(100) NOT NULL,
  `usuario_id` int(11) DEFAULT NULL,
  `requisitos` text DEFAULT NULL,
  `dt_registro` datetime DEFAULT current_timestamp(),
  `is_active` tinyint(1) NOT NULL DEFAULT 1,
  `ordem_topico` int(11) DEFAULT NULL,
  `versao_anterior_id` int(11) DEFAULT NULL,
  PRIMARY KEY (`id`),
  KEY `fk_usuario_id` (`usuario_id`),
  KEY `fk_versao_anterior` (`versao_anterior_id`),
  CONSTRAINT `fk_usuario_id` FOREIGN KEY (`usuario_id`) REFERENCES `usuarios` (`id`),
  CONSTRAINT `fk_versao_anterior` FOREIGN KEY (`versao_anterior_id`) REFERENCES `topicos` (`id`)
) ENGINE=InnoDB AUTO_INCREMENT=71 DEFAULT CHARSET=utf8mb4 COLLATE=utf8mb4_0900_ai_ci;
/*!40101 SET character_set_client = @saved_cs_client */;

--
-- Dumping data for table `topicos`
--

LOCK TABLES `topicos` WRITE;
/*!40000 ALTER TABLE `topicos` DISABLE KEYS */;
INSERT INTO `topicos` VALUES (1,'RECEBIMENTO DE MERCADORIAS',1,'(Requisito 7.4.3 Verificao do Produto Adquirido)','2025-08-05 13:58:03',1,12,NULL),(3,'HIGIENIZAO DE HORTIFRUTI',1,'(Requisito 7.5.3 Manipulao)','2025-08-05 13:58:03',1,10,NULL),(4,'ARMAZENAMENTO (ESTOQUE SECO) ',1,'(Requisito 7.4.3 Armazenamento)','2025-08-05 14:45:27',1,3,NULL),(5,'ARMAZENAMENTO (FREEZER / CMARA CONGELADOS)',1,'(Requisito 7.4.3 Armazenamento)','2025-08-05 14:45:39',0,NULL,NULL),(6,'ARMAZENAMENTO (GELADEIRA/ CMARA REFRIGERADA) ',1,'(Requisito 8.1.3 Ponto de Controle)','2025-09-06 13:05:00',0,NULL,NULL),(7,'EQUIPAMENTOS E UTENSLIOS (LIMPEZA E CONSERVAO)',1,'(Requisito 7.5.3 Exposio)','2025-09-06 13:05:00',0,NULL,NULL),(8,'LIMPEZA E ORGANIZAO -  GERAL',1,'(Requisito 7.5.3 Ps-Preparo)','2025-09-06 13:05:00',0,NULL,NULL),(9,'PR-PREPARO/PREPARO DE ALIMENTOS',1,'(Requisito 7.4.3 Armazenamento)','2025-09-06 13:05:00',1,6,NULL),(10,'DISTRIBUIO - UAN',1,'(Requisito 8.5.2 Manuteno)','2025-09-06 13:05:00',0,NULL,NULL),(11,'LIXO',1,'(Requisito 7.5.3 Manipuladores)','2025-09-06 13:05:00',1,8,NULL),(12,'CONTROLE DE VETORES E PRAGAS/ANLISE DA GUA E LICENAS',1,'(Requisitos 6.4 Ambiente de Trabalho/ 8.2.3 Monitoramento e Medio de Processos/ 4.2.4 Controle de Registros/ 7.5. Controle de Produo e Prestao de Servios e 7.5.3 Identificao e Rastreabilidade)','2025-09-06 17:22:08',0,NULL,NULL),(13,'REFEIES TRANSPORTADA  - UAN',1,'(Requisitos 6.2.2 Competncia, treinamento e Conscientizao/ 6.3 infraestrutura/ 6.4 Ambiente de Trabalho/ 7.5.1 Controle de Produo e Prestao de Servios 7.5.5 Preservao do Produto)','2025-09-06 17:24:18',0,NULL,NULL),(14,'MANIPULADORES/HBITOS HIGINICOS',1,'(Requisitos 6.4 Ambiente de Trabalho/ 6.3 Infraestrutura/ 8.2.3 Monitoramento e Medio de Processos)','2025-09-06 17:25:03',1,9,NULL),(15,'AOUGUES/MANIPULAO DE POA',1,'(Requisito 7.5.3 Manipulao)','2025-10-30 00:46:47',0,NULL,NULL),(29,'MANIPULAO DE CARNES/PEIXES/FRUTO DO MAR',1,'(Requisito 7.5.3 Manipulao)','2025-09-27 21:34:30',0,NULL,NULL),(56,'AOUGUES/MANIPULAO DE POA',1,'(Requisito 7.5.3 Manipulao)','2025-11-03 21:26:50',0,NULL,NULL),(57,'CONTROLE DE VETORES E PRAGAS/ANLISE DA GUA E LICENAS',1,'(Requisitos 6.4 Ambiente de Trabalho/ 8.2.3 Monitoramento e Medio de Processos/ 4.2.4 Controle de Registros/ 7.5. Controle de Produo e Prestao de Servios e 7.5.3 Identificao e Rastreabilidade)','2025-11-03 21:31:14',1,7,NULL),(58,'MANIPULAO DE CARNES/PEIXES/FRUTO DO MAR',23,'(Requisito 7.5.3 Manipulao)','2025-11-23 23:47:24',1,2,NULL),(59,'MANIPULAO DE CARNES/PEIXES/FRUTO DO MAR',23,'(Requisito 7.5.3 Manipulao)','2025-11-23 23:47:25',0,NULL,NULL),(60,'EQUIPAMENTOS E UTENSLIOS (LIMPEZA E CONSERVAO)',1,'(Requisito 7.5.3 Exposio)','2025-12-02 23:28:51',0,NULL,NULL),(61,'LIMPEZA E ORGANIZAO -  GERAL',1,'(Requisito 7.5.3 Ps-Preparo)','2025-12-02 23:48:27',0,NULL,NULL),(62,'DISTRIBUIO - UAN',1,'(Requisito 8.5.2 Manuteno)','2025-12-08 20:26:42',1,15,NULL),(63,'REFEIES TRANSPORTADA  - UAN',1,'(Requisitos 6.2.2 Competncia, treinamento e Conscientizao/ 6.3 infraestrutura/ 6.4 Ambiente de Trabalho/ 7.5.1 Controle de Produo e Prestao de Servios 7.5.5 Preservao do Produto)','2025-12-08 20:27:19',1,14,NULL),(64,'AOUGUES/MANIPULAO DE POA',1,'(Requisito 7.5.3 Manipulao)','2025-12-08 20:27:55',1,13,NULL),(65,'ARMAZENAMENTO (CMARA CONGELADOS E REFRIGELADOS)',1,'(Requisito 7.4.3 Armazenamento)','2025-12-08 20:30:27',0,NULL,NULL),(66,'ARMAZENAMENTO (CMARA CONGELADOS E REFRIGERADOS)',1,'(Requisito 7.4.3 Armazenamento)','2025-12-08 20:31:07',0,NULL,NULL),(67,'ARMAZENAMENTO (CMARA CONGELADOS E REFRIGERADOS)',1,'(Requisito 7.4.3 Armazenamento)','2025-12-08 20:32:21',1,11,NULL),(68,'EQUIPAMENTOS E UTENSLIOS (LIMPEZA E CONSERVAO)',23,'(Requisito 7.5.3 Exposio)','2025-12-09 09:59:51',1,1,NULL),(69,'EQUIPAMENTOS E UTENSLIOS (LIMPEZA E CONSERVAO)',23,'(Requisito 7.5.3 Exposio)','2025-12-09 09:59:53',1,5,NULL),(70,'LIMPEZA E ORGANIZAO -  GERAL',23,'(Requisito 7.5.3 Ps-Preparo)','2025-12-09 10:00:05',1,4,NULL);
/*!40000 ALTER TABLE `topicos` ENABLE KEYS */;
UNLOCK TABLES;

--
-- Table structure for table `usuarios`
--

DROP TABLE IF EXISTS `usuarios`;
/*!40101 SET @saved_cs_client     = @@character_set_client */;
/*!50503 SET character_set_client = utf8mb4 */;
CREATE TABLE `usuarios` (
  `id` int(11) NOT NULL AUTO_INCREMENT,
  `nome` varchar(100) NOT NULL,
  `email` varchar(100) NOT NULL,
  `cpf` varchar(14) NOT NULL,
  `dt_registro` datetime DEFAULT current_timestamp(),
  `tipo_usuario` enum('ADM','AUD') NOT NULL DEFAULT 'AUD',
  `senha` varchar(255) NOT NULL,
  PRIMARY KEY (`id`),
  UNIQUE KEY `cpf` (`cpf`),
  UNIQUE KEY `email` (`email`)
) ENGINE=InnoDB AUTO_INCREMENT=30 DEFAULT CHARSET=utf8mb4 COLLATE=utf8mb4_0900_ai_ci;
/*!40101 SET character_set_client = @saved_cs_client */;

--
-- Dumping data for table `usuarios`
--

LOCK TABLES `usuarios` WRITE;
/*!40000 ALTER TABLE `usuarios` DISABLE KEYS */;
INSERT INTO `usuarios` VALUES (1,'Administrador','admin@admin.com','000.000.000-00','2025-09-06 16:29:38','ADM','$2b$08$GSsFt2rWc4vq1rRBDYvzeuv9bRJqHZvK5JUg4FuIP0okt8KnbcMrW'),(23,'Gisele','gisele@consultech.com.br','111.111.111-11','2025-10-04 00:59:08','ADM','$2b$08$Mp2x35f9Y9bLuLyI7hnHT.GRpgl/znqYdPK4180/T9E63AWTIZd0q'),(25,'Diego','diego@dbytech.com.br','078.952.719-70','2025-10-07 17:24:59','ADM','$2b$08$ixu1bCFpcF7K/ZL8sI1RVOkW87DQCYHm8prkrwUYuwPq4Hw2QkQ96'),(27,'Samanta Stinghen de Abreu','rt.ssabreu@consultech.com.br','069.684.699-36','2025-10-15 15:40:24','AUD','$2b$08$Uu7tFr.dIwmJp.zegKTQ.e2y/ijzqeEVgxJW/H2eb8rgnMP8.Nn5S'),(28,'Ana Flvia Sampaio','ana.fsampaio@hotmail.com','092.861.089-66','2025-11-04 17:51:52','AUD','$2b$08$/Z8Z85mDobCO2mGrqwKh1OpZvAai78Tux8KtL6RJi7AgRmXhYB9U.'),(29,'Alexandre','a-urbano@hotmail.com','120.196.128-95','2025-11-11 23:58:49','AUD','$2b$08$qiAPwrkODGfT37Crs5T0ruu70g5mXI8Qmp8zGLQMYjo6ks1MeckRy');
/*!40000 ALTER TABLE `usuarios` ENABLE KEYS */;
UNLOCK TABLES;
/*!40103 SET TIME_ZONE=@OLD_TIME_ZONE */;

/*!40101 SET SQL_MODE=@OLD_SQL_MODE */;
/*!40014 SET FOREIGN_KEY_CHECKS=@OLD_FOREIGN_KEY_CHECKS */;
/*!40014 SET UNIQUE_CHECKS=@OLD_UNIQUE_CHECKS */;
/*!40101 SET CHARACTER_SET_CLIENT=@OLD_CHARACTER_SET_CLIENT */;
/*!40101 SET CHARACTER_SET_RESULTS=@OLD_CHARACTER_SET_RESULTS */;
/*!40101 SET COLLATION_CONNECTION=@OLD_COLLATION_CONNECTION */;
/*!40111 SET SQL_NOTES=@OLD_SQL_NOTES */;

-- Dump completed on 2025-12-09 19:24:26
