-- MySQL dump 10.13  Distrib 8.0.43, for Win64 (x86_64)
--
-- Host: 127.0.0.1    Database: consultech
-- ------------------------------------------------------
-- Server version	9.3.0

/*!40101 SET @OLD_CHARACTER_SET_CLIENT=@@CHARACTER_SET_CLIENT */;
/*!40101 SET @OLD_CHARACTER_SET_RESULTS=@@CHARACTER_SET_RESULTS */;
/*!40101 SET @OLD_COLLATION_CONNECTION=@@COLLATION_CONNECTION */;
/*!50503 SET NAMES utf8 */;
/*!40103 SET @OLD_TIME_ZONE=@@TIME_ZONE */;
/*!40103 SET TIME_ZONE='+00:00' */;
/*!40014 SET @OLD_UNIQUE_CHECKS=@@UNIQUE_CHECKS, UNIQUE_CHECKS=0 */;
/*!40014 SET @OLD_FOREIGN_KEY_CHECKS=@@FOREIGN_KEY_CHECKS, FOREIGN_KEY_CHECKS=0 */;
/*!40101 SET @OLD_SQL_MODE=@@SQL_MODE, SQL_MODE='NO_AUTO_VALUE_ON_ZERO' */;
/*!40111 SET @OLD_SQL_NOTES=@@SQL_NOTES, SQL_NOTES=0 */;

--
-- Table structure for table `arquivos`
--

DROP TABLE IF EXISTS `arquivos`;
/*!40101 SET @saved_cs_client     = @@character_set_client */;
/*!50503 SET character_set_client = utf8mb4 */;
CREATE TABLE `arquivos` (
  `id` int NOT NULL AUTO_INCREMENT,
  `id_resposta` int NOT NULL,
  `tipo` enum('Foto','Video','Arquivo') NOT NULL,
  `caminho` text NOT NULL,
  `dt_registro` datetime DEFAULT CURRENT_TIMESTAMP,
  PRIMARY KEY (`id`),
  KEY `id_resposta` (`id_resposta`),
  CONSTRAINT `arquivos_ibfk_1` FOREIGN KEY (`id_resposta`) REFERENCES `respostas` (`id`) ON DELETE CASCADE
) ENGINE=InnoDB AUTO_INCREMENT=176 DEFAULT CHARSET=utf8mb4 COLLATE=utf8mb4_0900_ai_ci;
/*!40101 SET character_set_client = @saved_cs_client */;

--
-- Dumping data for table `arquivos`
--

LOCK TABLES `arquivos` WRITE;
/*!40000 ALTER TABLE `arquivos` DISABLE KEYS */;
INSERT INTO `arquivos` VALUES (57,4,'Foto','/uploads_img/1757185991871-861484903.webp','2025-09-06 19:17:35'),(58,6,'Foto','/uploads_img/1757185991871-861484903.webp','2025-09-06 19:17:35'),(59,9,'Foto','/uploads_img/1757185991871-861484903.webp','2025-09-06 19:17:35'),(60,10,'Foto','/uploads_img/1757185991871-861484903.webp','2025-09-06 19:17:35'),(61,14,'Foto','/uploads_img/1757185991871-861484903.webp','2025-09-06 19:17:35'),(62,15,'Foto','/uploads_img/1757185991871-861484903.webp','2025-09-06 19:17:35'),(63,17,'Foto','/uploads_img/1757185991871-861484903.webp','2025-09-06 19:17:35'),(64,22,'Foto','/uploads_img/1757185991871-861484903.webp','2025-09-06 19:17:35'),(65,23,'Foto','/uploads_img/1757185991871-861484903.webp','2025-09-06 19:17:35'),(66,24,'Foto','/uploads_img/1757185991871-861484903.webp','2025-09-06 19:17:35'),(67,25,'Foto','/uploads_img/1757185991871-861484903.webp','2025-09-06 19:17:35'),(68,27,'Foto','/uploads_img/1757185991871-861484903.webp','2025-09-06 19:17:35'),(69,31,'Foto','/uploads_img/1757185991871-861484903.webp','2025-09-06 19:17:35'),(70,34,'Foto','/uploads_img/1757185991871-861484903.webp','2025-09-06 19:17:35'),(71,38,'Foto','/uploads_img/1757185991871-861484903.webp','2025-09-06 19:17:35'),(72,39,'Foto','/uploads_img/1757185991871-861484903.webp','2025-09-06 19:17:35'),(73,43,'Foto','/uploads_img/1757185991871-861484903.webp','2025-09-06 19:17:35'),(74,47,'Foto','/uploads_img/1757185991871-861484903.webp','2025-09-06 19:17:35'),(75,51,'Foto','/uploads_img/1757185991871-861484903.webp','2025-09-06 19:17:35'),(76,53,'Foto','/uploads_img/1757185991871-861484903.webp','2025-09-06 19:17:35'),(77,54,'Foto','/uploads_img/1757185991871-861484903.webp','2025-09-06 19:17:35'),(78,56,'Foto','/uploads_img/1757185991871-861484903.webp','2025-09-06 19:17:35'),(79,59,'Foto','/uploads_img/1757185991871-861484903.webp','2025-09-06 19:17:35'),(80,60,'Foto','/uploads_img/1757185991871-861484903.webp','2025-09-06 19:17:35'),(81,68,'Foto','/uploads_img/1757185991871-861484903.webp','2025-09-06 19:17:35'),(94,400,'Foto','/uploads_img/1757185991871-861484903.webp','2025-09-06 19:24:31'),(95,406,'Foto','/uploads_img/1757185991871-861484903.webp','2025-09-06 19:24:31'),(96,410,'Foto','/uploads_img/1757185991871-861484903.webp','2025-09-06 19:24:31'),(97,418,'Foto','/uploads_img/1757185991871-861484903.webp','2025-09-06 19:24:31'),(98,424,'Foto','/uploads_img/1757185991871-861484903.webp','2025-09-06 19:24:31'),(99,428,'Foto','/uploads_img/1757185991871-861484903.webp','2025-09-06 19:24:31'),(100,433,'Foto','/uploads_img/1757185991871-861484903.webp','2025-09-06 19:24:31'),(101,439,'Foto','/uploads_img/1757185991871-861484903.webp','2025-09-06 19:24:31'),(102,441,'Foto','/uploads_img/1757185991871-861484903.webp','2025-09-06 19:24:31'),(103,445,'Foto','/uploads_img/1757185991871-861484903.webp','2025-09-06 19:24:31'),(104,448,'Foto','/uploads_img/1757185991871-861484903.webp','2025-09-06 19:24:31'),(105,454,'Foto','/uploads_img/1757185991871-861484903.webp','2025-09-06 19:24:31'),(106,475,'Foto','/uploads_img/1757185991871-861484903.webp','2025-09-06 19:29:11'),(107,476,'Foto','/uploads_img/1757185991871-861484903.webp','2025-09-06 19:29:11'),(108,482,'Foto','/uploads_img/1757185991871-861484903.webp','2025-09-06 19:29:11'),(109,488,'Foto','/uploads_img/1757185991871-861484903.webp','2025-09-06 19:29:11'),(110,492,'Foto','/uploads_img/1757185991871-861484903.webp','2025-09-06 19:29:11'),(111,496,'Foto','/uploads_img/1757185991871-861484903.webp','2025-09-06 19:29:11'),(112,500,'Foto','/uploads_img/1757185991871-861484903.webp','2025-09-06 19:29:11'),(113,505,'Foto','/uploads_img/1757185991871-861484903.webp','2025-09-06 19:29:11'),(114,507,'Foto','/uploads_img/1757185991871-861484903.webp','2025-09-06 19:29:11'),(115,511,'Foto','/uploads_img/1757185991871-861484903.webp','2025-09-06 19:29:11'),(116,514,'Foto','/uploads_img/1757185991871-861484903.webp','2025-09-06 19:29:11'),(117,521,'Foto','/uploads_img/1757185991871-861484903.webp','2025-09-06 19:29:11'),(118,533,'Foto','/uploads_img/1757185991871-861484903.webp','2025-09-06 19:30:51'),(119,537,'Foto','/uploads_img/1757185991871-861484903.webp','2025-09-06 19:30:51'),(120,541,'Foto','/uploads_img/1757185991871-861484903.webp','2025-09-06 19:30:51'),(121,544,'Foto','/uploads_img/1757185991871-861484903.webp','2025-09-06 19:30:51'),(122,548,'Foto','/uploads_img/1757185991871-861484903.webp','2025-09-06 19:30:51'),(123,551,'Foto','/uploads_img/1757185991871-861484903.webp','2025-09-06 19:30:51'),(124,562,'Foto','/uploads_img/1757185991871-861484903.webp','2025-09-06 19:30:51'),(125,568,'Foto','/uploads_img/1757185991871-861484903.webp','2025-09-06 19:30:51'),(126,570,'Foto','/uploads_img/1757185991871-861484903.webp','2025-09-06 19:30:51'),(127,574,'Foto','/uploads_img/1757185991871-861484903.webp','2025-09-06 19:30:51'),(128,577,'Foto','/uploads_img/1757185991871-861484903.webp','2025-09-06 19:30:51'),(129,593,'Foto','/uploads_img/1757185991871-861484903.webp','2025-09-06 19:30:51'),(130,600,'Foto','/uploads_img/1757185991871-861484903.webp','2025-09-06 19:30:51'),(131,606,'Foto','/uploads_img/1757185991871-861484903.webp','2025-09-06 19:32:48'),(132,610,'Foto','/uploads_img/1757185991871-861484903.webp','2025-09-06 19:32:48'),(133,616,'Foto','/uploads_img/1757185991871-861484903.webp','2025-09-06 19:32:48'),(134,623,'Foto','/uploads_img/1757185991871-861484903.webp','2025-09-06 19:32:48'),(135,624,'Foto','/uploads_img/1757185991871-861484903.webp','2025-09-06 19:32:48'),(136,625,'Foto','/uploads_img/1757185991871-861484903.webp','2025-09-06 19:32:48'),(137,627,'Foto','/uploads_img/1757185991871-861484903.webp','2025-09-06 19:32:48'),(138,631,'Foto','/uploads_img/1757185991871-861484903.webp','2025-09-06 19:32:48'),(139,634,'Foto','/uploads_img/1757185991871-861484903.webp','2025-09-06 19:32:48'),(140,638,'Foto','/uploads_img/1757185991871-861484903.webp','2025-09-06 19:32:48'),(141,642,'Foto','/uploads_img/1757185991871-861484903.webp','2025-09-06 19:32:48'),(142,646,'Foto','/uploads_img/1757185991871-861484903.webp','2025-09-06 19:32:48'),(143,654,'Foto','/uploads_img/1757185991871-861484903.webp','2025-09-06 19:32:48'),(144,658,'Foto','/uploads_img/1757185991871-861484903.webp','2025-09-06 19:32:48'),(145,674,'Foto','/uploads_img/1757185991871-861484903.webp','2025-09-06 19:53:18'),(146,676,'Foto','/uploads_img/1757185991871-861484903.webp','2025-09-06 19:53:18'),(147,685,'Foto','/uploads_img/1757185991871-861484903.webp','2025-09-06 19:53:18'),(148,691,'Foto','/uploads_img/1757185991871-861484903.webp','2025-09-06 19:53:18'),(149,692,'Foto','/uploads_img/1757185991871-861484903.webp','2025-09-06 19:53:18'),(150,693,'Foto','/uploads_img/1757185991871-861484903.webp','2025-09-06 19:53:18'),(151,695,'Foto','/uploads_img/1757185991871-861484903.webp','2025-09-06 19:53:18'),(152,703,'Foto','/uploads_img/1757185991871-861484903.webp','2025-09-06 19:53:18'),(153,707,'Foto','/uploads_img/1757185991871-861484903.webp','2025-09-06 19:53:18'),(154,711,'Foto','/uploads_img/1757185991871-861484903.webp','2025-09-06 19:53:18'),(155,714,'Foto','/uploads_img/1757185991871-861484903.webp','2025-09-06 19:53:18'),(156,718,'Foto','/uploads_img/1757185991871-861484903.webp','2025-09-06 19:53:18'),(157,721,'Foto','/uploads_img/1757185991871-861484903.webp','2025-09-06 19:53:18'),(158,741,'Foto','/uploads_img/1757185991871-861484903.webp','2025-09-06 19:54:49'),(159,813,'Foto','/uploads_img/1757185991871-861484903.webp','2025-09-06 19:56:53'),(160,815,'Foto','/uploads_img/1757185991871-861484903.webp','2025-09-06 19:56:53'),(161,818,'Foto','/uploads_img/1757185991871-861484903.webp','2025-09-06 19:56:53'),(162,821,'Foto','/uploads_img/1757185991871-861484903.webp','2025-09-06 19:56:53'),(163,824,'Foto','/uploads_img/1757185991871-861484903.webp','2025-09-06 19:56:53'),(164,827,'Foto','/uploads_img/1757185991871-861484903.webp','2025-09-06 19:56:53'),(165,831,'Foto','/uploads_img/1757185991871-861484903.webp','2025-09-06 19:56:53'),(166,834,'Foto','/uploads_img/1757185991871-861484903.webp','2025-09-06 19:56:53'),(167,838,'Foto','/uploads_img/1757185991871-861484903.webp','2025-09-06 19:56:53'),(168,842,'Foto','/uploads_img/1757185991871-861484903.webp','2025-09-06 19:56:53'),(169,845,'Foto','/uploads_img/1757185991871-861484903.webp','2025-09-06 19:56:53'),(170,848,'Foto','/uploads_img/1757185991871-861484903.webp','2025-09-06 19:56:53'),(171,852,'Foto','/uploads_img/1757185991871-861484903.webp','2025-09-06 19:56:53'),(172,856,'Foto','/uploads_img/1757185991871-861484903.webp','2025-09-06 19:56:53'),(173,863,'Foto','/uploads_img/1757185991871-861484903.webp','2025-09-06 19:56:53'),(174,864,'Foto','/uploads_img/1757185991871-861484903.webp','2025-09-06 19:56:53'),(175,869,'Foto','/uploads_img/1757185991871-861484903.webp','2025-09-06 19:56:53');
/*!40000 ALTER TABLE `arquivos` ENABLE KEYS */;
UNLOCK TABLES;

--
-- Table structure for table `auditorias`
--

DROP TABLE IF EXISTS `auditorias`;
/*!40101 SET @saved_cs_client     = @@character_set_client */;
/*!50503 SET character_set_client = utf8mb4 */;
CREATE TABLE `auditorias` (
  `id` int NOT NULL AUTO_INCREMENT,
  `id_usuario` int NOT NULL,
  `id_cliente` int NOT NULL,
  `observacao` text,
  `dt_auditoria` date NOT NULL,
  `dt_registro` datetime DEFAULT CURRENT_TIMESTAMP,
  PRIMARY KEY (`id`),
  KEY `id_usuario` (`id_usuario`),
  KEY `id_cliente` (`id_cliente`),
  CONSTRAINT `auditorias_ibfk_1` FOREIGN KEY (`id_usuario`) REFERENCES `usuarios` (`id`) ON DELETE CASCADE,
  CONSTRAINT `auditorias_ibfk_2` FOREIGN KEY (`id_cliente`) REFERENCES `clientes` (`id`) ON DELETE CASCADE
) ENGINE=InnoDB AUTO_INCREMENT=14 DEFAULT CHARSET=utf8mb4 COLLATE=utf8mb4_0900_ai_ci;
/*!40101 SET character_set_client = @saved_cs_client */;

--
-- Dumping data for table `auditorias`
--

LOCK TABLES `auditorias` WRITE;
/*!40000 ALTER TABLE `auditorias` DISABLE KEYS */;
INSERT INTO `auditorias` VALUES (1,1,1,'Auditoria mensal de rotina - Janeiro','2025-01-06','2025-09-06 18:57:31'),(2,1,1,'Auditoria mensal de rotina - Fevereiro','2025-02-06','2025-09-06 19:21:04'),(3,1,1,'Auditoria mensal de rotina - Março','2025-03-06','2025-09-06 19:28:24'),(4,1,1,'Auditoria mensal de rotina - Abril','2025-04-06','2025-09-06 19:30:05'),(5,1,1,'Auditoria mensal de rotina - Maio','2025-05-06','2025-09-06 19:32:02'),(6,1,1,'Auditoria mensal de rotina - Junho','2025-06-06','2025-09-06 19:47:46'),(7,1,1,'Auditoria mensal de rotina - Julho','2025-07-06','2025-09-06 19:47:55'),(8,1,1,'Auditoria mensal de rotina - Setembro','2025-08-06','2025-09-06 19:56:08');
/*!40000 ALTER TABLE `auditorias` ENABLE KEYS */;
UNLOCK TABLES;

--
-- Table structure for table `clientes`
--

DROP TABLE IF EXISTS `clientes`;
/*!40101 SET @saved_cs_client     = @@character_set_client */;
/*!50503 SET character_set_client = utf8mb4 */;
CREATE TABLE `clientes` (
  `id` int NOT NULL AUTO_INCREMENT,
  `razao_social` varchar(150) NOT NULL,
  `cnpj` varchar(18) NOT NULL,
  `responsavel` varchar(255) DEFAULT NULL,
  `email` varchar(255) DEFAULT NULL,
  `telefone` varchar(50) DEFAULT NULL,
  `endereco` varchar(255) DEFAULT NULL,
  `dt_registro` datetime DEFAULT CURRENT_TIMESTAMP,
  `dt_atualizacao` datetime DEFAULT CURRENT_TIMESTAMP ON UPDATE CURRENT_TIMESTAMP,
  PRIMARY KEY (`id`),
  UNIQUE KEY `cnpj` (`cnpj`)
) ENGINE=InnoDB AUTO_INCREMENT=4 DEFAULT CHARSET=utf8mb4 COLLATE=utf8mb4_0900_ai_ci;
/*!40101 SET character_set_client = @saved_cs_client */;

--
-- Dumping data for table `clientes`
--

LOCK TABLES `clientes` WRITE;
/*!40000 ALTER TABLE `clientes` DISABLE KEYS */;
INSERT INTO `clientes` VALUES (1,'Teste LTDA','41.587.965/0001-54','Teste teste','teste@teste.com','(00) 00000-0000','rua teste numero 00','2025-09-06 18:50:00','2025-09-07 13:08:52');
/*!40000 ALTER TABLE `clientes` ENABLE KEYS */;
UNLOCK TABLES;

--
-- Table structure for table `perguntas`
--

DROP TABLE IF EXISTS `perguntas`;
/*!40101 SET @saved_cs_client     = @@character_set_client */;
/*!50503 SET character_set_client = utf8mb4 */;
CREATE TABLE `perguntas` (
  `id` int NOT NULL AUTO_INCREMENT,
  `id_topico` int NOT NULL,
  `descricao_pergunta` varchar(255) NOT NULL,
  `ordem_pergunta` int NOT NULL,
  `dt_registro` datetime DEFAULT CURRENT_TIMESTAMP,
  PRIMARY KEY (`id`),
  UNIQUE KEY `pergunta_unica_topico` (`id_topico`,`descricao_pergunta`),
  UNIQUE KEY `ordem_unica_por_topico` (`id_topico`,`ordem_pergunta`),
  KEY `id_topico` (`id_topico`),
  CONSTRAINT `perguntas_ibfk_1` FOREIGN KEY (`id_topico`) REFERENCES `topicos` (`id`) ON DELETE CASCADE
) ENGINE=InnoDB AUTO_INCREMENT=223 DEFAULT CHARSET=utf8mb4 COLLATE=utf8mb4_0900_ai_ci;
/*!40101 SET character_set_client = @saved_cs_client */;

--
-- Dumping data for table `perguntas`
--

LOCK TABLES `perguntas` WRITE;
/*!40000 ALTER TABLE `perguntas` DISABLE KEYS */;
INSERT INTO `perguntas` VALUES (1,1,'A planilha de controle de recebimento está sendo preenchida ?',1,'2025-09-06 18:27:43'),(2,1,'A data de validade é conferida no recebimento?',2,'2025-09-06 18:27:43'),(3,1,'É verificada a integridade das embalagens?',3,'2025-09-06 18:27:43'),(4,1,'As planilhas de recebimento de hortifruti, padaria e embalagens estão sendo preenchidas no ato do recebimento, por item?',4,'2025-09-06 18:27:43'),(5,1,'Os alimentos perecíveis estão sendo rotulados e armazenados em local e temperatura adequada?',5,'2025-09-06 18:27:43'),(6,1,'Os materiais estão sendo armazenados em local apropriado e organizados?',6,'2025-09-06 18:27:43'),(7,1,'As entregas de carne e gelados estão sendo conferidas em local e temperatura adequada?',7,'2025-09-06 18:27:43'),(8,1,'Há um responsável para o recebimento dos alimentos por planilha?',8,'2025-09-06 18:27:43'),(9,2,'O descongelamento de carnes é feito em ambiente refrigerado?',1,'2025-09-06 18:27:43'),(10,2,'O preparo de carnes é feito em área isolada dos demais alimentos?',2,'2025-09-06 18:27:43'),(11,2,'As carnes são embaladas e rotuladas?',3,'2025-09-06 18:27:43'),(12,2,'São utilizadas embalagens próprias?',4,'2025-09-06 18:27:43'),(13,2,'A refrigeração está adequada?',5,'2025-09-06 18:27:43'),(14,2,'É feita a higienização das embalagens de carnes recebidas no local?',6,'2025-09-06 18:27:43'),(15,3,'O processo de higienização de hortifruti é realizado em 3 etapas (lavagem, sanitização e enxágue)?',1,'2025-09-06 18:27:43'),(16,3,'São utilizados produtos saneantes (cloro, hipoclorito, entre outros) nas concentrações e tempos de contato adequados para higienização de hortifruti?',2,'2025-09-06 18:27:43'),(17,3,'O enxágue é realizado em água corrente?',3,'2025-09-06 18:27:43'),(18,3,'Existe local e utensílios exclusivos para higienização?',4,'2025-09-06 18:27:43'),(19,3,'O responsável pelo setor utiliza os EPIs adequados para o processo?',5,'2025-09-06 18:27:43'),(20,4,'Os alimentos são armazenados em local apropriado e com temperatura ambiente adequada?',1,'2025-09-06 18:27:43'),(21,4,'O local de armazenamento está limpo e organizado?',2,'2025-09-06 18:27:43'),(22,4,'Os alimentos estão separados do chão e da parede?',3,'2025-09-06 18:27:43'),(23,4,'A validade é verificada diariamente?',4,'2025-09-06 18:27:43'),(24,5,'A temperatura do congelador está adequada (abaixo de -18ºC)?',1,'2025-09-06 18:27:43'),(25,5,'O armazenamento está limpo e organizado?',2,'2025-09-06 18:27:43'),(26,5,'São utilizados termômetros para monitorar a temperatura?',3,'2025-09-06 18:27:43'),(27,5,'As embalagens estão em perfeito estado e corretamente rotuladas?',4,'2025-09-06 18:27:43'),(28,5,'Existe a separação de alimentos por tipo?',5,'2025-09-06 18:27:43'),(29,6,'A temperatura da geladeira está adequada (abaixo de 5ºC)?',1,'2025-09-06 18:27:43'),(30,6,'O armazenamento está limpo e organizado?',2,'2025-09-06 18:27:43'),(31,6,'São utilizados termômetros para monitorar a temperatura?',3,'2025-09-06 18:27:43'),(32,6,'As embalagens estão em perfeito estado e corretamente rotuladas?',4,'2025-09-06 18:27:43'),(33,6,'Existe a separação de alimentos por tipo?',5,'2025-09-06 18:27:43'),(34,7,'Os equipamentos e utensílios estão limpos e conservados?',1,'2025-09-06 18:27:43'),(35,7,'São utilizados produtos de limpeza adequados?',2,'2025-09-06 18:27:43'),(36,7,'Os utensílios estão identificados por área de uso?',3,'2025-09-06 18:27:43'),(37,7,'A higienização é realizada regularmente?',4,'2025-09-06 18:27:43'),(38,8,'O salão e as mesas estão limpos e organizados?',1,'2025-09-06 18:27:43'),(39,8,'As lixeiras estão em bom estado e com tampas?',2,'2025-09-06 18:27:43'),(40,8,'As áreas de circulação estão desimpedidas?',3,'2025-09-06 18:27:43'),(41,8,'O local está livre de pragas e vetores?',4,'2025-09-06 18:27:43'),(42,9,'A área de pré-preparo é exclusiva e limpa?',1,'2025-09-06 18:27:43'),(43,9,'Os utensílios são higienizados antes e depois do uso?',2,'2025-09-06 18:27:43'),(44,9,'O pré-preparo de alimentos crus e cozidos é feito em áreas diferentes?',3,'2025-09-06 18:27:43'),(45,9,'São utilizadas tábuas de corte de cores diferentes para cada tipo de alimento?',4,'2025-09-06 18:27:43'),(46,10,'A temperatura dos alimentos quentes é mantida acima de 60ºC?',1,'2025-09-06 18:27:43'),(47,10,'A temperatura dos alimentos frios é mantida abaixo de 5ºC?',2,'2025-09-06 18:27:43'),(48,10,'São utilizados equipamentos adequados para a distribuição?',3,'2025-09-06 18:27:43'),(49,10,'O responsável pelo setor utiliza os EPIs adequados?',4,'2025-09-06 18:27:43'),(50,11,'O lixo é armazenado em local exclusivo e fechado?',1,'2025-09-06 18:27:43'),(51,11,'As lixeiras são limpas e desinfetadas regularmente?',2,'2025-09-06 18:27:43'),(52,11,'O lixo é retirado diariamente?',3,'2025-09-06 18:27:43'),(53,12,'Existe um contrato com uma empresa de controle de pragas?',1,'2025-09-06 18:27:43'),(54,12,'São realizadas vistorias regulares?',2,'2025-09-06 18:27:43'),(55,12,'As áreas internas e externas estão livres de pragas?',3,'2025-09-06 18:27:43'),(56,13,'As embalagens são adequadas para o transporte?',1,'2025-09-06 18:27:43'),(57,13,'A temperatura das refeições é monitorada?',2,'2025-09-06 18:27:43'),(58,13,'As refeições são transportadas em veículos limpos?',3,'2025-09-06 18:27:43'),(59,13,'As refeições são entregues no prazo correto?',4,'2025-09-06 18:27:43'),(60,14,'Todos os profissionais estão com as unhas aparadas, limpas e sem esmalte?',1,'2025-09-06 18:27:43'),(61,14,'Não usam adornos (aliança, anéis, brincos, cílios postiços, piercing em local aparente)?',2,'2025-09-06 18:27:43'),(62,14,'Não usam barba e bigode?',3,'2025-09-06 18:27:43'),(63,14,'Profissionais e visitantes usam proteção para os cabelos (touca) cobrindo as orelhas?',4,'2025-09-06 18:27:43'),(64,14,'Existe pia exclusiva para higienização das mãos?',5,'2025-09-06 18:27:43'),(65,14,'A pia de higiene das mãos não é utilizada para outros fins?',6,'2025-09-06 18:27:43'),(66,14,'Quando não há pia exclusiva é determinado um local para higiene das mãos?',7,'2025-09-06 18:27:43'),(67,14,'Higienizam as mãos seguindo os procedimentos?',8,'2025-09-06 18:27:43'),(68,14,'Há na pia de higienização das mãos sabonete bactericida e papel toalha branco?',9,'2025-09-06 18:27:43'),(69,14,'Todos os profissionais estão uniformizados e limpos?',10,'2025-09-06 18:27:43');
/*!40000 ALTER TABLE `perguntas` ENABLE KEYS */;
UNLOCK TABLES;

--
-- Table structure for table `respostas`
--

DROP TABLE IF EXISTS `respostas`;
/*!40101 SET @saved_cs_client     = @@character_set_client */;
/*!50503 SET character_set_client = utf8mb4 */;
CREATE TABLE `respostas` (
  `id` int NOT NULL AUTO_INCREMENT,
  `id_auditoria` int NOT NULL,
  `id_pergunta` int NOT NULL,
  `st_pergunta` enum('CF','NC','PC','NE') NOT NULL,
  `comentario` text,
  `dt_resposta` datetime DEFAULT CURRENT_TIMESTAMP,
  `dt_registro` datetime DEFAULT CURRENT_TIMESTAMP,
  PRIMARY KEY (`id`),
  KEY `id_auditoria` (`id_auditoria`),
  KEY `id_pergunta` (`id_pergunta`),
  CONSTRAINT `respostas_ibfk_1` FOREIGN KEY (`id_auditoria`) REFERENCES `auditorias` (`id`),
  CONSTRAINT `respostas_ibfk_2` FOREIGN KEY (`id_pergunta`) REFERENCES `perguntas` (`id`)
) ENGINE=InnoDB AUTO_INCREMENT=878 DEFAULT CHARSET=utf8mb4 COLLATE=utf8mb4_0900_ai_ci;
/*!40101 SET character_set_client = @saved_cs_client */;

--
-- Dumping data for table `respostas`
--

LOCK TABLES `respostas` WRITE;
/*!40000 ALTER TABLE `respostas` DISABLE KEYS */;
INSERT INTO `respostas` VALUES (1,1,1,'CF','O descongelamento é feito de forma segura e em local adequado.','2025-09-06 19:10:47','2025-09-06 19:10:47'),(2,1,2,'CF','As cubas plásticas estão em bom estado de conservação.','2025-09-06 19:10:47','2025-09-06 19:10:47'),(3,1,3,'CF','A manipulação é realizada em pequenos lotes para garantir a segurança.','2025-09-06 19:10:47','2025-09-06 19:10:47'),(4,1,4,'NC','O tempo de manipulação em temperatura ambiente excede o tempo permitido.','2025-09-06 19:10:47','2025-09-06 19:10:47'),(5,1,5,'CF','Item em conformidade.','2025-09-06 19:10:47','2025-09-06 19:10:47'),(6,1,6,'NC','Foram encontradas preparações de véspera fora da temperatura de segurança.','2025-09-06 19:10:47','2025-09-06 19:10:47'),(7,1,7,'CF','As tábuas de corte estão em boas condições e limpas.','2025-09-06 19:10:47','2025-09-06 19:10:47'),(8,1,8,'CF','Tábuas identificadas por cores, como no protocolo.','2025-09-06 19:10:47','2025-09-06 19:10:47'),(9,1,9,'NC','Portas e janelas estão mal ajustadas, permitindo a entrada de pragas.','2025-09-06 19:10:47','2025-09-06 19:10:47'),(10,1,10,'PC','A luva de malha de aço não está sendo higienizada corretamente após o uso.','2025-09-06 19:10:47','2025-09-06 19:10:47'),(11,1,11,'CF','Iluminação adequada em toda a área de manipulação.','2025-09-06 19:10:47','2025-09-06 19:10:47'),(12,1,12,'CF','A climatização está mantendo a temperatura da sala conforme o necessário.','2025-09-06 19:10:47','2025-09-06 19:10:47'),(13,1,13,'CF','Há uma área exclusiva para a atividade, conforme o padrão.','2025-09-06 19:10:47','2025-09-06 19:10:47'),(14,1,14,'NC','A higienização de folhas não é feita individualmente.','2025-09-06 19:10:47','2025-09-06 19:10:47'),(15,1,15,'NC','A diluição do sanitizante não está correta, não seguindo as instruções do rótulo.','2025-09-06 19:10:47','2025-09-06 19:10:47'),(16,1,16,'CF','O tempo de contato da solução com os vegetais é respeitado.','2025-09-06 19:10:47','2025-09-06 19:10:47'),(17,1,17,'NC','A solução clorada não está sendo descartada de forma adequada após o uso.','2025-09-06 19:10:47','2025-09-06 19:10:47'),(18,1,18,'CF','O fluxograma de higienização está fixado na parede e visível.','2025-09-06 19:10:47','2025-09-06 19:10:47'),(19,1,19,'CF','O cronômetro está sendo utilizado para monitorar o tempo.','2025-09-06 19:10:47','2025-09-06 19:10:47'),(20,1,20,'CF','Equipe treinada e ciente dos procedimentos.','2025-09-06 19:10:47','2025-09-06 19:10:47'),(21,1,21,'CF','A embalagem do produto sanitizante é mantida limpa e em local apropriado.','2025-09-06 19:10:47','2025-09-06 19:10:47'),(22,1,22,'NC','A disposição dos produtos no estoque não obedece a ordem PVPS.','2025-09-06 19:10:47','2025-09-06 19:10:47'),(23,1,23,'NC','Foi encontrado um produto vencido na prateleira.','2025-09-06 19:10:47','2025-09-06 19:10:47'),(24,1,24,'NC','Produtos abertos não estão etiquetados com a data de abertura.','2025-09-06 19:10:47','2025-09-06 19:10:47'),(25,1,25,'NC','O estoque está desorganizado e com acúmulo de sujeira.','2025-09-06 19:10:47','2025-09-06 19:10:47'),(26,1,26,'CF','Caixas de papelão estão protegidas por saco plástico.','2025-09-06 19:10:47','2025-09-06 19:10:47'),(27,1,27,'NC','Encontramos algumas embalagens de produtos diretamente no chão.','2025-09-06 19:10:47','2025-09-06 19:10:47'),(28,1,28,'CF','Prateleiras limpas e organizadas.','2025-09-06 19:10:47','2025-09-06 19:10:47'),(29,1,29,'CF','Alimentos e produtos de limpeza estão separados.','2025-09-06 19:10:47','2025-09-06 19:10:47'),(30,1,30,'CF','Produtos de limpeza armazenados em local exclusivo.','2025-09-06 19:10:47','2025-09-06 19:10:47'),(31,1,31,'PC','Existem produtos não conformes, mas não estão claramente identificados para devolução.','2025-09-06 19:10:47','2025-09-06 19:10:47'),(32,1,32,'CF','Nenhum produto vencido encontrado no local.','2025-09-06 19:10:47','2025-09-06 19:10:47'),(33,1,33,'CF','O freezer está com uma crosta de gelo aceitável.','2025-09-06 19:10:47','2025-09-06 19:10:47'),(34,1,34,'NC','O registro de temperatura do freezer não está sendo feito diariamente.','2025-09-06 19:10:47','2025-09-06 19:10:47'),(35,1,35,'CF','Caixas de papelão estão protegidas com sacos plásticos.','2025-09-06 19:10:47','2025-09-06 19:10:47'),(36,1,36,'CF','Jaqueta térmica limpa e disponível.','2025-09-06 19:10:47','2025-09-06 19:10:47'),(37,1,37,'CF','Jaqueta térmica em bom estado.','2025-09-06 19:10:47','2025-09-06 19:10:47'),(38,1,38,'NC','Alguns produtos semi-processados não estão identificados corretamente.','2025-09-06 19:10:47','2025-09-06 19:10:47'),(39,1,39,'NC','Os alimentos na geladeira não estão separados por tipo.','2025-09-06 19:10:47','2025-09-06 19:10:47'),(40,1,40,'CF','Nenhum produto vencido na geladeira.','2025-09-06 19:10:47','2025-09-06 19:10:47'),(41,1,41,'CF','Não há acúmulo de gelo dentro da geladeira.','2025-09-06 19:10:47','2025-09-06 19:10:47'),(42,1,42,'CF','Não há gotejamento de água na geladeira.','2025-09-06 19:10:47','2025-09-06 19:10:47'),(43,1,43,'NC','O registro de temperatura da geladeira não está sendo feito.','2025-09-06 19:10:47','2025-09-06 19:10:47'),(44,1,44,'CF','A geladeira está em bom estado de limpeza e conservação.','2025-09-06 19:10:47','2025-09-06 19:10:47'),(45,1,45,'CF','Equipamentos em bom estado de conservação.','2025-09-06 19:10:47','2025-09-06 19:10:47'),(46,1,46,'CF','Sistema de exaustão funcionando e limpo.','2025-09-06 19:10:47','2025-09-06 19:10:47'),(47,1,47,'NC','O sistema de exaustão não possui as telas de proteção.','2025-09-06 19:10:47','2025-09-06 19:10:47'),(48,1,48,'CF','Utensílios em perfeitas condições de uso e higienizados.','2025-09-06 19:10:47','2025-09-06 19:10:47'),(49,1,49,'CF','Utensílios guardados em local apropriado, sem riscos de contaminação.','2025-09-06 19:10:47','2025-09-06 19:10:47'),(50,1,50,'CF','O forno e fogão estão em bom estado de limpeza.','2025-09-06 19:10:47','2025-09-06 19:10:47'),(51,1,51,'NC','Os equipamentos de medição não estão calibrados.','2025-09-06 19:10:47','2025-09-06 19:10:47'),(52,1,52,'CF','Equipamentos de medição higienizados.','2025-09-06 19:10:47','2025-09-06 19:10:47'),(53,1,53,'NC','Caixas plásticas com algumas rachaduras, o que prejudica a higienização.','2025-09-06 19:10:47','2025-09-06 19:10:47'),(54,1,54,'NC','Equipamentos em desuso estão acumulados no local, atrapalhando a operação.','2025-09-06 19:10:47','2025-09-06 19:10:47'),(55,1,55,'CF','O cronograma de manutenção dos equipamentos é seguido.','2025-09-06 19:10:47','2025-09-06 19:10:47'),(56,1,56,'NC','A área de produção está com acúmulo de sujeira.','2025-09-06 19:10:47','2025-09-06 19:10:47'),(57,1,57,'NE','Não se aplica o registro em planilha.','2025-09-06 19:10:47','2025-09-06 19:10:47'),(58,1,58,'CF','Atrás dos equipamentos, a limpeza foi realizada corretamente.','2025-09-06 19:10:47','2025-09-06 19:10:47'),(59,1,59,'NC','Não há separação adequada entre os utensílios de limpeza da produção e dos banheiros.','2025-09-06 19:10:47','2025-09-06 19:10:47'),(60,1,60,'NC','Utensílios de limpeza estão guardados na área de produção, o que é um risco de contaminação.','2025-09-06 19:10:47','2025-09-06 19:10:47'),(61,1,61,'CF','Banheiros de uso exclusivo para manipuladores e separados por sexo.','2025-09-06 19:10:47','2025-09-06 19:10:47'),(62,1,62,'CF','Instalações sanitárias com todos os itens de higiene necessários.','2025-09-06 19:10:47','2025-09-06 19:10:47'),(63,1,63,'CF','Produtos de limpeza com registro no Ministério da Saúde.','2025-09-06 19:10:47','2025-09-06 19:10:47'),(64,1,64,'CF','Não são utilizados panos de algodão, panos de prato, para secagem de louças.','2025-09-06 19:10:47','2025-09-06 19:10:47'),(65,1,65,'CF','O álcool 70% está sendo usado para desinfecção.','2025-09-06 19:10:47','2025-09-06 19:10:47'),(66,1,66,'CF','EPIs para higienização em uso e em bom estado.','2025-09-06 19:10:47','2025-09-06 19:10:47'),(67,1,67,'CF','Uniformes/aventais são guardados em local próprio.','2025-09-06 19:10:47','2025-09-06 19:10:47'),(68,1,68,'NC','Alguns borrifadores não estão devidamente identificados.','2025-09-06 19:10:47','2025-09-06 19:10:47'),(69,1,69,'CF','As bancadas são higienizadas antes e depois da manipulação dos alimentos.','2025-09-06 19:10:47','2025-09-06 19:10:47'),(395,2,1,'CF','O descongelamento é feito de forma segura e em local adequado.','2025-09-06 19:21:39','2025-09-06 19:21:39'),(396,2,2,'CF','As cubas plásticas estão em bom estado de conservação.','2025-09-06 19:21:39','2025-09-06 19:21:39'),(397,2,3,'CF','A manipulação é realizada em pequenos lotes para garantir a segurança.','2025-09-06 19:21:39','2025-09-06 19:21:39'),(398,2,4,'CF','O tempo de manipulação em temperatura ambiente é respeitado.','2025-09-06 19:21:39','2025-09-06 19:21:39'),(399,2,5,'CF','Item em conformidade.','2025-09-06 19:21:39','2025-09-06 19:21:39'),(400,2,6,'PC','As preparações de véspera estão sendo mantidas em temperatura segura na maioria das vezes, mas houve um pequeno desvio.','2025-09-06 19:21:39','2025-09-06 19:21:39'),(401,2,7,'CF','As tábuas de corte estão em boas condições e limpas.','2025-09-06 19:21:39','2025-09-06 19:21:39'),(402,2,8,'CF','Tábuas identificadas por cores, como no protocolo.','2025-09-06 19:21:39','2025-09-06 19:21:39'),(403,2,9,'CF','Portas e janelas estão ajustadas.','2025-09-06 19:21:39','2025-09-06 19:21:39'),(404,2,10,'CF','A luva de malha de aço está sendo higienizada corretamente.','2025-09-06 19:21:39','2025-09-06 19:21:39'),(405,2,11,'CF','Iluminação adequada em toda a área de manipulação.','2025-09-06 19:21:39','2025-09-06 19:21:39'),(406,2,12,'NC','A climatização está com problemas, não mantendo a temperatura da sala conforme o necessário.','2025-09-06 19:21:39','2025-09-06 19:21:39'),(407,2,13,'CF','Há uma área exclusiva para a atividade, conforme o padrão.','2025-09-06 19:21:39','2025-09-06 19:21:39'),(408,2,14,'CF','A higienização de folhas é feita individualmente.','2025-09-06 19:21:39','2025-09-06 19:21:39'),(409,2,15,'CF','A diluição do sanitizante está correta, seguindo as instruções do rótulo.','2025-09-06 19:21:39','2025-09-06 19:21:39'),(410,2,16,'NC','O tempo de contato da solução com os vegetais não está sendo respeitado.','2025-09-06 19:21:39','2025-09-06 19:21:39'),(411,2,17,'CF','A solução clorada está sendo descartada de forma adequada.','2025-09-06 19:21:39','2025-09-06 19:21:39'),(412,2,18,'CF','O fluxograma de higienização está fixado na parede e visível.','2025-09-06 19:21:39','2025-09-06 19:21:39'),(413,2,19,'CF','O cronômetro está sendo utilizado para monitorar o tempo.','2025-09-06 19:21:39','2025-09-06 19:21:39'),(414,2,20,'CF','Equipe treinada e ciente dos procedimentos.','2025-09-06 19:21:39','2025-09-06 19:21:39'),(415,2,21,'CF','A embalagem do produto sanitizante é mantida limpa e em local apropriado.','2025-09-06 19:21:39','2025-09-06 19:21:39'),(416,2,22,'CF','A disposição dos produtos no estoque obedece a ordem PVPS.','2025-09-06 19:21:39','2025-09-06 19:21:39'),(417,2,23,'CF','Nenhum produto vencido encontrado.','2025-09-06 19:21:39','2025-09-06 19:21:39'),(418,2,24,'NC','Produtos abertos não estão etiquetados com a data de abertura.','2025-09-06 19:21:39','2025-09-06 19:21:39'),(419,2,25,'CF','O estoque está organizado e limpo.','2025-09-06 19:21:39','2025-09-06 19:21:39'),(420,2,26,'CF','Caixas de papelão estão protegidas por saco plástico.','2025-09-06 19:21:39','2025-09-06 19:21:39'),(421,2,27,'CF','Nenhum produto apoiado no chão.','2025-09-06 19:21:39','2025-09-06 19:21:39'),(422,2,28,'CF','Prateleiras limpas e organizadas.','2025-09-06 19:21:39','2025-09-06 19:21:39'),(423,2,29,'CF','Alimentos e produtos de limpeza estão separados.','2025-09-06 19:21:39','2025-09-06 19:21:39'),(424,2,30,'NC','Produtos de limpeza não estão em local exclusivo, foram encontrados na área de produção.','2025-09-06 19:21:39','2025-09-06 19:21:39'),(425,2,31,'CF','Produtos não conformes estão claramente identificados.','2025-09-06 19:21:39','2025-09-06 19:21:39'),(426,2,32,'CF','Nenhum produto vencido encontrado no local.','2025-09-06 19:21:39','2025-09-06 19:21:39'),(427,2,33,'CF','O freezer está com uma crosta de gelo aceitável.','2025-09-06 19:21:39','2025-09-06 19:21:39'),(428,2,34,'NC','O registro de temperatura do freezer não está sendo feito diariamente.','2025-09-06 19:21:39','2025-09-06 19:21:39'),(429,2,35,'CF','Caixas de papelão estão protegidas com sacos plásticos.','2025-09-06 19:21:39','2025-09-06 19:21:39'),(430,2,36,'CF','Jaqueta térmica limpa e disponível.','2025-09-06 19:21:39','2025-09-06 19:21:39'),(431,2,37,'CF','Jaqueta térmica em bom estado.','2025-09-06 19:21:39','2025-09-06 19:21:39'),(432,2,38,'CF','Produtos semi-processados estão identificados corretamente.','2025-09-06 19:21:39','2025-09-06 19:21:39'),(433,2,39,'NC','Os alimentos na geladeira não estão separados por tipo.','2025-09-06 19:21:39','2025-09-06 19:21:39'),(434,2,40,'CF','Nenhum produto vencido na geladeira.','2025-09-06 19:21:39','2025-09-06 19:21:39'),(435,2,41,'CF','Não há acúmulo de gelo dentro da geladeira.','2025-09-06 19:21:39','2025-09-06 19:21:39'),(436,2,42,'CF','Não há gotejamento de água na geladeira.','2025-09-06 19:21:39','2025-09-06 19:21:39'),(437,2,43,'CF','O registro de temperatura da geladeira está sendo feito.','2025-09-06 19:21:39','2025-09-06 19:21:39'),(438,2,44,'CF','A geladeira está em bom estado de limpeza e conservação.','2025-09-06 19:21:39','2025-09-06 19:21:39'),(439,2,45,'NC','Equipamentos em mau estado de conservação, com rachaduras.','2025-09-06 19:21:39','2025-09-06 19:21:39'),(440,2,46,'CF','Sistema de exaustão funcionando e limpo.','2025-09-06 19:21:39','2025-09-06 19:21:39'),(441,2,47,'PC','O sistema de exaustão possui telas, mas estão sujas.','2025-09-06 19:21:39','2025-09-06 19:21:39'),(442,2,48,'CF','Utensílios em perfeitas condições de uso e higienizados.','2025-09-06 19:21:39','2025-09-06 19:21:39'),(443,2,49,'CF','Utensílios guardados em local apropriado.','2025-09-06 19:21:39','2025-09-06 19:21:39'),(444,2,50,'CF','O forno e fogão estão em bom estado de limpeza.','2025-09-06 19:21:39','2025-09-06 19:21:39'),(445,2,51,'NC','Os equipamentos de medição não estão calibrados.','2025-09-06 19:21:39','2025-09-06 19:21:39'),(446,2,52,'CF','Equipamentos de medição higienizados.','2025-09-06 19:21:39','2025-09-06 19:21:39'),(447,2,53,'CF','Caixas plásticas em bom estado de conservação.','2025-09-06 19:21:39','2025-09-06 19:21:39'),(448,2,54,'NC','Equipamentos em desuso estão acumulados no local, atrapalhando a operação.','2025-09-06 19:21:39','2025-09-06 19:21:39'),(449,2,55,'CF','O cronograma de manutenção dos equipamentos é seguido.','2025-09-06 19:21:39','2025-09-06 19:21:39'),(450,2,56,'CF','A área de produção está limpa e organizada.','2025-09-06 19:21:39','2025-09-06 19:21:39'),(451,2,57,'NE','Não se aplica o registro em planilha.','2025-09-06 19:21:39','2025-09-06 19:21:39'),(452,2,58,'CF','A limpeza foi realizada em locais de difícil acesso.','2025-09-06 19:21:39','2025-09-06 19:21:39'),(453,2,59,'CF','Há separação adequada entre os utensílios de limpeza da produção e dos banheiros.','2025-09-06 19:21:39','2025-09-06 19:21:39'),(454,2,60,'NC','Utensílios de limpeza estão guardados na área de produção, o que é um risco de contaminação.','2025-09-06 19:21:39','2025-09-06 19:21:39'),(455,2,61,'CF','Banheiros de uso exclusivo para manipuladores e separados por sexo.','2025-09-06 19:21:39','2025-09-06 19:21:39'),(456,2,62,'CF','Instalações sanitárias com todos os itens de higiene necessários.','2025-09-06 19:21:39','2025-09-06 19:21:39'),(457,2,63,'CF','Produtos de limpeza com registro no Ministério da Saúde.','2025-09-06 19:21:39','2025-09-06 19:21:39'),(458,2,64,'CF','Não são utilizados panos de algodão para secagem de louças.','2025-09-06 19:21:39','2025-09-06 19:21:39'),(459,2,65,'CF','O álcool 70% está sendo usado para desinfecção.','2025-09-06 19:21:39','2025-09-06 19:21:39'),(460,2,66,'CF','EPIs para higienização em uso e em bom estado.','2025-09-06 19:21:39','2025-09-06 19:21:39'),(461,2,67,'CF','Uniformes/aventais são guardados em local próprio.','2025-09-06 19:21:39','2025-09-06 19:21:39'),(462,2,68,'CF','Borrifadores devidamente identificados.','2025-09-06 19:21:39','2025-09-06 19:21:39'),(463,2,69,'CF','As bancadas são higienizadas antes e depois da manipulação dos alimentos.','2025-09-06 19:21:39','2025-09-06 19:21:39'),(464,3,1,'CF','O descongelamento é feito de forma segura e em local adequado.','2025-09-06 19:28:52','2025-09-06 19:28:52'),(465,3,2,'CF','As cubas plásticas estão em bom estado de conservação.','2025-09-06 19:28:52','2025-09-06 19:28:52'),(466,3,3,'CF','A manipulação é realizada em pequenos lotes para garantir a segurança.','2025-09-06 19:28:52','2025-09-06 19:28:52'),(467,3,4,'CF','O tempo de manipulação em temperatura ambiente é respeitado.','2025-09-06 19:28:52','2025-09-06 19:28:52'),(468,3,5,'CF','Item em conformidade.','2025-09-06 19:28:52','2025-09-06 19:28:52'),(469,3,6,'CF','As preparações de véspera estão sendo mantidas em temperatura segura.','2025-09-06 19:28:52','2025-09-06 19:28:52'),(470,3,7,'CF','As tábuas de corte estão em boas condições e limpas.','2025-09-06 19:28:52','2025-09-06 19:28:52'),(471,3,8,'CF','Tábuas identificadas por cores, como no protocolo.','2025-09-06 19:28:52','2025-09-06 19:28:52'),(472,3,9,'CF','Portas e janelas estão ajustadas.','2025-09-06 19:28:52','2025-09-06 19:28:52'),(473,3,10,'CF','A luva de malha de aço está sendo higienizada corretamente.','2025-09-06 19:28:52','2025-09-06 19:28:52'),(474,3,11,'CF','Iluminação adequada em toda a área de manipulação.','2025-09-06 19:28:52','2025-09-06 19:28:52'),(475,3,12,'NC','A climatização está com problemas, não mantendo a temperatura da sala conforme o necessário.','2025-09-06 19:28:52','2025-09-06 19:28:52'),(476,3,13,'CF','Há uma área exclusiva para a atividade, conforme o padrão.','2025-09-06 19:28:52','2025-09-06 19:28:52'),(477,3,14,'CF','A higienização de folhas é feita individualmente.','2025-09-06 19:28:52','2025-09-06 19:28:52'),(478,3,15,'CF','A diluição do sanitizante está correta.','2025-09-06 19:28:52','2025-09-06 19:28:52'),(479,3,16,'CF','O tempo de contato da solução com os vegetais é respeitado.','2025-09-06 19:28:52','2025-09-06 19:28:52'),(480,3,17,'CF','A solução clorada está sendo descartada de forma adequada.','2025-09-06 19:28:52','2025-09-06 19:28:52'),(481,3,18,'CF','O fluxograma de higienização está fixado na parede e visível.','2025-09-06 19:28:52','2025-09-06 19:28:52'),(482,3,19,'CF','O cronômetro está sendo utilizado para monitorar o tempo.','2025-09-06 19:28:52','2025-09-06 19:28:52'),(483,3,20,'CF','Equipe treinada e ciente dos procedimentos.','2025-09-06 19:28:52','2025-09-06 19:28:52'),(484,3,21,'CF','A embalagem do produto sanitizante é mantida limpa e em local apropriado.','2025-09-06 19:28:52','2025-09-06 19:28:52'),(485,3,22,'CF','A disposição dos produtos no estoque obedece a ordem PVPS.','2025-09-06 19:28:52','2025-09-06 19:28:52'),(486,3,23,'CF','Nenhum produto vencido encontrado.','2025-09-06 19:28:52','2025-09-06 19:28:52'),(487,3,24,'NC','Produtos abertos não estão etiquetados com a data de abertura.','2025-09-06 19:28:52','2025-09-06 19:28:52'),(488,3,25,'CF','O estoque está organizado e limpo.','2025-09-06 19:28:52','2025-09-06 19:28:52'),(489,3,26,'CF','Caixas de papelão estão protegidas por saco plástico.','2025-09-06 19:28:52','2025-09-06 19:28:52'),(490,3,27,'CF','Nenhum produto apoiado no chão.','2025-09-06 19:28:52','2025-09-06 19:28:52'),(491,3,28,'CF','Prateleiras limpas e organizadas.','2025-09-06 19:28:52','2025-09-06 19:28:52'),(492,3,29,'CF','Alimentos e produtos de limpeza estão separados.','2025-09-06 19:28:52','2025-09-06 19:28:52'),(493,3,30,'NC','Produtos de limpeza não estão em local exclusivo, foram encontrados na área de produção.','2025-09-06 19:28:52','2025-09-06 19:28:52'),(494,3,31,'CF','Produtos não conformes estão claramente identificados.','2025-09-06 19:28:52','2025-09-06 19:28:52'),(495,3,32,'CF','Nenhum produto vencido encontrado no local.','2025-09-06 19:28:52','2025-09-06 19:28:52'),(496,3,33,'CF','O freezer está com uma crosta de gelo aceitável.','2025-09-06 19:28:52','2025-09-06 19:28:52'),(497,3,34,'NC','O registro de temperatura do freezer não está sendo feito diariamente.','2025-09-06 19:28:52','2025-09-06 19:28:52'),(498,3,35,'CF','Caixas de papelão estão protegidas com sacos plásticos.','2025-09-06 19:28:52','2025-09-06 19:28:52'),(499,3,36,'CF','Jaqueta térmica limpa e disponível.','2025-09-06 19:28:52','2025-09-06 19:28:52'),(500,3,37,'CF','Jaqueta térmica em bom estado.','2025-09-06 19:28:52','2025-09-06 19:28:52'),(501,3,38,'CF','Produtos semi-processados estão identificados corretamente.','2025-09-06 19:28:52','2025-09-06 19:28:52'),(502,3,39,'NC','Os alimentos na geladeira não estão separados por tipo.','2025-09-06 19:28:52','2025-09-06 19:28:52'),(503,3,40,'CF','Nenhum produto vencido na geladeira.','2025-09-06 19:28:52','2025-09-06 19:28:52'),(504,3,41,'CF','Não há acúmulo de gelo dentro da geladeira.','2025-09-06 19:28:52','2025-09-06 19:28:52'),(505,3,42,'CF','Não há gotejamento de água na geladeira.','2025-09-06 19:28:52','2025-09-06 19:28:52'),(506,3,43,'CF','O registro de temperatura da geladeira está sendo feito.','2025-09-06 19:28:52','2025-09-06 19:28:52'),(507,3,44,'CF','A geladeira está em bom estado de limpeza e conservação.','2025-09-06 19:28:52','2025-09-06 19:28:52'),(508,3,45,'NC','Equipamentos em mau estado de conservação, com rachaduras.','2025-09-06 19:28:52','2025-09-06 19:28:52'),(509,3,46,'CF','Sistema de exaustão funcionando e limpo.','2025-09-06 19:28:52','2025-09-06 19:28:52'),(510,3,47,'PC','O sistema de exaustão possui telas, mas estão sujas.','2025-09-06 19:28:52','2025-09-06 19:28:52'),(511,3,48,'CF','Utensílios em perfeitas condições de uso e higienizados.','2025-09-06 19:28:52','2025-09-06 19:28:52'),(512,3,49,'CF','Utensílios guardados em local apropriado.','2025-09-06 19:28:52','2025-09-06 19:28:52'),(513,3,50,'CF','O forno e fogão estão em bom estado de limpeza.','2025-09-06 19:28:52','2025-09-06 19:28:52'),(514,3,51,'NC','Os equipamentos de medição não estão calibrados.','2025-09-06 19:28:52','2025-09-06 19:28:52'),(515,3,52,'CF','Equipamentos de medição higienizados.','2025-09-06 19:28:52','2025-09-06 19:28:52'),(516,3,53,'CF','Caixas plásticas em bom estado de conservação.','2025-09-06 19:28:52','2025-09-06 19:28:52'),(517,3,54,'NC','Equipamentos em desuso estão acumulados no local.','2025-09-06 19:28:52','2025-09-06 19:28:52'),(518,3,55,'CF','O cronograma de manutenção dos equipamentos é seguido.','2025-09-06 19:28:52','2025-09-06 19:28:52'),(519,3,56,'CF','A área de produção está limpa e organizada.','2025-09-06 19:28:52','2025-09-06 19:28:52'),(520,3,57,'NE','Não se aplica o registro em planilha.','2025-09-06 19:28:52','2025-09-06 19:28:52'),(521,3,58,'CF','A limpeza foi realizada em locais de difícil acesso.','2025-09-06 19:28:52','2025-09-06 19:28:52'),(522,3,59,'CF','Há separação adequada entre os utensílios de limpeza da produção e dos banheiros.','2025-09-06 19:28:52','2025-09-06 19:28:52'),(523,3,60,'NC','Utensílios de limpeza estão guardados na área de produção.','2025-09-06 19:28:52','2025-09-06 19:28:52'),(524,3,61,'CF','Banheiros de uso exclusivo para manipuladores e separados por sexo.','2025-09-06 19:28:52','2025-09-06 19:28:52'),(525,3,62,'CF','Instalações sanitárias com todos os itens de higiene necessários.','2025-09-06 19:28:52','2025-09-06 19:28:52'),(526,3,63,'CF','Produtos de limpeza com registro no Ministério da Saúde.','2025-09-06 19:28:52','2025-09-06 19:28:52'),(527,3,64,'CF','Não são utilizados panos de algodão para secagem de louças.','2025-09-06 19:28:52','2025-09-06 19:28:52'),(528,3,65,'CF','O álcool 70% está sendo usado para desinfecção.','2025-09-06 19:28:52','2025-09-06 19:28:52'),(529,3,66,'CF','EPIs para higienização em uso e em bom estado.','2025-09-06 19:28:52','2025-09-06 19:28:52'),(530,3,67,'CF','Uniformes/aventais são guardados em local próprio.','2025-09-06 19:28:52','2025-09-06 19:28:52'),(531,3,68,'CF','Borrifadores devidamente identificados.','2025-09-06 19:28:52','2025-09-06 19:28:52'),(532,3,69,'CF','As bancadas são higienizadas antes e depois da manipulação dos alimentos.','2025-09-06 19:28:52','2025-09-06 19:28:52'),(533,4,1,'NC','O descongelamento não é feito em área exclusiva, há risco de contaminação.','2025-09-06 19:30:33','2025-09-06 19:30:33'),(534,4,2,'CF','As cubas plásticas estão em bom estado de conservação.','2025-09-06 19:30:33','2025-09-06 19:30:33'),(535,4,3,'CF','A manipulação é realizada em pequenos lotes para garantir a segurança.','2025-09-06 19:30:33','2025-09-06 19:30:33'),(536,4,4,'NC','O tempo de manipulação em temperatura ambiente excede o tempo permitido.','2025-09-06 19:30:33','2025-09-06 19:30:33'),(537,4,5,'CF','Item em conformidade.','2025-09-06 19:30:33','2025-09-06 19:30:33'),(538,4,6,'NC','Foram encontradas preparações de véspera fora da temperatura de segurança.','2025-09-06 19:30:33','2025-09-06 19:30:33'),(539,4,7,'CF','As tábuas de corte estão em boas condições e limpas.','2025-09-06 19:30:33','2025-09-06 19:30:33'),(540,4,8,'CF','Tábuas identificadas por cores, como no protocolo.','2025-09-06 19:30:33','2025-09-06 19:30:33'),(541,4,9,'NC','Portas e janelas estão mal ajustadas, permitindo a entrada de pragas.','2025-09-06 19:30:33','2025-09-06 19:30:33'),(542,4,10,'CF','A luva de malha de aço está sendo higienizada corretamente.','2025-09-06 19:30:33','2025-09-06 19:30:33'),(543,4,11,'CF','Iluminação adequada em toda a área de manipulação.','2025-09-06 19:30:33','2025-09-06 19:30:33'),(544,4,12,'NC','A climatização está com problemas, não mantendo a temperatura da sala conforme o necessário.','2025-09-06 19:30:33','2025-09-06 19:30:33'),(545,4,13,'CF','Há uma área exclusiva para a atividade, conforme o padrão.','2025-09-06 19:30:33','2025-09-06 19:30:33'),(546,4,14,'NC','A higienização de folhas não é feita individualmente.','2025-09-06 19:30:33','2025-09-06 19:30:33'),(547,4,15,'CF','A diluição do sanitizante está correta.','2025-09-06 19:30:33','2025-09-06 19:30:33'),(548,4,16,'CF','O tempo de contato da solução com os vegetais é respeitado.','2025-09-06 19:30:33','2025-09-06 19:30:33'),(549,4,17,'CF','A solução clorada está sendo descartada de forma adequada.','2025-09-06 19:30:33','2025-09-06 19:30:33'),(550,4,18,'CF','O fluxograma de higienização está fixado na parede e visível.','2025-09-06 19:30:33','2025-09-06 19:30:33'),(551,4,19,'CF','O cronômetro está sendo utilizado para monitorar o tempo.','2025-09-06 19:30:33','2025-09-06 19:30:33'),(552,4,20,'CF','Equipe treinada e ciente dos procedimentos.','2025-09-06 19:30:33','2025-09-06 19:30:33'),(553,4,21,'CF','A embalagem do produto sanitizante é mantida limpa e em local apropriado.','2025-09-06 19:30:33','2025-09-06 19:30:33'),(554,4,22,'NC','A disposição dos produtos no estoque não obedece a ordem PVPS.','2025-09-06 19:30:33','2025-09-06 19:30:33'),(555,4,23,'NC','Foi encontrado um produto vencido na prateleira.','2025-09-06 19:30:33','2025-09-06 19:30:33'),(556,4,24,'NC','Produtos abertos não estão etiquetados com a data de abertura.','2025-09-06 19:30:33','2025-09-06 19:30:33'),(557,4,25,'NC','O estoque está desorganizado e com acúmulo de sujeira.','2025-09-06 19:30:33','2025-09-06 19:30:33'),(558,4,26,'CF','Caixas de papelão estão protegidas por saco plástico.','2025-09-06 19:30:33','2025-09-06 19:30:33'),(559,4,27,'NC','Encontramos algumas embalagens de produtos diretamente no chão.','2025-09-06 19:30:33','2025-09-06 19:30:33'),(560,4,28,'CF','Prateleiras limpas e organizadas.','2025-09-06 19:30:33','2025-09-06 19:30:33'),(561,4,29,'CF','Alimentos e produtos de limpeza estão separados.','2025-09-06 19:30:33','2025-09-06 19:30:33'),(562,4,30,'NC','Produtos de limpeza não estão em local exclusivo.','2025-09-06 19:30:33','2025-09-06 19:30:33'),(563,4,31,'PC','Existem produtos não conformes, mas não estão claramente identificados.','2025-09-06 19:30:33','2025-09-06 19:30:33'),(564,4,32,'CF','Nenhum produto vencido encontrado no local.','2025-09-06 19:30:33','2025-09-06 19:30:33'),(565,4,33,'CF','O freezer está com uma crosta de gelo aceitável.','2025-09-06 19:30:33','2025-09-06 19:30:33'),(566,4,34,'NC','O registro de temperatura do freezer não está sendo feito diariamente.','2025-09-06 19:30:33','2025-09-06 19:30:33'),(567,4,35,'CF','Caixas de papelão estão protegidas com sacos plásticos.','2025-09-06 19:30:33','2025-09-06 19:30:33'),(568,4,36,'CF','Jaqueta térmica limpa e disponível.','2025-09-06 19:30:33','2025-09-06 19:30:33'),(569,4,37,'CF','Jaqueta térmica em bom estado.','2025-09-06 19:30:33','2025-09-06 19:30:33'),(570,4,38,'NC','Alguns produtos semi-processados não estão identificados corretamente.','2025-09-06 19:30:33','2025-09-06 19:30:33'),(571,4,39,'CF','Os alimentos na geladeira estão separados por tipo.','2025-09-06 19:30:33','2025-09-06 19:30:33'),(572,4,40,'CF','Nenhum produto vencido na geladeira.','2025-09-06 19:30:33','2025-09-06 19:30:33'),(573,4,41,'CF','Não há acúmulo de gelo dentro da geladeira.','2025-09-06 19:30:33','2025-09-06 19:30:33'),(574,4,42,'CF','Não há gotejamento de água na geladeira.','2025-09-06 19:30:33','2025-09-06 19:30:33'),(575,4,43,'NC','O registro de temperatura da geladeira não está sendo feito.','2025-09-06 19:30:33','2025-09-06 19:30:33'),(576,4,44,'CF','A geladeira está em bom estado de limpeza e conservação.','2025-09-06 19:30:33','2025-09-06 19:30:33'),(577,4,45,'NC','Equipamentos em mau estado de conservação, com rachaduras.','2025-09-06 19:30:33','2025-09-06 19:30:33'),(578,4,46,'CF','Sistema de exaustão funcionando e limpo.','2025-09-06 19:30:33','2025-09-06 19:30:33'),(579,4,47,'PC','O sistema de exaustão possui telas, mas estão sujas.','2025-09-06 19:30:33','2025-09-06 19:30:33'),(580,4,48,'CF','Utensílios em perfeitas condições de uso e higienizados.','2025-09-06 19:30:33','2025-09-06 19:30:33'),(581,4,49,'CF','Utensílios guardados em local apropriado.','2025-09-06 19:30:33','2025-09-06 19:30:33'),(582,4,50,'CF','O forno e fogão estão em bom estado de limpeza.','2025-09-06 19:30:33','2025-09-06 19:30:33'),(583,4,51,'NC','Os equipamentos de medição não estão calibrados.','2025-09-06 19:30:33','2025-09-06 19:30:33'),(584,4,52,'CF','Equipamentos de medição higienizados.','2025-09-06 19:30:33','2025-09-06 19:30:33'),(585,4,53,'CF','Caixas plásticas em bom estado de conservação.','2025-09-06 19:30:33','2025-09-06 19:30:33'),(586,4,54,'NC','Equipamentos em desuso estão acumulados no local.','2025-09-06 19:30:33','2025-09-06 19:30:33'),(587,4,55,'CF','O cronograma de manutenção dos equipamentos é seguido.','2025-09-06 19:30:33','2025-09-06 19:30:33'),(588,4,56,'CF','A área de produção está limpa e organizada.','2025-09-06 19:30:33','2025-09-06 19:30:33'),(589,4,57,'NE','Não se aplica o registro em planilha.','2025-09-06 19:30:33','2025-09-06 19:30:33'),(590,4,58,'CF','A limpeza foi realizada em locais de difícil acesso.','2025-09-06 19:30:33','2025-09-06 19:30:33'),(591,4,59,'CF','Há separação adequada entre os utensílios de limpeza da produção e dos banheiros.','2025-09-06 19:30:33','2025-09-06 19:30:33'),(592,4,60,'NC','Utensílios de limpeza estão guardados na área de produção.','2025-09-06 19:30:33','2025-09-06 19:30:33'),(593,4,61,'CF','Banheiros de uso exclusivo para manipuladores e separados por sexo.','2025-09-06 19:30:33','2025-09-06 19:30:33'),(594,4,62,'CF','Instalações sanitárias com todos os itens de higiene necessários.','2025-09-06 19:30:33','2025-09-06 19:30:33'),(595,4,63,'CF','Produtos de limpeza com registro no Ministério da Saúde.','2025-09-06 19:30:33','2025-09-06 19:30:33'),(596,4,64,'CF','Não são utilizados panos de algodão para secagem de louças.','2025-09-06 19:30:33','2025-09-06 19:30:33'),(597,4,65,'CF','O álcool 70% está sendo usado para desinfecção.','2025-09-06 19:30:33','2025-09-06 19:30:33'),(598,4,66,'CF','EPIs para higienização em uso e em bom estado.','2025-09-06 19:30:33','2025-09-06 19:30:33'),(599,4,67,'CF','Uniformes/aventais são guardados em local próprio.','2025-09-06 19:30:33','2025-09-06 19:30:33'),(600,4,68,'CF','Borrifadores devidamente identificados.','2025-09-06 19:30:33','2025-09-06 19:30:33'),(601,4,69,'CF','As bancadas são higienizadas antes e depois da manipulação dos alimentos.','2025-09-06 19:30:33','2025-09-06 19:30:33'),(602,5,1,'CF','O descongelamento é feito de forma segura e em local adequado.','2025-09-06 19:32:36','2025-09-06 19:32:36'),(603,5,2,'CF','As cubas plásticas estão em bom estado de conservação.','2025-09-06 19:32:36','2025-09-06 19:32:36'),(604,5,3,'CF','A manipulação é realizada em pequenos lotes para garantir a segurança.','2025-09-06 19:32:36','2025-09-06 19:32:36'),(605,5,4,'CF','O tempo de manipulação em temperatura ambiente é respeitado.','2025-09-06 19:32:36','2025-09-06 19:32:36'),(606,5,5,'NC','Foram encontradas preparações de véspera fora da temperatura de segurança.','2025-09-06 19:32:36','2025-09-06 19:32:36'),(607,5,6,'CF','As tábuas de corte estão em boas condições e limpas.','2025-09-06 19:32:36','2025-09-06 19:32:36'),(608,5,7,'CF','Tábuas identificadas por cores, como no protocolo.','2025-09-06 19:32:36','2025-09-06 19:32:36'),(609,5,8,'CF','Portas e janelas estão ajustadas.','2025-09-06 19:32:36','2025-09-06 19:32:36'),(610,5,9,'NC','Portas e janelas estão mal ajustadas, permitindo a entrada de pragas.','2025-09-06 19:32:36','2025-09-06 19:32:36'),(611,5,10,'CF','A luva de malha de aço está sendo higienizada corretamente.','2025-09-06 19:32:36','2025-09-06 19:32:36'),(612,5,11,'CF','Iluminação adequada em toda a área de manipulação.','2025-09-06 19:32:36','2025-09-06 19:32:36'),(613,5,12,'NC','A climatização está com problemas, não mantendo a temperatura da sala conforme o necessário.','2025-09-06 19:32:36','2025-09-06 19:32:36'),(614,5,13,'CF','Há uma área exclusiva para a atividade, conforme o padrão.','2025-09-06 19:32:36','2025-09-06 19:32:36'),(615,5,14,'CF','A higienização de folhas é feita individualmente.','2025-09-06 19:32:36','2025-09-06 19:32:36'),(616,5,15,'NC','A diluição do sanitizante não está correta.','2025-09-06 19:32:36','2025-09-06 19:32:36'),(617,5,16,'CF','O tempo de contato da solução com os vegetais é respeitado.','2025-09-06 19:32:36','2025-09-06 19:32:36'),(618,5,17,'CF','A solução clorada está sendo descartada de forma adequada.','2025-09-06 19:32:36','2025-09-06 19:32:36'),(619,5,18,'CF','O fluxograma de higienização está fixado na parede e visível.','2025-09-06 19:32:36','2025-09-06 19:32:36'),(620,5,19,'CF','O cronômetro está sendo utilizado para monitorar o tempo.','2025-09-06 19:32:36','2025-09-06 19:32:36'),(621,5,20,'CF','Equipe treinada e ciente dos procedimentos.','2025-09-06 19:32:36','2025-09-06 19:32:36'),(622,5,21,'CF','A embalagem do produto sanitizante é mantida limpa e em local apropriado.','2025-09-06 19:32:36','2025-09-06 19:32:36'),(623,5,22,'NC','A disposição dos produtos no estoque não obedece a ordem PVPS.','2025-09-06 19:32:36','2025-09-06 19:32:36'),(624,5,23,'NC','Foi encontrado um produto vencido na prateleira.','2025-09-06 19:32:36','2025-09-06 19:32:36'),(625,5,24,'NC','Produtos abertos não estão etiquetados com a data de abertura.','2025-09-06 19:32:36','2025-09-06 19:32:36'),(626,5,25,'NC','O estoque está desorganizado e com acúmulo de sujeira.','2025-09-06 19:32:36','2025-09-06 19:32:36'),(627,5,26,'CF','Caixas de papelão estão protegidas por saco plástico.','2025-09-06 19:32:36','2025-09-06 19:32:36'),(628,5,27,'NC','Encontramos algumas embalagens de produtos diretamente no chão.','2025-09-06 19:32:36','2025-09-06 19:32:36'),(629,5,28,'CF','Prateleiras limpas e organizadas.','2025-09-06 19:32:36','2025-09-06 19:32:36'),(630,5,29,'CF','Alimentos e produtos de limpeza estão separados.','2025-09-06 19:32:36','2025-09-06 19:32:36'),(631,5,30,'NC','Produtos de limpeza não estão em local exclusivo, foram encontrados na área de produção.','2025-09-06 19:32:36','2025-09-06 19:32:36'),(632,5,31,'CF','Produtos não conformes estão claramente identificados.','2025-09-06 19:32:36','2025-09-06 19:32:36'),(633,5,32,'CF','Nenhum produto vencido encontrado no local.','2025-09-06 19:32:36','2025-09-06 19:32:36'),(634,5,33,'CF','O freezer está com uma crosta de gelo aceitável.','2025-09-06 19:32:36','2025-09-06 19:32:36'),(635,5,34,'NC','O registro de temperatura do freezer não está sendo feito diariamente.','2025-09-06 19:32:36','2025-09-06 19:32:36'),(636,5,35,'CF','Caixas de papelão estão protegidas com sacos plásticos.','2025-09-06 19:32:36','2025-09-06 19:32:36'),(637,5,36,'CF','Jaqueta térmica limpa e disponível.','2025-09-06 19:32:36','2025-09-06 19:32:36'),(638,5,37,'CF','Jaqueta térmica em bom estado.','2025-09-06 19:32:36','2025-09-06 19:32:36'),(639,5,38,'CF','Produtos semi-processados estão identificados corretamente.','2025-09-06 19:32:36','2025-09-06 19:32:36'),(640,5,39,'NC','Os alimentos na geladeira não estão separados por tipo.','2025-09-06 19:32:36','2025-09-06 19:32:36'),(641,5,40,'CF','Nenhum produto vencido na geladeira.','2025-09-06 19:32:36','2025-09-06 19:32:36'),(642,5,41,'CF','Não há acúmulo de gelo dentro da geladeira.','2025-09-06 19:32:36','2025-09-06 19:32:36'),(643,5,42,'CF','Não há gotejamento de água na geladeira.','2025-09-06 19:32:36','2025-09-06 19:32:36'),(644,5,43,'NC','O registro de temperatura da geladeira não está sendo feito.','2025-09-06 19:32:36','2025-09-06 19:32:36'),(645,5,44,'CF','A geladeira está em bom estado de limpeza e conservação.','2025-09-06 19:32:36','2025-09-06 19:32:36'),(646,5,45,'CF','Equipamentos em bom estado de conservação.','2025-09-06 19:32:36','2025-09-06 19:32:36'),(647,5,46,'CF','Sistema de exaustão funcionando e limpo.','2025-09-06 19:32:36','2025-09-06 19:32:36'),(648,5,47,'PC','O sistema de exaustão possui telas, mas estão sujas.','2025-09-06 19:32:36','2025-09-06 19:32:36'),(649,5,48,'CF','Utensílios em perfeitas condições de uso e higienizados.','2025-09-06 19:32:36','2025-09-06 19:32:36'),(650,5,49,'CF','Utensílios guardados em local apropriado.','2025-09-06 19:32:36','2025-09-06 19:32:36'),(651,5,50,'CF','O forno e fogão estão em bom estado de limpeza.','2025-09-06 19:32:36','2025-09-06 19:32:36'),(652,5,51,'CF','Os equipamentos de medição estão calibrados.','2025-09-06 19:32:36','2025-09-06 19:32:36'),(653,5,52,'CF','Equipamentos de medição higienizados.','2025-09-06 19:32:36','2025-09-06 19:32:36'),(654,5,53,'NC','Caixas plásticas com rachaduras, prejudicando a higienização.','2025-09-06 19:32:36','2025-09-06 19:32:36'),(655,5,54,'CF','Equipamentos em desuso não estão atrapalhando a operação.','2025-09-06 19:32:36','2025-09-06 19:32:36'),(656,5,55,'CF','O cronograma de manutenção dos equipamentos é seguido.','2025-09-06 19:32:36','2025-09-06 19:32:36'),(657,5,56,'NC','A área de produção está com acúmulo de sujeira.','2025-09-06 19:32:36','2025-09-06 19:32:36'),(658,5,57,'NE','Não se aplica o registro em planilha.','2025-09-06 19:32:36','2025-09-06 19:32:36'),(659,5,58,'CF','A limpeza foi realizada em locais de difícil acesso.','2025-09-06 19:32:36','2025-09-06 19:32:36'),(660,5,59,'CF','Há separação adequada entre os utensílios de limpeza da produção e dos banheiros.','2025-09-06 19:32:36','2025-09-06 19:32:36'),(661,5,60,'CF','Utensílios de limpeza guardados em local adequado.','2025-09-06 19:32:36','2025-09-06 19:32:36'),(662,5,61,'CF','Banheiros de uso exclusivo para manipuladores e separados por sexo.','2025-09-06 19:32:36','2025-09-06 19:32:36'),(663,5,62,'CF','Instalações sanitárias com todos os itens de higiene necessários.','2025-09-06 19:32:36','2025-09-06 19:32:36'),(664,5,63,'CF','Produtos de limpeza com registro no Ministério da Saúde.','2025-09-06 19:32:36','2025-09-06 19:32:36'),(665,5,64,'CF','Não são utilizados panos de algodão para secagem de louças.','2025-09-06 19:32:36','2025-09-06 19:32:36'),(666,5,65,'CF','O álcool 70% está sendo usado para desinfecção.','2025-09-06 19:32:36','2025-09-06 19:32:36'),(667,5,66,'CF','EPIs para higienização em uso e em bom estado.','2025-09-06 19:32:36','2025-09-06 19:32:36'),(668,5,67,'CF','Uniformes/aventais são guardados em local próprio.','2025-09-06 19:32:36','2025-09-06 19:32:36'),(669,5,68,'CF','Borrifadores devidamente identificados.','2025-09-06 19:32:36','2025-09-06 19:32:36'),(670,5,69,'CF','As bancadas são higienizadas antes e depois da manipulação dos alimentos.','2025-09-06 19:32:36','2025-09-06 19:32:36'),(671,6,1,'CF','O descongelamento é feito de forma segura e em local adequado.','2025-09-06 19:53:04','2025-09-06 19:53:04'),(672,6,2,'CF','As cubas plásticas estão em bom estado de conservação.','2025-09-06 19:53:04','2025-09-06 19:53:04'),(673,6,3,'CF','A manipulação é realizada em pequenos lotes para garantir a segurança.','2025-09-06 19:53:04','2025-09-06 19:53:04'),(674,6,4,'NC','O tempo de manipulação em temperatura ambiente excede o tempo permitido.','2025-09-06 19:53:04','2025-09-06 19:53:04'),(675,6,5,'CF','Item em conformidade.','2025-09-06 19:53:04','2025-09-06 19:53:04'),(676,6,6,'NC','Foram encontradas preparações de véspera fora da temperatura de segurança.','2025-09-06 19:53:04','2025-09-06 19:53:04'),(677,6,7,'CF','As tábuas de corte estão em boas condições e limpas.','2025-09-06 19:53:04','2025-09-06 19:53:04'),(678,6,8,'CF','Tábuas identificadas por cores, como no protocolo.','2025-09-06 19:53:04','2025-09-06 19:53:04'),(679,6,9,'CF','Portas e janelas estão ajustadas.','2025-09-06 19:53:04','2025-09-06 19:53:04'),(680,6,10,'CF','A luva de malha de aço está sendo higienizada corretamente.','2025-09-06 19:53:04','2025-09-06 19:53:04'),(681,6,11,'CF','Iluminação adequada em toda a área de manipulação.','2025-09-06 19:53:04','2025-09-06 19:53:04'),(682,6,12,'NC','A climatização está com problemas, não mantendo a temperatura da sala conforme o necessário.','2025-09-06 19:53:04','2025-09-06 19:53:04'),(683,6,13,'CF','Há uma área exclusiva para a atividade, conforme o padrão.','2025-09-06 19:53:04','2025-09-06 19:53:04'),(684,6,14,'CF','A higienização de folhas é feita individualmente.','2025-09-06 19:53:04','2025-09-06 19:53:04'),(685,6,15,'NC','A diluição do sanitizante não está correta.','2025-09-06 19:53:04','2025-09-06 19:53:04'),(686,6,16,'CF','O tempo de contato da solução com os vegetais é respeitado.','2025-09-06 19:53:04','2025-09-06 19:53:04'),(687,6,17,'CF','A solução clorada está sendo descartada de forma adequada.','2025-09-06 19:53:04','2025-09-06 19:53:04'),(688,6,18,'CF','O fluxograma de higienização está fixado na parede e visível.','2025-09-06 19:53:04','2025-09-06 19:53:04'),(689,6,19,'CF','O cronômetro está sendo utilizado para monitorar o tempo.','2025-09-06 19:53:04','2025-09-06 19:53:04'),(690,6,20,'CF','Equipe treinada e ciente dos procedimentos.','2025-09-06 19:53:04','2025-09-06 19:53:04'),(691,6,21,'CF','A embalagem do produto sanitizante é mantida limpa e em local apropriado.','2025-09-06 19:53:04','2025-09-06 19:53:04'),(692,6,22,'NC','A disposição dos produtos no estoque não obedece a ordem PVPS.','2025-09-06 19:53:04','2025-09-06 19:53:04'),(693,6,23,'NC','Foi encontrado um produto vencido na prateleira.','2025-09-06 19:53:04','2025-09-06 19:53:04'),(694,6,24,'NC','Produtos abertos não estão etiquetados com a data de abertura.','2025-09-06 19:53:04','2025-09-06 19:53:04'),(695,6,25,'NC','O estoque está desorganizado e com acúmulo de sujeira.','2025-09-06 19:53:04','2025-09-06 19:53:04'),(696,6,26,'CF','Caixas de papelão estão protegidas por saco plástico.','2025-09-06 19:53:04','2025-09-06 19:53:04'),(697,6,27,'NC','Encontramos algumas embalagens de produtos diretamente no chão.','2025-09-06 19:53:04','2025-09-06 19:53:04'),(698,6,28,'CF','Prateleiras limpas e organizadas.','2025-09-06 19:53:04','2025-09-06 19:53:04'),(699,6,29,'CF','Alimentos e produtos de limpeza estão separados.','2025-09-06 19:53:04','2025-09-06 19:53:04'),(700,6,30,'NC','Produtos de limpeza não estão em local exclusivo, foram encontrados na área de produção.','2025-09-06 19:53:04','2025-09-06 19:53:04'),(701,6,31,'CF','Produtos não conformes estão claramente identificados.','2025-09-06 19:53:04','2025-09-06 19:53:04'),(702,6,32,'CF','Nenhum produto vencido encontrado no local.','2025-09-06 19:53:04','2025-09-06 19:53:04'),(703,6,33,'CF','O freezer está com uma crosta de gelo aceitável.','2025-09-06 19:53:04','2025-09-06 19:53:04'),(704,6,34,'NC','O registro de temperatura do freezer não está sendo feito diariamente.','2025-09-06 19:53:04','2025-09-06 19:53:04'),(705,6,35,'CF','Caixas de papelão estão protegidas com sacos plásticos.','2025-09-06 19:53:04','2025-09-06 19:53:04'),(706,6,36,'CF','Jaqueta térmica limpa e disponível.','2025-09-06 19:53:04','2025-09-06 19:53:04'),(707,6,37,'CF','Jaqueta térmica em bom estado.','2025-09-06 19:53:04','2025-09-06 19:53:04'),(708,6,38,'CF','Produtos semi-processados estão identificados corretamente.','2025-09-06 19:53:04','2025-09-06 19:53:04'),(709,6,39,'NC','Os alimentos na geladeira não estão separados por tipo.','2025-09-06 19:53:04','2025-09-06 19:53:04'),(710,6,40,'CF','Nenhum produto vencido na geladeira.','2025-09-06 19:53:04','2025-09-06 19:53:04'),(711,6,41,'CF','Não há acúmulo de gelo dentro da geladeira.','2025-09-06 19:53:04','2025-09-06 19:53:04'),(712,6,42,'CF','Não há gotejamento de água na geladeira.','2025-09-06 19:53:04','2025-09-06 19:53:04'),(713,6,43,'NC','O registro de temperatura da geladeira não está sendo feito.','2025-09-06 19:53:04','2025-09-06 19:53:04'),(714,6,44,'CF','A geladeira está em bom estado de limpeza e conservação.','2025-09-06 19:53:04','2025-09-06 19:53:04'),(715,6,45,'CF','Equipamentos em bom estado de conservação.','2025-09-06 19:53:04','2025-09-06 19:53:04'),(716,6,46,'CF','Sistema de exaustão funcionando e limpo.','2025-09-06 19:53:04','2025-09-06 19:53:04'),(717,6,47,'PC','O sistema de exaustão possui telas, mas estão sujas.','2025-09-06 19:53:04','2025-09-06 19:53:04'),(718,6,48,'CF','Utensílios em perfeitas condições de uso e higienizados.','2025-09-06 19:53:04','2025-09-06 19:53:04'),(719,6,49,'CF','Utensílios guardados em local apropriado.','2025-09-06 19:53:04','2025-09-06 19:53:04'),(720,6,50,'CF','O forno e fogão estão em bom estado de limpeza.','2025-09-06 19:53:04','2025-09-06 19:53:04'),(721,6,51,'CF','Os equipamentos de medição estão calibrados.','2025-09-06 19:53:04','2025-09-06 19:53:04'),(722,6,52,'CF','Equipamentos de medição higienizados.','2025-09-06 19:53:04','2025-09-06 19:53:04'),(723,6,53,'CF','Caixas plásticas em bom estado de conservação.','2025-09-06 19:53:04','2025-09-06 19:53:04'),(724,6,54,'NC','Equipamentos em desuso estão acumulados no local.','2025-09-06 19:53:04','2025-09-06 19:53:04'),(725,6,55,'CF','O cronograma de manutenção dos equipamentos é seguido.','2025-09-06 19:53:04','2025-09-06 19:53:04'),(726,6,56,'CF','A área de produção está limpa e organizada.','2025-09-06 19:53:04','2025-09-06 19:53:04'),(727,6,57,'NE','Não se aplica o registro em planilha.','2025-09-06 19:53:04','2025-09-06 19:53:04'),(728,6,58,'CF','A limpeza foi realizada em locais de difícil acesso.','2025-09-06 19:53:04','2025-09-06 19:53:04'),(729,6,59,'CF','Há separação adequada entre os utensílios de limpeza da produção e dos banheiros.','2025-09-06 19:53:04','2025-09-06 19:53:04'),(730,6,60,'NC','Utensílios de limpeza estão guardados na área de produção.','2025-09-06 19:53:04','2025-09-06 19:53:04'),(731,6,61,'CF','Banheiros de uso exclusivo para manipuladores e separados por sexo.','2025-09-06 19:53:04','2025-09-06 19:53:04'),(732,6,62,'CF','Instalações sanitárias com todos os itens de higiene necessários.','2025-09-06 19:53:04','2025-09-06 19:53:04'),(733,6,63,'CF','Produtos de limpeza com registro no Ministério da Saúde.','2025-09-06 19:53:04','2025-09-06 19:53:04'),(734,6,64,'CF','Não são utilizados panos de algodão para secagem de louças.','2025-09-06 19:53:04','2025-09-06 19:53:04'),(735,6,65,'CF','O álcool 70% está sendo usado para desinfecção.','2025-09-06 19:53:04','2025-09-06 19:53:04'),(736,6,66,'CF','EPIs para higienização em uso e em bom estado.','2025-09-06 19:53:04','2025-09-06 19:53:04'),(737,6,67,'CF','Uniformes/aventais são guardados em local próprio.','2025-09-06 19:53:04','2025-09-06 19:53:04'),(738,6,68,'CF','Borrifadores devidamente identificados.','2025-09-06 19:53:04','2025-09-06 19:53:04'),(739,6,69,'CF','As bancadas são higienizadas antes e depois da manipulação dos alimentos.','2025-09-06 19:53:04','2025-09-06 19:53:04'),(740,7,1,'NC','O descongelamento não é feito em área exclusiva, há risco de contaminação.','2025-09-06 19:54:37','2025-09-06 19:54:37'),(741,7,2,'CF','Item em conformidade.','2025-09-06 19:54:37','2025-09-06 19:54:37'),(742,7,3,'CF','Item em conformidade.','2025-09-06 19:54:37','2025-09-06 19:54:37'),(743,7,4,'CF','Item em conformidade.','2025-09-06 19:54:37','2025-09-06 19:54:37'),(744,7,5,'CF','Item em conformidade.','2025-09-06 19:54:37','2025-09-06 19:54:37'),(745,7,6,'CF','Item em conformidade.','2025-09-06 19:54:37','2025-09-06 19:54:37'),(746,7,7,'CF','Item em conformidade.','2025-09-06 19:54:37','2025-09-06 19:54:37'),(747,7,8,'CF','Item em conformidade.','2025-09-06 19:54:37','2025-09-06 19:54:37'),(748,7,9,'CF','Item em conformidade.','2025-09-06 19:54:37','2025-09-06 19:54:37'),(749,7,10,'CF','Item em conformidade.','2025-09-06 19:54:37','2025-09-06 19:54:37'),(750,7,11,'CF','Item em conformidade.','2025-09-06 19:54:37','2025-09-06 19:54:37'),(751,7,12,'CF','Item em conformidade.','2025-09-06 19:54:37','2025-09-06 19:54:37'),(752,7,13,'CF','Item em conformidade.','2025-09-06 19:54:37','2025-09-06 19:54:37'),(753,7,14,'CF','Item em conformidade.','2025-09-06 19:54:37','2025-09-06 19:54:37'),(754,7,15,'CF','Item em conformidade.','2025-09-06 19:54:37','2025-09-06 19:54:37'),(755,7,16,'CF','Item em conformidade.','2025-09-06 19:54:37','2025-09-06 19:54:37'),(756,7,17,'CF','Item em conformidade.','2025-09-06 19:54:37','2025-09-06 19:54:37'),(757,7,18,'CF','Item em conformidade.','2025-09-06 19:54:37','2025-09-06 19:54:37'),(758,7,19,'CF','Item em conformidade.','2025-09-06 19:54:37','2025-09-06 19:54:37'),(759,7,20,'CF','Item em conformidade.','2025-09-06 19:54:37','2025-09-06 19:54:37'),(760,7,21,'CF','Item em conformidade.','2025-09-06 19:54:37','2025-09-06 19:54:37'),(761,7,22,'CF','Item em conformidade.','2025-09-06 19:54:37','2025-09-06 19:54:37'),(762,7,23,'CF','Item em conformidade.','2025-09-06 19:54:37','2025-09-06 19:54:37'),(763,7,24,'CF','Item em conformidade.','2025-09-06 19:54:37','2025-09-06 19:54:37'),(764,7,25,'CF','Item em conformidade.','2025-09-06 19:54:37','2025-09-06 19:54:37'),(765,7,26,'CF','Item em conformidade.','2025-09-06 19:54:37','2025-09-06 19:54:37'),(766,7,27,'CF','Item em conformidade.','2025-09-06 19:54:37','2025-09-06 19:54:37'),(767,7,28,'CF','Item em conformidade.','2025-09-06 19:54:37','2025-09-06 19:54:37'),(768,7,29,'CF','Item em conformidade.','2025-09-06 19:54:37','2025-09-06 19:54:37'),(769,7,30,'CF','Item em conformidade.','2025-09-06 19:54:37','2025-09-06 19:54:37'),(770,7,31,'CF','Item em conformidade.','2025-09-06 19:54:37','2025-09-06 19:54:37'),(771,7,32,'CF','Item em conformidade.','2025-09-06 19:54:37','2025-09-06 19:54:37'),(772,7,33,'CF','Item em conformidade.','2025-09-06 19:54:37','2025-09-06 19:54:37'),(773,7,34,'CF','Item em conformidade.','2025-09-06 19:54:37','2025-09-06 19:54:37'),(774,7,35,'CF','Item em conformidade.','2025-09-06 19:54:37','2025-09-06 19:54:37'),(775,7,36,'CF','Item em conformidade.','2025-09-06 19:54:37','2025-09-06 19:54:37'),(776,7,37,'CF','Item em conformidade.','2025-09-06 19:54:37','2025-09-06 19:54:37'),(777,7,38,'CF','Item em conformidade.','2025-09-06 19:54:37','2025-09-06 19:54:37'),(778,7,39,'CF','Item em conformidade.','2025-09-06 19:54:37','2025-09-06 19:54:37'),(779,7,40,'CF','Item em conformidade.','2025-09-06 19:54:37','2025-09-06 19:54:37'),(780,7,41,'CF','Item em conformidade.','2025-09-06 19:54:37','2025-09-06 19:54:37'),(781,7,42,'CF','Item em conformidade.','2025-09-06 19:54:37','2025-09-06 19:54:37'),(782,7,43,'CF','Item em conformidade.','2025-09-06 19:54:37','2025-09-06 19:54:37'),(783,7,44,'CF','Item em conformidade.','2025-09-06 19:54:37','2025-09-06 19:54:37'),(784,7,45,'CF','Item em conformidade.','2025-09-06 19:54:37','2025-09-06 19:54:37'),(785,7,46,'CF','Item em conformidade.','2025-09-06 19:54:37','2025-09-06 19:54:37'),(786,7,47,'CF','Item em conformidade.','2025-09-06 19:54:37','2025-09-06 19:54:37'),(787,7,48,'CF','Item em conformidade.','2025-09-06 19:54:37','2025-09-06 19:54:37'),(788,7,49,'CF','Item em conformidade.','2025-09-06 19:54:37','2025-09-06 19:54:37'),(789,7,50,'CF','Item em conformidade.','2025-09-06 19:54:37','2025-09-06 19:54:37'),(790,7,51,'CF','Item em conformidade.','2025-09-06 19:54:37','2025-09-06 19:54:37'),(791,7,52,'CF','Item em conformidade.','2025-09-06 19:54:37','2025-09-06 19:54:37'),(792,7,53,'CF','Item em conformidade.','2025-09-06 19:54:37','2025-09-06 19:54:37'),(793,7,54,'CF','Item em conformidade.','2025-09-06 19:54:37','2025-09-06 19:54:37'),(794,7,55,'CF','Item em conformidade.','2025-09-06 19:54:37','2025-09-06 19:54:37'),(795,7,56,'CF','Item em conformidade.','2025-09-06 19:54:37','2025-09-06 19:54:37'),(796,7,57,'NE','Não se aplica o registro em planilha.','2025-09-06 19:54:37','2025-09-06 19:54:37'),(797,7,58,'CF','A limpeza foi realizada em locais de difícil acesso.','2025-09-06 19:54:37','2025-09-06 19:54:37'),(798,7,59,'CF','Há separação adequada entre os utensílios de limpeza da produção e dos banheiros.','2025-09-06 19:54:37','2025-09-06 19:54:37'),(799,7,60,'CF','Utensílios de limpeza guardados em local adequado.','2025-09-06 19:54:37','2025-09-06 19:54:37'),(800,7,61,'CF','Banheiros de uso exclusivo para manipuladores e separados por sexo.','2025-09-06 19:54:37','2025-09-06 19:54:37'),(801,7,62,'CF','Instalações sanitárias com todos os itens de higiene necessários.','2025-09-06 19:54:37','2025-09-06 19:54:37'),(802,7,63,'CF','Produtos de limpeza com registro no Ministério da Saúde.','2025-09-06 19:54:37','2025-09-06 19:54:37'),(803,7,64,'CF','Não são utilizados panos de algodão para secagem de louças.','2025-09-06 19:54:37','2025-09-06 19:54:37'),(804,7,65,'CF','O álcool 70% está sendo usado para desinfecção.','2025-09-06 19:54:37','2025-09-06 19:54:37'),(805,7,66,'CF','EPIs para higienização em uso e em bom estado.','2025-09-06 19:54:37','2025-09-06 19:54:37'),(806,7,67,'CF','Uniformes/aventais são guardados em local próprio.','2025-09-06 19:54:37','2025-09-06 19:54:37'),(807,7,68,'CF','Borrifadores devidamente identificados.','2025-09-06 19:54:37','2025-09-06 19:54:37'),(808,7,69,'CF','As bancadas são higienizadas antes e depois da manipulação dos alimentos.','2025-09-06 19:54:37','2025-09-06 19:54:37'),(809,8,1,'CF','Item em conformidade.','2025-09-06 19:56:37','2025-09-06 19:56:37'),(810,8,2,'CF','Item em conformidade.','2025-09-06 19:56:37','2025-09-06 19:56:37'),(811,8,3,'CF','Item em conformidade.','2025-09-06 19:56:37','2025-09-06 19:56:37'),(812,8,4,'NC','O tempo de manipulação em temperatura ambiente excede o tempo permitido.','2025-09-06 19:56:37','2025-09-06 19:56:37'),(813,8,5,'CF','Item em conformidade.','2025-09-06 19:56:37','2025-09-06 19:56:37'),(814,8,6,'NC','Foram encontradas preparações de véspera fora da temperatura de segurança.','2025-09-06 19:56:37','2025-09-06 19:56:37'),(815,8,7,'CF','As tábuas de corte estão em boas condições e limpas.','2025-09-06 19:56:37','2025-09-06 19:56:37'),(816,8,8,'CF','Tábuas identificadas por cores, como no protocolo.','2025-09-06 19:56:37','2025-09-06 19:56:37'),(817,8,9,'NC','Portas e janelas estão mal ajustadas, permitindo a entrada de pragas.','2025-09-06 19:56:37','2025-09-06 19:56:37'),(818,8,10,'CF','A luva de malha de aço está sendo higienizada corretamente.','2025-09-06 19:56:37','2025-09-06 19:56:37'),(819,8,11,'CF','Iluminação adequada em toda a área de manipulação.','2025-09-06 19:56:37','2025-09-06 19:56:37'),(820,8,12,'NC','A climatização está com problemas, não mantendo a temperatura da sala conforme o necessário.','2025-09-06 19:56:37','2025-09-06 19:56:37'),(821,8,13,'CF','Há uma área exclusiva para a atividade, conforme o padrão.','2025-09-06 19:56:37','2025-09-06 19:56:37'),(822,8,14,'CF','A higienização de folhas é feita individualmente.','2025-09-06 19:56:37','2025-09-06 19:56:37'),(823,8,15,'NC','A diluição do sanitizante não está correta.','2025-09-06 19:56:37','2025-09-06 19:56:37'),(824,8,16,'CF','O tempo de contato da solução com os vegetais é respeitado.','2025-09-06 19:56:37','2025-09-06 19:56:37'),(825,8,17,'CF','A solução clorada está sendo descartada de forma adequada.','2025-09-06 19:56:37','2025-09-06 19:56:37'),(826,8,18,'CF','O fluxograma de higienização está fixado na parede e visível.','2025-09-06 19:56:37','2025-09-06 19:56:37'),(827,8,19,'CF','O cronômetro está sendo utilizado para monitorar o tempo.','2025-09-06 19:56:37','2025-09-06 19:56:37'),(828,8,20,'CF','Equipe treinada e ciente dos procedimentos.','2025-09-06 19:56:37','2025-09-06 19:56:37'),(829,8,21,'CF','A embalagem do produto sanitizante é mantida limpa e em local apropriado.','2025-09-06 19:56:37','2025-09-06 19:56:37'),(830,8,22,'NC','A disposição dos produtos no estoque não obedece a ordem PVPS.','2025-09-06 19:56:37','2025-09-06 19:56:37'),(831,8,23,'NC','Foi encontrado um produto vencido na prateleira.','2025-09-06 19:56:37','2025-09-06 19:56:37'),(832,8,24,'NC','Produtos abertos não estão etiquetados com a data de abertura.','2025-09-06 19:56:37','2025-09-06 19:56:37'),(833,8,25,'CF','O estoque está organizado e limpo.','2025-09-06 19:56:37','2025-09-06 19:56:37'),(834,8,26,'CF','Caixas de papelão estão protegidas por saco plástico.','2025-09-06 19:56:37','2025-09-06 19:56:37'),(835,8,27,'CF','Nenhum produto apoiado no chão.','2025-09-06 19:56:37','2025-09-06 19:56:37'),(836,8,28,'CF','Prateleiras limpas e organizadas.','2025-09-06 19:56:37','2025-09-06 19:56:37'),(837,8,29,'CF','Alimentos e produtos de limpeza estão separados.','2025-09-06 19:56:37','2025-09-06 19:56:37'),(838,8,30,'NC','Produtos de limpeza não estão em local exclusivo, foram encontrados na área de produção.','2025-09-06 19:56:37','2025-09-06 19:56:37'),(839,8,31,'CF','Produtos não conformes estão claramente identificados.','2025-09-06 19:56:37','2025-09-06 19:56:37'),(840,8,32,'CF','Nenhum produto vencido encontrado no local.','2025-09-06 19:56:37','2025-09-06 19:56:37'),(841,8,33,'CF','O freezer está com uma crosta de gelo aceitável.','2025-09-06 19:56:37','2025-09-06 19:56:37'),(842,8,34,'NC','O registro de temperatura do freezer não está sendo feito diariamente.','2025-09-06 19:56:37','2025-09-06 19:56:37'),(843,8,35,'CF','Caixas de papelão estão protegidas com sacos plásticos.','2025-09-06 19:56:37','2025-09-06 19:56:37'),(844,8,36,'CF','Jaqueta térmica limpa e disponível.','2025-09-06 19:56:37','2025-09-06 19:56:37'),(845,8,37,'CF','Jaqueta térmica em bom estado.','2025-09-06 19:56:37','2025-09-06 19:56:37'),(846,8,38,'CF','Produtos semi-processados estão identificados corretamente.','2025-09-06 19:56:37','2025-09-06 19:56:37'),(847,8,39,'NC','Os alimentos na geladeira não estão separados por tipo.','2025-09-06 19:56:37','2025-09-06 19:56:37'),(848,8,40,'CF','Nenhum produto vencido na geladeira.','2025-09-06 19:56:37','2025-09-06 19:56:37'),(849,8,41,'CF','Não há acúmulo de gelo dentro da geladeira.','2025-09-06 19:56:37','2025-09-06 19:56:37'),(850,8,42,'CF','Não há gotejamento de água na geladeira.','2025-09-06 19:56:37','2025-09-06 19:56:37'),(851,8,43,'NC','O registro de temperatura da geladeira não está sendo feito.','2025-09-06 19:56:37','2025-09-06 19:56:37'),(852,8,44,'CF','A geladeira está em bom estado de limpeza e conservação.','2025-09-06 19:56:37','2025-09-06 19:56:37'),(853,8,45,'CF','Equipamentos em bom estado de conservação.','2025-09-06 19:56:37','2025-09-06 19:56:37'),(854,8,46,'CF','Sistema de exaustão funcionando e limpo.','2025-09-06 19:56:37','2025-09-06 19:56:37'),(855,8,47,'PC','O sistema de exaustão possui telas, mas estão sujas.','2025-09-06 19:56:37','2025-09-06 19:56:37'),(856,8,48,'CF','Utensílios em perfeitas condições de uso e higienizados.','2025-09-06 19:56:37','2025-09-06 19:56:37'),(857,8,49,'CF','Utensílios guardados em local apropriado.','2025-09-06 19:56:37','2025-09-06 19:56:37'),(858,8,50,'CF','O forno e fogão estão em bom estado de limpeza.','2025-09-06 19:56:37','2025-09-06 19:56:37'),(859,8,51,'CF','Os equipamentos de medição estão calibrados.','2025-09-06 19:56:37','2025-09-06 19:56:37'),(860,8,52,'CF','Equipamentos de medição higienizados.','2025-09-06 19:56:37','2025-09-06 19:56:37'),(861,8,53,'NC','Caixas plásticas com rachaduras, prejudicando a higienização.','2025-09-06 19:56:37','2025-09-06 19:56:37'),(862,8,54,'CF','Equipamentos em desuso não estão atrapalhando a operação.','2025-09-06 19:56:37','2025-09-06 19:56:37'),(863,8,55,'CF','O cronograma de manutenção dos equipamentos é seguido.','2025-09-06 19:56:37','2025-09-06 19:56:37'),(864,8,56,'NC','A área de produção está com acúmulo de sujeira.','2025-09-06 19:56:37','2025-09-06 19:56:37'),(865,8,57,'NE','Não se aplica o registro em planilha.','2025-09-06 19:56:37','2025-09-06 19:56:37'),(866,8,58,'CF','A limpeza foi realizada em locais de difícil acesso.','2025-09-06 19:56:37','2025-09-06 19:56:37'),(867,8,59,'CF','Há separação adequada entre os utensílios de limpeza da produção e dos banheiros.','2025-09-06 19:56:37','2025-09-06 19:56:37'),(868,8,60,'NC','Utensílios de limpeza estão guardados na área de produção.','2025-09-06 19:56:37','2025-09-06 19:56:37'),(869,8,61,'CF','Banheiros de uso exclusivo para manipuladores e separados por sexo.','2025-09-06 19:56:37','2025-09-06 19:56:37'),(870,8,62,'CF','Instalações sanitárias com todos os itens de higiene necessários.','2025-09-06 19:56:37','2025-09-06 19:56:37'),(871,8,63,'CF','Produtos de limpeza com registro no Ministério da Saúde.','2025-09-06 19:56:37','2025-09-06 19:56:37'),(872,8,64,'CF','Não são utilizados panos de algodão para secagem de louças.','2025-09-06 19:56:37','2025-09-06 19:56:37'),(873,8,65,'CF','O álcool 70% está sendo usado para desinfecção.','2025-09-06 19:56:37','2025-09-06 19:56:37'),(874,8,66,'CF','EPIs para higienização em uso e em bom estado.','2025-09-06 19:56:37','2025-09-06 19:56:37'),(875,8,67,'CF','Uniformes/aventais são guardados em local próprio.','2025-09-06 19:56:37','2025-09-06 19:56:37'),(876,8,68,'CF','Borrifadores devidamente identificados.','2025-09-06 19:56:37','2025-09-06 19:56:37'),(877,8,69,'CF','As bancadas são higienizadas antes e depois da manipulação dos alimentos.','2025-09-06 19:56:37','2025-09-06 19:56:37');
/*!40000 ALTER TABLE `respostas` ENABLE KEYS */;
UNLOCK TABLES;

--
-- Table structure for table `topicos`
--

DROP TABLE IF EXISTS `topicos`;
/*!40101 SET @saved_cs_client     = @@character_set_client */;
/*!50503 SET character_set_client = utf8mb4 */;
CREATE TABLE `topicos` (
  `id` int NOT NULL AUTO_INCREMENT,
  `nome_tema` varchar(100) NOT NULL,
  `usuario_id` int DEFAULT NULL,
  `requisitos` text,
  `dt_registro` datetime DEFAULT CURRENT_TIMESTAMP,
  PRIMARY KEY (`id`),
  KEY `fk_usuario_id` (`usuario_id`),
  CONSTRAINT `fk_usuario_id` FOREIGN KEY (`usuario_id`) REFERENCES `usuarios` (`id`)
) ENGINE=InnoDB AUTO_INCREMENT=21 DEFAULT CHARSET=utf8mb4 COLLATE=utf8mb4_0900_ai_ci;
/*!40101 SET character_set_client = @saved_cs_client */;

--
-- Dumping data for table `topicos`
--

LOCK TABLES `topicos` WRITE;
/*!40000 ALTER TABLE `topicos` DISABLE KEYS */;
INSERT INTO `topicos` VALUES (1,'1 - RECEBIMENTO DE MERCADORIAS',1,'(Requisito 7.4.3 Verificação do Produto Adquirido)','2025-08-05 13:58:03'),(2,'2 - MANIPULAÇÃO DE CARNES ',1,'(Requisito 7.5.3 Manipulação)','2025-08-05 13:58:03'),(3,'3 - HIGIENIZAÇÃO DE HORTIFRUTI',1,'(Requisito 7.5.3 Manipulação)','2025-08-05 13:58:03'),(4,'4 - ARMAZENAMENTO (ESTOQUE SECO) ',1,'(Requisito 7.4.3 Armazenamento)','2025-08-05 14:45:27'),(5,'5 - ARMAZENAMENTO (FREEZER / CÂMARA CONGELADOS)',1,'(Requisito 7.4.3 Armazenamento)','2025-08-05 14:45:39'),(6,'6 - ARMAZENAMENTO (GELADEIRA/ CÂMARA REFRIGERADA) ',1,'(Requisito 8.1.3 Ponto de Controle)','2025-09-06 13:05:00'),(7,'7 - EQUIPAMENTOS E UTENSÍLIOS (LIMPEZA E CONSERVAÇÃO)',1,'(Requisito 7.5.3 Exposição)','2025-09-06 13:05:00'),(8,'8 - LIMPEZA E ORGANIZAÇÃO -  GERAL',1,'(Requisito 7.5.3 Pós-Preparo)','2025-09-06 13:05:00'),(9,'9 - PRÉ-PREPARO/PREPARO DE ALIMENTOS',1,'(Requisito 7.4.3 Armazenamento)','2025-09-06 13:05:00'),(10,'10 - DISTRIBUIÇÃO - UAN',1,'(Requisito 8.5.2 Manutenção)','2025-09-06 13:05:00'),(11,'11 - LIXO',1,'(Requisito 7.5.3 Manipuladores)','2025-09-06 13:05:00'),(12,'12 - CONTROLE DE VETORES E PRAGAS/ANÁLISE DA ÁGUA E LICENÇAS',1,'(Requisitos 6.4 Ambiente de Trabalho/ 8.2.3 Monitoramento e Medição de Processos/ 4.2.4 Controle de Registros/ 7.5. Controle de Produção e Prestação de Serviços e 7.5.3 Identificação e Rastreabilidade)','2025-09-06 17:22:08'),(13,'13 - REFEIÇÕES TRANSPORTADA  - UAN',1,'(Requisitos 6.2.2 Competência, treinamento e Conscientização/ 6.3 infraestrutura/ 6.4 Ambiente de Trabalho/ 7.5.1 Controle de Produção e Prestação de Serviços 7.5.5 Preservação do Produto)','2025-09-06 17:24:18'),(14,'14 - MANIPULADORES/HÁBITOS HIGIÊNICOS',1,'(Requisitos 6.4 Ambiente de Trabalho/ 6.3 Infraestrutura/ 8.2.3 Monitoramento e Medição de Processos)','2025-09-06 17:25:03');
/*!40000 ALTER TABLE `topicos` ENABLE KEYS */;
UNLOCK TABLES;

--
-- Table structure for table `usuarios`
--

DROP TABLE IF EXISTS `usuarios`;
/*!40101 SET @saved_cs_client     = @@character_set_client */;
/*!50503 SET character_set_client = utf8mb4 */;
CREATE TABLE `usuarios` (
  `id` int NOT NULL AUTO_INCREMENT,
  `nome` varchar(100) NOT NULL,
  `email` varchar(100) NOT NULL,
  `cpf` varchar(14) NOT NULL,
  `dt_registro` datetime DEFAULT CURRENT_TIMESTAMP,
  `tipo_usuario` enum('ADM','AUD') NOT NULL DEFAULT 'AUD',
  `senha` varchar(255) NOT NULL,
  PRIMARY KEY (`id`),
  UNIQUE KEY `cpf` (`cpf`),
  UNIQUE KEY `email` (`email`)
) ENGINE=InnoDB AUTO_INCREMENT=23 DEFAULT CHARSET=utf8mb4 COLLATE=utf8mb4_0900_ai_ci;
/*!40101 SET character_set_client = @saved_cs_client */;

--
-- Dumping data for table `usuarios`
--

LOCK TABLES `usuarios` WRITE;
/*!40000 ALTER TABLE `usuarios` DISABLE KEYS */;
INSERT INTO `usuarios` VALUES (1,'Administrador','admin@admin.com','000.000.000-00','2025-09-06 16:29:38','ADM','$2b$08$GSsFt2rWc4vq1rRBDYvzeuv9bRJqHZvK5JUg4FuIP0okt8KnbcMrW'),(2,'Usuario','usuario@usuario.com','222.000.000-00','2025-09-06 17:02:40','AUD','$2b$08$GSsFt2rWc4vq1rRBDYvzeuv9bRJqHZvK5JUg4FuIP0okt8KnbcMrW');
/*!40000 ALTER TABLE `usuarios` ENABLE KEYS */;
UNLOCK TABLES;
/*!40103 SET TIME_ZONE=@OLD_TIME_ZONE */;

/*!40101 SET SQL_MODE=@OLD_SQL_MODE */;
/*!40014 SET FOREIGN_KEY_CHECKS=@OLD_FOREIGN_KEY_CHECKS */;
/*!40014 SET UNIQUE_CHECKS=@OLD_UNIQUE_CHECKS */;
/*!40101 SET CHARACTER_SET_CLIENT=@OLD_CHARACTER_SET_CLIENT */;
/*!40101 SET CHARACTER_SET_RESULTS=@OLD_CHARACTER_SET_RESULTS */;
/*!40101 SET COLLATION_CONNECTION=@OLD_COLLATION_CONNECTION */;
/*!40111 SET SQL_NOTES=@OLD_SQL_NOTES */;

-- Dump completed on 2025-09-07 22:36:29
